date,actual_gross_return,simulated_gross_return,count
2019-01-02,1.0278465012983697,0.9990568640730011,2312
2019-01-03,0.990982267280962,1.0000098609150383,2310
2019-01-04,1.0226288964192476,0.9984368012625636,2311
2019-01-07,1.0139319682569015,0.9991119318333775,2312
2019-01-08,1.002955687549159,0.9989300552507246,2311
2019-01-09,1.004967328298105,0.9998251561182463,2311
2019-01-10,1.0088985556675372,0.9990305853674258,2310
2019-01-11,1.005463921479494,0.9986134536767074,2306
2019-01-14,0.9991661367587923,0.9977806173857426,2305
2019-01-15,1.0053280458801794,0.9983572870534072,2305
2019-01-16,1.0038336374910457,0.9998581429365596,2305
2019-01-17,1.0109012124286836,0.9991817332225198,2306
2019-01-18,1.0049580254360468,0.99932866709036,2303
2019-01-22,0.9884707600506055,0.998438270740791,2303
2019-01-23,0.9946988830239811,0.9991225724578561,2303
2019-01-24,1.0062672820562908,0.9986692134869137,2301
2019-01-25,1.0052220670635224,0.9994549087056264,2300
2019-01-28,1.0024419384376286,0.9989569620749144,2299
2019-01-29,0.9976784322825913,0.9994609579481535,2298
2019-01-30,1.0056613961690937,0.9995968095449259,2296
2019-01-31,1.0069170894960053,0.9984789152386018,2295
2019-02-01,1.001610001729066,0.9991354050243337,2292
2019-02-04,1.0083486467817522,0.9991832542234814,2287
2019-02-05,1.00110743944805,0.999635562929558,2286
2019-02-06,0.9989349607674095,0.9986363934243362,2287
2019-02-07,0.9950262695345999,0.9998338991674364,2288
2019-02-08,1.0038863607165764,0.9987938377464647,2291
2019-02-11,1.0027345391228315,0.9998920645479841,2291
2019-02-12,1.0060756614906265,1.0003827776848009,2290
2019-02-13,1.001448035244376,1.0000219853668302,2290
2019-02-14,1.0048649871570918,0.9988858902214809,2290
2019-02-15,1.0065654706070621,0.9997883912114024,2293
2019-02-19,1.0064002601791264,0.9989067026193509,2294
2019-02-20,1.0029416009965875,0.9998523444947561,2292
2019-02-21,0.997700678182814,1.0002438021934916,2294
2019-02-22,1.0057367894760902,1.0006488026351066,2296
2019-02-25,0.9953460835422608,0.9998798677591113,2295
2019-02-26,0.9965663401464651,1.0000328448859732,2292
2019-02-27,1.002258102132127,1.0003232636923656,2293
2019-02-28,0.9967780394348111,1.0000261535257144,2291
2019-03-01,0.9999151109315276,0.9997540123007337,2291
2019-03-04,0.9926844473724811,0.999444857236291,2292
2019-03-05,0.9972492037741323,1.000206132191912,2294
2019-03-06,0.9848134879238936,0.9992661054631398,2293
2019-03-07,0.9937982005340488,0.9990103803580306,2296
2019-03-08,1.0046842495121444,0.9995800413310487,2292
2019-03-11,1.0116629303006575,1.001279666925476,2292
2019-03-12,0.9994974973756542,0.9996268676045611,2291
2019-03-13,1.0019756787293772,0.9991261507736263,2293
2019-03-14,0.9978856271731236,0.9991333975364003,2293
2019-03-15,1.0011072595237984,0.9991756696176844,2292
2019-03-18,1.006076611399211,0.9987286110048033,2292
2019-03-19,0.9929656578768654,0.9988340573340124,2294
2019-03-20,0.9953739483275574,1.0000028708732083,2292
2019-03-21,1.0106627133529056,0.9992049529230833,2292
2019-03-22,0.976610919208455,0.9995592910625073,2290
2019-03-25,1.0022407927671715,0.9988846615853728,2298
2019-03-26,1.0013908100305795,1.0003206391160668,2296
2019-03-27,0.9971185765095931,0.9986463951982028,2293
2019-03-28,1.0040263447580204,0.9998494997043458,2295
2019-03-29,0.9973155683336451,0.9994045275283286,2293
2019-04-01,1.0050753134365924,0.9991840710370198,2293
2019-04-02,0.9984433695771304,0.9995834933233603,2296
2019-04-03,0.9984285411932768,0.9996513478878926,2296
2019-04-04,1.003989817751264,1.0002751637935543,2297
2019-04-05,1.0067376837116604,0.99956172386282,2297
2019-04-08,1.0016615293193878,1.0003507061701218,2296
2019-04-09,0.9933396245902826,1.0006103829044677,2294
2019-04-10,1.0068610089235193,0.9994535028702322,2292
2019-04-11,0.9976989811088514,0.9992075437712581,2291
2019-04-12,0.9971908769332585,1.000365146579951,2292
2019-04-15,0.9953218822001066,0.9990831069547663,2292
2019-04-16,0.9989297232191222,1.0003877913297106,2292
2019-04-17,0.9901519811827801,0.9996909197961911,2291
2019-04-18,0.999489986230722,0.9993588100281079,2290
2019-04-22,0.9983836733176887,0.9996902003566397,2290
2019-04-23,1.010063709499049,0.9992825743927255,2291
2019-04-24,0.9994380414760128,0.9999995410700452,2290
2019-04-25,0.9947941666915822,0.9993059508739641,2298
2019-04-26,1.0068721958490436,0.9988205010418443,2296
2019-04-29,1.0021773888758436,1.0001203473506028,2298
2019-04-30,0.9964430427941877,0.9987512571571702,2298
2019-05-01,0.9903047383075024,0.9994993196318523,2297
2019-05-02,1.002341731325514,0.9988861336654955,2297
2019-05-03,1.0109274345884236,0.9990774421623358,2295
2019-05-06,1.0142251405904277,0.99996405895378,2296
2019-05-07,0.9913000910089701,1.0004104393989623,2296
2019-05-08,0.9992245148006195,0.9995758023171037,2298
2019-05-09,1.0035057727303347,1.0008029368573539,2297
2019-05-10,1.004929159771423,1.000092739562448,2290
2019-05-13,0.9896968224569033,0.9997282017459473,2289
2019-05-14,1.0062121234002197,0.9992979097788751,2289
2019-05-15,1.0106833083757323,0.9988021066114534,2291
2019-05-16,1.0016416305691778,0.998808230808806,2290
2019-05-17,0.9964551243155364,0.9995266558517467,2287
2019-05-20,0.9995236296442008,0.9994372124699534,2286
2019-05-21,1.0053193630647999,0.9998864312004014,2289
2019-05-22,0.9959328669168878,0.9999407111602016,2289
2019-05-23,0.9908473518915825,0.9994817215398276,2291
2019-05-24,0.9997218146219347,0.9993853779478931,2294
2019-05-28,0.9914429860133471,0.9992776042892918,2292
2019-05-29,0.9964383103063558,1.0004471195487077,2292
2019-05-30,0.9972508079993923,0.9990133462711451,2294
2019-05-31,0.9974039496343561,1.000282885656271,2297
2019-06-03,1.0033416425733068,1.000256816856879,2298
2019-06-04,1.013904416055161,0.9991659740254835,2298
2019-06-05,0.9937847831471629,0.9999507900698574,2298
2019-06-06,0.9973764170871654,0.9997686051583885,2296
2019-06-07,1.0028916211484935,0.9988689104841454,2295
2019-06-10,1.0010738970290438,0.999779810625747,2296
2019-06-11,0.992122235354147,0.998911921670854,2296
2019-06-12,1.0005157291887823,1.0005243170097924,2291
2019-06-13,1.0046410349723138,0.9997469985043043,2293
2019-06-14,0.9947001939179801,0.9990563297282664,2291
2019-06-17,1.0010135279022547,0.9991990930408214,2289
2019-06-18,1.0053824346381903,0.9986312333525384,2289
2019-06-19,1.0025125821849623,0.9989770313589617,2287
2019-06-20,0.9956348304816041,0.9991217104687272,2291
2019-06-21,0.998567462133663,0.9992118300046897,2294
2019-06-24,0.9912410073495589,1.0002546674803796,2295
2019-06-25,0.9943666340590294,0.9988752927036505,2296
2019-06-26,0.9978429388846688,1.0003237294057712,2294
2019-06-27,1.0098450134209311,0.9992409855528419,2289
2019-06-28,1.0096674751174066,1.0000318014916736,2291
2019-07-01,0.9922456683859024,1.0001498219165539,2294
2019-07-02,0.9970624323914976,0.9998773815634707,2294
2019-07-03,1.0030282447375176,0.9993757893431823,2293
2019-07-05,1.0060027258571513,0.9992218624653294,2290
2019-07-08,0.9957581011743081,0.9999137468045172,2287
2019-07-09,1.0038129672582456,0.9996280921773806,2287
2019-07-10,0.9975345403666402,0.999079478677936,2286
2019-07-11,0.9959438991490749,0.9986433876352584,2289
2019-07-12,1.0047524915103958,0.9995825313060774,2289
2019-07-15,0.9950575715140422,0.9993123665257582,2290
2019-07-16,1.0006950969950834,0.9988758341133464,2288
2019-07-17,0.9930491630404995,0.9990933105953047,2289
2019-07-18,1.002356617680088,0.9992565862548812,2288
2019-07-19,0.9957914888564435,0.9992440866991962,2286
2019-07-22,0.9969895956514638,0.9981761942605646,2288
2019-07-23,1.0026581519329543,0.9997691142893951,2289
2019-07-24,1.0131826130829658,0.9992970794118667,2289
2019-07-25,0.9901844902534437,0.9992346025062921,2290
2019-07-26,1.005461336064367,1.0001300324169744,2289
2019-07-29,0.9947533357158677,0.9986713122027162,2287
2019-07-30,1.011860598646731,1.0001186035042064,2287
2019-07-31,0.9908939814546945,0.9999570967797823,2288
2019-08-01,0.9852930385431745,1.000156143832376,2286
2019-08-02,0.9937303502162776,0.999818567640469,2290
2019-08-05,0.9862065909942105,0.9989517637598367,2292
2019-08-06,1.001771687290806,0.9992520964383034,2293
2019-08-07,1.009683262788818,0.9997383431441961,2292
2019-08-08,1.0115729080027853,0.9992507286412927,2293
2019-08-09,0.9917699117068666,0.9997670653739978,2289
2019-08-12,0.9930570852053532,0.9995515431347698,2292
2019-08-13,1.011809804898799,1.0002207062952548,2292
2019-08-14,0.9862221362889569,0.999683598632184,2290
2019-08-15,0.993446696839337,0.9998441410950134,2291
2019-08-16,1.0130782001219154,1.0001296685379109,2292
2019-08-19,0.9993386397764502,0.9996289773935634,2292
2019-08-20,0.9963828068074395,0.9992528469984278,2292
2019-08-21,0.9998654679262632,0.9998353371399576,2292
2019-08-22,0.9954927773632386,0.9998308523288041,2294
2019-08-23,0.9778465972107225,0.9990349992328293,2293
2019-08-26,1.0006355700937548,1.0009499848231698,2291
2019-08-27,0.9837322882272425,1.0001517866483138,2289
2019-08-28,1.0132578543945883,0.9991733971950422,2292
2019-08-29,1.0043578043588215,0.9990182013639101,2292
2019-08-30,0.9959989900773096,0.9994035680791632,2291
2019-09-03,0.9948877543946077,0.9991679160178614,2290
2019-09-04,1.0017658206835967,0.9999516824472819,2294
2019-09-05,1.0071261548611203,0.9986210510985684,2296
2019-09-06,0.998391222071898,0.9985444547879481,2295
2019-09-09,1.0074896721001263,0.9991915273121206,2295
2019-09-10,1.0130035960400308,0.999313145656761,2293
2019-09-11,1.0125810127536163,0.9990237084077194,2291
2019-09-12,0.9992320379063712,0.9987222536929707,2293
2019-09-13,0.9991088480242605,1.0004529225848067,2293
2019-09-16,1.0049542016900121,0.9997567003391352,2293
2019-09-17,0.9996388457461997,0.9997022234199396,2290
2019-09-18,0.9961999394283354,0.9998359614397889,2291
2019-09-19,0.9950415993431325,0.9999983152025871,2294
2019-09-20,0.9975521281573146,0.9991584336803332,2297
2019-09-23,1.0032684542761652,0.9992435927879387,2298
2019-09-24,0.9836567449049224,1.000513048674954,2300
2019-09-25,1.0081548209655211,0.9995878365127641,2300
2019-09-26,0.9923291485447316,0.9993235414099475,2297
2019-09-27,0.9912576582924221,1.0006950224685685,2298
2019-09-30,0.9993716017088149,0.9990818802279015,2297
2019-10-01,0.9803935542465444,0.9981830841650597,2296
2019-10-02,0.9933754281333657,0.9990633973703178,2296
2019-10-03,1.0067020703831082,0.9994634413207164,2298
2019-10-04,1.0076603550769183,0.9987710629980711,2295
2019-10-07,0.9995090532683208,0.9994212947130612,2297
2019-10-08,0.9910130768667561,1.0000449975527927,2297
2019-10-09,0.9965310858035286,1.0002473664485614,2298
2019-10-10,1.0021274079338518,0.9993527859184538,2297
2019-10-11,1.0041562534085344,0.9992394804240409,2295
2019-10-14,0.9996432673553252,0.9992449344983098,2292
2019-10-15,1.0073125075025815,0.9998611802706459,2293
2019-10-16,1.0026561397238551,0.9997718908854643,2291
2019-10-17,1.002441832118039,0.9988797229954282,2291
2019-10-18,1.0000691665643033,0.998325384100951,2287
2019-10-21,1.0015466041854582,1.0005877010549737,2288
2019-10-22,0.998398765595909,1.0000958600065577,2289
2019-10-23,1.003830570318195,0.9995982481460882,2287
2019-10-24,0.9949150217180394,1.0004673942583797,2288
2019-10-25,1.006226481154457,0.9999390197592202,2286
2019-10-28,1.0017726464351435,0.9999275906787457,2286
2019-10-29,1.0032395184736573,1.0000210052015992,2289
2019-10-30,0.9986410890199386,0.9989746172396698,2288
2019-10-31,0.9946368182188425,1.0002246333578364,2291
2019-11-01,1.0098380911222673,0.9999286598587397,2288
2019-11-04,1.0006753777632238,0.999729354170116,2287
2019-11-05,0.9999017688817767,1.0011000839679844,2286
2019-11-06,0.9948180422364971,1.0000094374257646,2287
2019-11-07,0.9948691561426423,0.9998742252077221,2289
2019-11-08,1.0030887085592894,0.99994367163236,2293
2019-11-11,1.0033061984623044,1.0008314947914274,2294
2019-11-12,0.998479264332473,0.9998945910784145,2293
2019-11-13,1.0000225062513188,0.9993807624665126,2292
2019-11-14,0.9995517907341516,1.000360908851618,2292
2019-11-15,0.9987689512448069,0.9986854657304398,2291
2019-11-18,0.9974279613072138,0.9994745427808416,2289
2019-11-19,0.9992659351439648,1.000272206264264,2288
2019-11-20,0.9995231280909158,1.0000765879676874,2288
2019-11-21,0.9944672064411819,1.0005017934983564,2289
2019-11-22,0.9996164519319952,0.9991987592250926,2290
2019-11-25,1.0110884817185064,1.0002176981061037,2291
2019-11-26,1.0002868645331784,0.9995178132584283,2292
2019-11-27,1.0032542005584575,0.9992541950412853,2291
2019-11-29,0.9996764079887405,0.9997993438597974,2282
2019-12-02,0.989655140321836,0.99832826904839,2276
2019-12-03,1.0036330622469531,0.9999214330465914,2273
2019-12-04,1.0021594097971274,1.0000824048594426,2273
2019-12-05,0.9985457108815305,0.9991184816422488,2275
2019-12-06,1.0032627402863141,1.0004143695380463,2276
2019-12-09,0.9992208562221977,1.0004546875621338,2276
2019-12-10,1.0016313602699465,0.9999569424673462,2276
2019-12-11,1.0023476687377446,1.0004515239505811,2277
2019-12-12,1.0098407933139166,1.0007806358900073,2280
2019-12-13,0.9976286162996065,1.0007282436555842,2281
2019-12-16,1.0002408687654356,0.9995700333405095,2275
2019-12-17,1.0025780951389462,0.9996003031859424,2274
2019-12-18,1.00077262224025,1.0003424644312255,2279
2019-12-19,1.0027006549362079,0.9999473036153017,2282
2019-12-20,0.9996513017856116,1.0012666131522883,2282
2019-12-23,1.001042451746891,1.0006833125752004,2282
2019-12-24,1.0020355354880994,1.000538807634063,2283
2019-12-26,1.0010568923829903,1.0009668080808105,2284
2019-12-27,0.9942229306729665,1.0003119385789319,2285
2019-12-30,0.9978049333888437,0.9990538481227459,2284
2019-12-31,1.0055831165753593,0.9998074150992607,2283
2020-01-02,0.9983795632401331,1.0007211219677081,2281
2020-01-03,1.0068302904146755,0.9996423421639054,2281
2020-01-06,1.0070819544894123,1.0004800055220484,2285
2020-01-07,0.9995388764709189,1.000072395832279,2289
2020-01-08,1.0011933884952064,1.0000380784443854,2290
2020-01-09,0.9991297388140945,1.0004454296165801,2290
2020-01-10,0.9954572516245492,0.9998747631163142,2288
2020-01-13,1.0046483476106889,0.9994198241101271,2289
2020-01-14,1.0038234100659686,1.000199761756379,2290
2020-01-15,1.0032885790486017,1.0003775497971208,2290
2020-01-16,1.0065532649159863,1.0007033508881176,2290
2020-01-17,0.9950843709461519,1.0012222233199775,2289
2020-01-21,0.9959223947316975,1.0002514860491276,2288
2020-01-22,0.9950659442261597,0.9993537548632557,2289
2020-01-23,1.0023744165140067,0.9992297092384471,2290
2020-01-24,0.9856426138174684,1.000395402423398,2291
2020-01-27,1.0012599866776095,1.0004646050116448,2291
2020-01-28,1.0019147600632166,1.0006417541265438,2289
2020-01-29,0.9918532343801966,0.9998109165104857,2289
2020-01-30,1.0041761914919194,0.9999733619351178,2289
2020-01-31,0.9843757570790163,1.0003810360366312,2294
2020-02-03,1.0022703902139414,1.0000531987102355,2292
2020-02-04,1.0004692597927591,1.0000241831589254,2294
2020-02-05,1.0052475150754419,1.0011224535408996,2296
2020-02-06,0.9931670682476508,0.999511480248059,2297
2020-02-07,0.9921869246059273,1.0000192563923433,2302
2020-02-10,1.0051601070827758,1.0002769761051382,2298
2020-02-11,1.0030754594443168,1.0003010419961245,2299
2020-02-12,1.0022162552938698,0.9993850353785262,2299
2020-02-13,1.0030444821597169,1.000333985169353,2303
2020-02-14,0.9959179921058184,0.999396110840553,2305
2020-02-18,0.9996903515209454,0.9997575338912273,2305
2020-02-19,1.0023314878490697,1.00035038615641,2305
2020-02-20,1.0040192673163173,1.0001325234735,2308
2020-02-21,0.9936190517937337,0.9998227312394246,2307
2020-02-24,0.9973562828117147,0.9998267875194541,2311
2020-02-25,0.9628818165386043,0.9988446103597083,2311
2020-02-26,0.9841184742604779,0.9998122672494472,2310
2020-02-27,0.9827684970808804,0.9991558502391679,2311
2020-02-28,1.0170298980699473,0.9994385552809492,2311
2020-03-02,1.019936835237932,0.9987958735653649,2310
2020-03-03,0.9789048161467316,1.0004003017994785,2312
2020-03-04,1.0129956949766572,1.0007765830604953,2314
2020-03-05,0.9865541338710181,0.999942344221785,2316
2020-03-06,1.0043471465142046,1.0005203560576892,2316
2020-03-09,0.9672753271844317,0.9993715291692489,2320
2020-03-10,0.9967747035036977,1.000896046844105,2321
2020-03-11,0.963250418496615,0.9998062993349426,2323
2020-03-12,0.957133577107724,1.0002324661172524,2326
2020-03-13,1.0130751027460587,0.99662650190592,2326
2020-03-16,0.979439837734268,1.0009257604195572,2327
2020-03-17,1.0259819359339566,1.0006207434167271,2326
2020-03-18,0.942755782108788,0.9986174894941151,2322
2020-03-19,1.0732626015541393,1.0016728894832265,2323
2020-03-20,0.9540100940715998,0.9929851633095379,2323
2020-03-23,0.9776634107930872,1.0062637733355375,2325
2020-03-24,1.0413197449725102,0.9980170486815088,2323
2020-03-25,1.0203620107572011,1.0005572431852363,2323
2020-03-26,1.0455408117605387,1.0014153630717169,2328
2020-03-27,0.9921992987983703,0.998408266069717,2338
2020-03-30,1.0090052385406265,1.002474731834743,2340
2020-03-31,0.9998262990951332,1.0018172171480324,2346
2020-04-01,0.9744508347613043,1.0001645707705684,2346
2020-04-02,1.0111735318548998,1.0009265986120688,2346
2020-04-03,0.9782282381827394,1.001015329509723,2347
2020-04-06,1.0324473231311244,1.0004555079338524,2345
2020-04-07,0.9747375958442329,1.0000371572046125,2346
2020-04-08,1.0297032109725408,1.0040757342226245,2348
2020-04-09,1.015109428406513,1.0006667576835455,2346
2020-04-13,0.9832227134900894,1.0000622436587792,2348
2020-04-14,0.9975227894462112,1.0003887426911369,2350
2020-04-15,0.9929665388413919,1.001366510085221,2351
2020-04-16,0.9883382208027653,1.00095160803356,2351
2020-04-17,1.011536833083777,1.0003690330237271,2351
2020-04-20,1.0029484636483779,1.000034418999452,2349
2020-04-21,1.0012008684583016,0.9998218933232944,2347
2020-04-22,0.9923933997408839,0.9991710915841415,2348
2020-04-23,1.007022006536412,1.0013005366312826,2350
2020-04-24,1.0049442448523083,0.9994137499041841,2354
2020-04-27,1.0262674119743316,0.9987533970747603,2353
2020-04-28,0.9925085190190275,0.9968691933620502,2355
2020-04-29,1.0222139200659017,1.0007377921209706,2356
2020-04-30,0.9837095715575868,0.9981927242880979,2355
2020-05-01,0.9851138473542554,1.0022527544518554,2356
2020-05-04,1.0139085652688609,0.9996782069308603,2354
2020-05-05,0.9846826527606958,1.0014462194680531,2354
2020-05-06,0.9820206522351967,1.000093594227016,2352
2020-05-07,1.0028913175667584,1.0012116522446428,2352
2020-05-08,1.018533564500657,0.9995382402522077,2356
2020-05-11,1.0002366054827583,0.9986960859006379,2357
2020-05-12,0.9669064945310955,1.0015615168903882,2357
2020-05-13,0.9685137255055737,1.0025337218248094,2357
2020-05-14,1.0248327585223982,1.0005790173881097,2356
2020-05-15,1.0157679370576893,0.9980516434539299,2357
2020-05-18,1.022576119473923,0.9988337516034753,2359
2020-05-19,0.9877506628132309,0.9975660597223354,2362
2020-05-20,1.0104741304592402,1.000109180615251,2359
2020-05-21,1.0016280506231454,0.9977995639737293,2358
2020-05-22,1.0011256939590718,1.000574914969606,2363
2020-05-26,0.9999587662387144,1.0005754819450838,2361
2020-05-27,1.0098369901005853,0.9991962233644683,2362
2020-05-28,0.9747755255788273,0.9986329780626176,2359
2020-05-29,1.0008362956385164,1.0018239508998341,2361
2020-06-01,1.0098192342186578,0.9998845316279037,2359
2020-06-02,1.003263918411995,1.0017075226076135,2360
2020-06-03,1.0148851256152753,1.001373960300595,2364
2020-06-04,1.013092909132215,0.9990880175165519,2364
2020-06-05,1.0054747217048023,1.0009711628742544,2368
2020-06-08,1.0125754724987783,1.0003450281267325,2367
2020-06-09,0.9973463927112534,1.0006429361932554,2371
2020-06-10,0.9751409935991588,0.99864686977662,2370
2020-06-11,0.9648444916815176,1.0017424162750121,2371
2020-06-12,0.9858986938287257,1.0000273134822437,2374
2020-06-15,1.0459608893542538,1.0013129222766533,2376
2020-06-16,0.985124635068953,0.9975156161521874,2380
2020-06-17,0.9817443059646181,0.9990637034037901,2381
2020-06-18,1.0068855886477917,1.0010912334204596,2383
2020-06-19,0.9815769904579709,0.9986636722001508,2382
2020-06-22,1.0060751317308583,1.0021152253237788,2382
2020-06-23,0.9914843736509079,0.9976578620867426,2381
2020-06-24,0.9790196292624106,0.9985200121470358,2382
2020-06-25,1.0194484765399159,1.0015819398929187,2382
2020-06-26,0.9813632648543122,0.998929630816235,2381
2020-06-29,1.015748451122159,0.9992587502394625,2386
2020-06-30,1.0153251793523383,0.9976108214192453,2386
2020-07-01,0.9912118866446682,0.9991554642077435,2386
2020-07-02,0.988085446460377,0.9992148168206368,2387
2020-07-06,0.9943313700504399,1.000426317406278,2387
2020-07-07,0.9903451000590073,1.000519563790162,2389
2020-07-08,1.0041574385048035,1.0005301817861192,2388
2020-07-09,0.9806647928035332,0.9984805471178892,2390
2020-07-10,1.017841646726719,0.9997463729504144,2392
2020-07-13,0.9802712054008215,0.998151011777877,2391
2020-07-14,1.0153609156422525,0.9991487380629046,2394
2020-07-15,1.0121648305998268,0.99922338361432,2395
2020-07-16,1.0039481245922797,0.9981348092518377,2396
2020-07-17,1.001438487250237,1.000078882234265,2395
2020-07-20,0.9986900902967213,0.9984782824913352,2396
2020-07-21,1.0061119829247696,0.9998968821569116,2395
2020-07-22,1.0046623305542723,0.9982569554512771,2397
2020-07-23,0.9991573129069254,0.9999663477607564,2398
2020-07-24,0.993330511393107,0.9987310716357946,2399
2020-07-27,1.0060758957653286,1.0008612679739626,2396
2020-07-28,0.9965725133785691,0.9985224146514399,2397
2020-07-29,1.0121089324641324,0.9992805772704058,2398
2020-07-30,1.007514433175545,0.9986660052157205,2400
2020-07-31,0.990618743834123,0.9997792855301229,2401
2020-08-03,1.0092312070465927,1.0000705376809034,2402
2020-08-04,1.0089281160882095,0.9996217517123744,2401
2020-08-05,1.0052700713302614,0.9992676358806997,2398
2020-08-06,0.9999600410476602,0.998855643051486,2399
2020-08-07,1.0153252564733999,0.9994166539536569,2396
2020-08-10,1.0090778335051769,0.9989697700420517,2396
2020-08-11,0.9868094811707293,0.9994247881176501,2396
2020-08-12,0.9928173557771829,0.9997748841542635,2396
2020-08-13,1.0005987044571134,1.001036624590547,2400
2020-08-14,1.005034869272546,0.9984783465829935,2399
2020-08-17,0.9997324858154788,0.9986450938476847,2398
2020-08-18,0.9895984037157071,1.0000861566464154,2395
2020-08-19,0.9976384816786003,1.0011436740483513,2398
2020-08-20,1.0026264461598322,0.9999605885153589,2396
2020-08-21,0.9939757136804479,0.998862463323057,2397
2020-08-24,1.0033341936452227,1.000306882717197,2398
2020-08-25,0.9987546746408918,0.9987654463041141,2400
2020-08-26,0.9959455640436277,1.0010739081753501,2401
2020-08-27,0.9981918757781377,1.0000192560682015,2400
2020-08-28,1.0061284178189593,0.9990549096436209,2401
2020-08-31,0.9910016989138154,0.9986276143414439,2402
2020-09-01,1.0070741497860676,1.0006998869773984,2403
2020-09-02,1.0074339997792772,0.9987733840261903,2402
2020-09-03,0.9781281156187733,0.9992988743377018,2402
2020-09-04,0.9891096845339409,1.0016207350690183,2402
2020-09-08,0.9941248995850903,1.0002613488690528,2402
2020-09-09,1.0020635211967752,1.0004634543880462,2408
2020-09-10,0.9841099754702574,0.9992046886299911,2411
2020-09-11,0.9925573595865017,0.9993927919728424,2413
2020-09-14,1.0117916128533562,0.9994382751294614,2413
2020-09-15,0.9951455349754744,0.9990107678049597,2415
2020-09-16,1.0027780802595916,0.9999911390417865,2416
2020-09-17,1.0101607240822803,0.9988298094064137,2417
2020-09-18,0.991608615420466,0.9994708223905451,2418
2020-09-21,0.9866849792220778,1.0001663060278418,2421
2020-09-22,0.9980550819691074,0.9987598632243476,2421
2020-09-23,0.9711562971426505,0.999832714998763,2417
2020-09-24,1.0034163517273358,1.000191241071983,2421
2020-09-25,1.0170612250795474,0.9991158005393687,2420
2020-09-28,1.007908322070094,0.9980410538173343,2419
2020-09-29,0.9964583699581125,1.000022190214442,2421
2020-09-30,0.9992960365023089,0.9996766632915395,2421
2020-10-01,1.0038450058797448,0.9993744574234007,2420
2020-10-02,1.0262806717212818,0.9985209281170998,2419
2020-10-05,1.0127128103662892,0.9980638612991876,2416
2020-10-06,0.989839584355417,0.9987130445386895,2416
2020-10-07,1.0088545553809096,1.0000699241053048,2416
2020-10-08,1.0058027218869692,0.9981387835361847,2415
2020-10-09,0.9968720146457475,0.9984722206209011,2414
2020-10-12,1.0014118003524737,0.999281105462783,2413
2020-10-13,0.9968666126178659,0.9992536678354363,2413
2020-10-14,0.9931686743185154,0.9993562375071873,2413
2020-10-15,1.01831814878056,0.9994974298738292,2413
2020-10-16,0.9975815946509855,0.9981005977132078,2418
2020-10-19,0.9861072554239599,0.9995542453525659,2417
2020-10-20,0.9972032477532797,0.9997275285232913,2417
2020-10-21,0.994579564052328,0.9992035514370486,2419
2020-10-22,1.0102265510237707,0.9988957466778535,2418
2020-10-23,0.9990780946637505,0.9985451100713697,2418
2020-10-26,0.9870704133047652,0.9992542060779266,2416
2020-10-27,0.9884278583332221,0.9991294613503213,2417
2020-10-28,0.9868642021294459,0.9995167271489486,2413
2020-10-29,1.0132910442826841,1.0006237813896455,2415
2020-10-30,0.99289874320198,0.9980754438757236,2415
2020-11-02,1.0067296673397914,1.0001244650965708,2418
2020-11-03,1.010644332794798,0.9977970593380449,2421
2020-11-04,0.99886013296432,0.999145931063318,2419
2020-11-05,1.0159848689356161,0.9993037675875993,2417
2020-11-06,0.9896073494474547,0.9973542214646364,2416
2020-11-09,0.9932394755737133,1.0007629347856497,2414
2020-11-10,1.0114312141603947,0.99853327681843,2417
2020-11-11,0.9952835319682877,0.9986894214484794,2417
2020-11-12,0.9905235186928621,0.9991872882412655,2416
2020-11-13,1.012776860932738,1.0001451170789843,2415
2020-11-16,1.0060813307948677,0.9988025332413707,2414
2020-11-17,1.0116600687070294,0.9978687554223082,2415
2020-11-18,0.9890053811243988,0.9981471077781272,2416
2020-11-19,1.0093736458080662,0.9996300151051303,2416
2020-11-20,1.0037940330946267,0.9992208613448411,2418
2020-11-23,1.0108493617247893,0.9985827725944754,2419
2020-11-24,1.0080958882559041,0.9988118465009387,2420
2020-11-25,1.0017860483499248,0.9983442573410812,2422
2020-11-27,1.0025730250002358,0.9988705167784906,2421
2020-11-30,0.986337773523295,0.9994814444302981,2421
2020-12-01,0.9951053191386598,1.0019020590653542,2418
2020-12-02,1.0088088812356932,0.9997722959548931,2418
2020-12-03,1.0037964870506584,0.9989886439966529,2419
2020-12-04,1.0143052121878757,0.9987334254771505,2418
2020-12-07,0.9977499820963764,0.9996762331480574,2417
2020-12-08,1.0104439911885463,0.9984561519779219,2418
2020-12-09,0.9873146428499918,0.99929466661015,2419
2020-12-10,1.0132250283020792,0.9997660777056556,2420
2020-12-11,0.999114035858216,0.9988622934693713,2420
2020-12-14,0.9860723998137143,0.9990326156625415,2422
2020-12-15,1.0115462986215105,0.9998542192781225,2421
2020-12-16,0.9941544795889978,0.9978561665984663,2421
2020-12-17,1.00472361520046,0.9989644479419418,2420
2020-12-18,0.9925512075231909,1.0003474945711064,2420
2020-12-21,1.0101743745013647,0.9992597024517477,2419
2020-12-22,1.0002043851517655,0.999866726241829,2420
2020-12-23,1.0051448770861064,0.9991142739394457,2421
2020-12-24,0.9953026214897929,0.9992568158354008,2420
2020-12-28,0.9933830155651084,0.9994895018008051,2420
2020-12-29,0.9849578325005928,0.9995223988389091,2420
2020-12-30,1.0084179018065427,0.9999108157557267,2421
2020-12-31,1.0004226876238604,0.9990023970919532,2423
2021-01-04,0.9861168527755747,0.9979843852049854,2423
2021-01-05,1.0187066811388241,1.000111217418837,2424
2021-01-06,1.0204813556586658,0.9982783066735693,2425
2021-01-07,1.010099283570701,0.9979323549458412,2426
2021-01-08,0.9938254131293088,0.9988247681985869,2427
2021-01-11,1.0111843237226903,0.9991234206544237,2427
2021-01-12,1.0117974242815908,0.9989925286239034,2425
2021-01-13,0.9947156374287691,0.9982276927409423,2426
2021-01-14,1.01005112921152,0.9997069639991882,2427
2021-01-15,0.9942413362989809,0.9994137958609917,2427
2021-01-19,1.0011730839769635,0.9992817611895034,2428
2021-01-20,1.0008138742094779,0.9999958518158821,2431
2021-01-21,0.9925525995042133,1.0009181696522396,2430
2021-01-22,1.0151521160935215,1.0012509369608562,2430
2021-01-25,1.0011474890322025,0.9990546758451256,2430
2021-01-26,0.9907139129200152,1.0003231949132583,2433
2021-01-27,0.9946291766307631,0.9995871464086575,2435
2021-01-28,0.9955269326166045,1.0017334040232506,2436
2021-01-29,0.9825408602054649,0.999189047361727,2434
2021-02-01,1.0099512486465188,1.0005934242008134,2435
2021-02-02,1.0029343627769212,0.9974526118426725,2436
2021-02-03,1.00747421745794,0.9982981164685546,2434
2021-02-04,1.0141153833875034,0.9991883075239826,2433
2021-02-05,1.001934433676909,0.9993418356270218,2434
2021-02-08,1.0162857460982213,0.9997662721282106,2433
2021-02-09,1.0052336555680004,0.9987884861094329,2433
2021-02-10,0.9914625743600777,0.9998421387593297,2435
2021-02-11,0.9954982593134,1.0008260817686974,2439
2021-02-12,1.0096651086085588,1.0004811613051907,2440
2021-02-16,0.996106891807736,0.9988101925779518,2440
2021-02-17,1.0000893531948263,1.0011110739944307,2439
2021-02-18,0.9914751104516095,1.000419497342775,2437
2021-02-19,1.0095023531080847,0.9991883231896843,2435
2021-02-22,1.0029745049011574,0.9986985462132701,2438
2021-02-23,0.9997882240928595,0.9997501674405997,2439
2021-02-24,1.0189333300320322,1.000573779057549,2440
2021-02-25,0.9700019028923601,0.9997823443880824,2441
2021-02-26,0.9912868609924308,1.0034011423276015,2441
2021-03-01,1.0087997977301322,1.0004886720843145,2440
2021-03-02,0.9906846321710048,0.9992597481996144,2441
2021-03-03,0.9904648908890222,1.0014545392370877,2440
2021-03-04,0.9751227971644741,0.9988457981321129,2442
2021-03-05,1.0070330346775296,1.0016191609576144,2445
2021-03-08,1.0015899613343093,0.9991762877266852,2448
2021-03-09,1.0056055901947472,1.0004982018193767,2450
2021-03-10,1.0050948769324044,0.9996704030063052,2451
2021-03-11,1.0098855774499325,0.9997852141701126,2453
2021-03-12,1.0117873120313146,1.0003751179255707,2455
2021-03-15,1.0054289475364846,1.0007544901950778,2456
2021-03-16,0.9862356555819477,0.9995296451329632,2457
2021-03-17,1.014540000196789,1.0023532430045803,2454
2021-03-18,0.9847916965082588,0.9988721324152374,2457
2021-03-19,1.0064083775114803,1.0010352642962723,2457
2021-03-22,0.9917164847714098,1.0004101081680499,2458
2021-03-23,0.9764188125909927,1.0008328572191347,2459
2021-03-24,0.9767337222173579,1.0022145186052516,2457
2021-03-25,1.0265258884860853,1.0017311552345185,2461
2021-03-26,1.005720554619071,0.9985964795870634,2463
2021-03-29,0.9854954144436984,1.0003892325057409,2464
2021-03-30,1.0103125165211362,1.00061824838228,2467
2021-03-31,1.003712582639312,1.0008508733875778,2465
2021-04-01,1.0088665943371555,1.0014128143684802,2465
2021-04-05,0.9972058747304369,1.000355846862754,2467
2021-04-06,1.0005812279024697,1.000402377371169,2468
2021-04-07,0.9899372334367896,0.9994430556241418,2467
2021-04-08,1.0023155004561908,1.0012305212542463,2466
2021-04-09,1.0006582989192196,0.9984942436906091,2467
2021-04-12,0.9932180103637623,0.9996874676308588,2468
2021-04-13,0.9969839508486306,1.0000843208444077,2469
2021-04-14,1.0027436584293312,1.000148208727355,2469
2021-04-15,0.9944356348937831,0.9997347822668392,2471
2021-04-16,0.9965886836904451,1.0001632878258375,2471
2021-04-19,0.992745540611287,0.9990151105347541,2470
2021-04-20,0.9863928889793591,0.9998372513143486,2472
2021-04-21,1.0230660667304388,1.0008636482472348,2470
2021-04-22,0.99459489367796,0.998138914229238,2470
2021-04-23,1.0120537092644255,1.0014877012474719,2473
2021-04-26,1.0045464459200817,0.9995165718696025,2474
2021-04-27,0.9976023681286305,0.9994907822445495,2473
2021-04-28,1.0045771360158302,0.9995890449577131,2471
2021-04-29,0.9928054633375991,0.9989371912704789,2473
2021-04-30,0.9970932668111144,0.9993250564967119,2472
2021-05-03,1.0007840865395297,0.9991084255267397,2471
2021-05-04,0.9965839871378858,0.9993113271399777,2469
2021-05-05,0.9958659449156255,0.9986004496309725,2462
2021-05-06,0.9996375865179185,0.9997834498852786,2462
2021-05-07,1.0124817725747186,1.0008078957008457,2459
2021-05-10,0.9820809463441891,0.9990670531414564,2461
2021-05-11,1.014540212249691,0.9992792212634883,2461
2021-05-12,0.9795182393432289,0.9992655843366484,2458
2021-05-13,1.0057407704155878,1.002849154727617,2458
2021-05-14,1.015066626395587,0.9989866489340479,2459
2021-05-17,1.008181007157004,0.9975650037319419,2459
2021-05-18,0.9968162348074815,1.0000711415846353,2458
2021-05-19,1.0086665748315236,1.0016221620716195,2462
2021-05-20,1.0066934987981437,0.9994161158372534,2463
2021-05-21,0.996006212116974,0.9993772597031411,2462
2021-05-24,0.9976403830970989,0.9995422667269601,2462
2021-05-25,0.9862670189146905,1.0006769539945226,2459
2021-05-26,1.0109927180844485,1.001237028765042,2462
2021-05-27,1.0044152210738972,1.0009566859249657,2462
2021-05-28,0.9976521771139523,0.9999180455060418,2457
2021-06-01,1.0035821015394646,1.0004178572760891,2459
2021-06-02,0.9980810872092889,0.9985260893262712,2462
2021-06-03,1.0013781266369006,1.0007805625099,2461
2021-06-04,1.000607052395161,0.9993288593984891,2462
2021-06-07,1.0060375887742807,1.0006857466072563,2463
2021-06-08,1.0041787475810742,0.998920225843643,2463
2021-06-09,0.993655571279638,0.9997672698577287,2462
2021-06-10,0.9931985466764172,1.0007590330714247,2461
2021-06-11,1.0024462138784083,1.0008647936501949,2461
2021-06-14,0.9949180885545927,0.9994958090325613,2462
2021-06-15,0.9949917242415134,1.0001760437070315,2465
2021-06-16,0.998426842602814,1.0003493335096865,2466
2021-06-17,0.9890558039031918,0.9999226813042571,2466
2021-06-18,0.9909753930108907,1.000303774935056,2464
2021-06-21,1.0098505777534539,1.0004911709725397,2464
2021-06-22,1.0031530463306577,0.9994115394550015,2466
2021-06-23,1.001903034202501,0.9988881270374936,2471
2021-06-24,1.006909145447912,1.0002192679187067,2472
2021-06-25,1.0001888496858578,0.9994634549805964,2469
2021-06-28,0.9917716755688514,1.0004486898885117,2469
2021-06-29,0.993538596797371,1.0000083024774202,2469
2021-06-30,1.0025228777432167,1.0002304705682048,2470
2021-07-01,1.000049976526771,0.9996282393478996,2472
2021-07-02,0.9929229045546349,1.0003217192149108,2472
2021-07-06,0.9879834555799137,0.99999294889404,2472
2021-07-07,0.9937942484345605,1.0022885393096927,2472
2021-07-08,1.0081573256444893,0.9992614319596627,2472
2021-07-09,1.0122975232008182,0.9996095310161301,2471
2021-07-12,1.0043220765879366,1.0005224836116762,2471
2021-07-13,0.9894038871342811,1.0006510685757954,2475
2021-07-14,0.9858002412731834,1.0002773812781103,2474
2021-07-15,1.000018439865845,1.0008078282920478,2476
2021-07-16,0.981587953069312,0.9991779118257014,2474
2021-07-19,1.0003620524981758,0.9999339531914588,2472
2021-07-20,1.0205196389173223,1.0004359378296732,2474
2021-07-21,1.0116460509466225,0.9994140931982598,2474
2021-07-22,0.9899007388525425,0.9991605116813463,2475
2021-07-23,0.9975515327442914,0.9998871104860969,2474
2021-07-26,1.0033256267223298,0.9997211583176038,2474
2021-07-27,0.9972900760858207,0.9997914839974273,2475
2021-07-28,1.007297092159019,0.9994042854918447,2476
2021-07-29,1.0002936412334473,0.9998048487693335,2474
2021-07-30,0.9990825721393741,0.9994854879525512,2470
2021-08-02,0.9932806052914772,1.0006697655874646,2469
2021-08-03,1.0012174455953509,1.0001068358361276,2471
2021-08-04,0.9924733517021427,0.9991178614117026,2469
2021-08-05,1.0095891390111873,1.000035114918841,2466
2021-08-06,1.0016896056470752,0.9991223799343069,2467
2021-08-09,1.0000164919851833,0.9997658648116946,2470
2021-08-10,1.003147064647335,0.9987335746156621,2469
2021-08-11,1.0033852181204312,1.0003133723229503,2470
2021-08-12,0.9962745682399092,0.9993931462066666,2469
2021-08-13,0.9927484740391301,1.000593897943289,2469
2021-08-16,0.9958749185198847,0.9999104130462287,2472
2021-08-17,0.9956208423164675,1.0008445618805693,2476
2021-08-18,0.9951520029487249,1.0003987016240454,2475
2021-08-19,0.9969469990426311,1.0004833974929732,2475
2021-08-20,1.0148653918019503,0.9985313700115324,2474
2021-08-23,1.0084794394953502,1.0000613162920786,2474
2021-08-24,1.0073965440160948,0.9998506142974614,2476
2021-08-25,1.003675818335165,1.0000549433917894,2475
2021-08-26,0.9929326978623411,0.9999434890501141,2475
2021-08-27,1.0188571895682348,0.9994742877593578,2476
2021-08-30,0.9934810838220715,0.9986778182716365,2482
2021-08-31,1.0041957471409277,1.00039855666623,2479
2021-09-01,1.0002183206462534,0.9998444194214806,2479
2021-09-02,1.0027421450743679,1.0012785121268728,2479
2021-09-03,0.99665897485703,1.0002626139141546,2478
2021-09-07,0.9933898315062618,0.9991711166752464,2478
2021-09-08,0.9926718645459637,1.0012871745035101,2478
2021-09-09,1.0014907870715848,0.9999332731249156,2476
2021-09-10,0.9865855315176977,1.0008151813316193,2475
2021-09-13,0.9973193806409862,1.0007607096238404,2477
2021-09-14,0.9829032484486562,1.000795566453521,2477
2021-09-15,1.007759136865965,1.0013895413969,2477
2021-09-16,0.9983820796495012,1.0000277784508,2478
2021-09-17,0.99984939957521,0.99948420318223,2478
2021-09-20,0.997999095357216,0.9991554418717052,2481
2021-09-21,0.9946340455983761,0.9998881061221094,2481
2021-09-22,1.006984903976511,1.0011958922302697,2481
2021-09-23,1.0105667962606004,1.000234907253324,2481
2021-09-24,1.0025746724949798,0.9995214060115106,2477
2021-09-27,1.0100866991835595,0.9999959026603793,2475
2021-09-28,0.9862464278451444,1.0006607380254027,2477
2021-09-29,0.9937613147946497,1.0006089507953149,2477
2021-09-30,0.9895967365612907,1.000387456063328,2476
2021-10-01,1.0081669976068226,1.0000846201081457,2477
2021-10-04,0.9922623588203521,0.9993513148795373,2479
2021-10-05,1.0013294110018411,0.999519620890447,2479
2021-10-06,1.0051275123715555,1.0001546678147417,2476
2021-10-07,1.0061559507604223,1.0001854686160594,2478
2021-10-08,0.9955044486348547,1.00007983518269,2478
2021-10-11,0.9950599204037108,0.9998900385774377,2474
2021-10-12,1.0024342783335312,1.0005479145386196,2470
2021-10-13,1.001534092566343,0.9995262947249574,2470
2021-10-14,1.002082834771994,1.000742800001542,2471
2021-10-15,0.990213723180754,0.9994665395687046,2466
2021-10-18,1.0029939499321143,1.0009310101138262,2466
2021-10-19,1.0005846020237823,0.9992117128969127,2468
2021-10-20,1.006850314654879,0.9994562337791562,2469
2021-10-21,1.0008575149132177,0.9988459249333396,2469
2021-10-22,0.9968656710882013,0.9998095685655745,2469
2021-10-25,1.0041419604877253,0.999165135537857,2469
2021-10-26,0.9924636032131532,1.0001580784441906,2465
2021-10-27,0.9873800742939308,1.0010824685253334,2464
2021-10-28,1.0106722966875459,1.0005894161110835,2464
2021-10-29,1.0008527157457425,0.9991404370131268,2462
2021-11-01,1.0163602892446613,1.0006075010345579,2462
2021-11-02,0.9993689656433361,0.9988586252690744,2462
2021-11-03,1.015092628875976,1.0002018670429302,2462
2021-11-04,0.9937674702678563,1.0002803018238136,2463
2021-11-05,1.0028461081884452,1.000789488450506,2464
2021-11-08,0.999450417652736,0.9996314554380241,2464
2021-11-09,0.9975621024076056,0.9999931866015469,2463
2021-11-10,0.9920114910398139,1.0010932704039452,2461
2021-11-11,1.0024596664343164,0.9999789743720008,2461
2021-11-12,1.0003841835193377,0.9992689326651556,2461
2021-11-15,0.9933945215320354,1.0004064482968449,2461
2021-11-16,0.9989301137720511,1.0010392238404269,2461
2021-11-17,0.9930329935717643,0.9993880236712911,2459
2021-11-18,0.9891777946655664,1.0010733287700038,2458
2021-11-19,0.9973654823427502,1.0003980166066935,2459
2021-11-22,0.9922455311998262,0.9996393723221493,2460
2021-11-23,0.9998744834213182,1.0002340993219405,2460
2021-11-24,1.0081014928370635,0.999629877223338,2461
2021-11-26,0.995329889295304,0.9990915757681446,2461
2021-11-29,0.9858946268044767,0.9993818850142819,2464
2021-11-30,0.9887047644895832,1.0008466509257048,2468
2021-12-01,0.9647667562212723,0.9995116386156696,2467
2021-12-02,1.0181064385316403,1.0010397995625524,2467
2021-12-03,0.979117611686329,0.999710827476987,2469
2021-12-06,1.0109623940282169,1.0009925472307961,2471
2021-12-07,1.0090635425288867,0.9998461651521331,2475
2021-12-08,1.0065634124933096,0.9994356411178573,2475
2021-12-09,0.9897112615754778,1.0003831591178782,2475
2021-12-10,0.9925361944229485,0.9999100623820332,2474
2021-12-13,0.988333119275104,0.9991773334619146,2476
2021-12-14,0.9974105723400943,1.0002466302971837,2477
2021-12-15,1.011838709129797,0.9993937450905407,2478
2021-12-16,0.9829934261181243,0.9992483121179359,2477
2021-12-17,1.007233610249541,0.9993750246650914,2479
2021-12-20,0.9985989002853584,0.9983034285109194,2478
2021-12-21,1.014877784418345,1.0001189910077768,2480
2021-12-22,1.0095194097408875,0.9983478200138055,2480
2021-12-23,1.005858053447629,0.9996967831182292,2480
2021-12-27,1.005811705434512,0.9995732263035022,2479
2021-12-28,0.9952895201820297,0.998972520342481,2477
2021-12-29,0.9997370620089627,1.0012536781852077,2476
2021-12-30,1.0030724097289279,0.9985973956319895,2478
2021-12-31,1.0009791265005876,0.9998226391062136,2479
2022-01-03,1.0098394286963215,0.9993260381834203,2478
2022-01-04,0.9981507117422418,0.9993560630062095,2480
2022-01-05,0.9765117662997377,0.9998851404204026,2480
2022-01-06,1.0008118621066229,1.0011296365283469,2479
2022-01-07,0.9962177609804387,0.9986310384714868,2478
2022-01-10,0.9989380332421964,1.0005157663483792,2477
2022-01-11,1.0104821091616618,1.0005322051941539,2477
2022-01-12,0.9930855968979434,0.998699663664589,2476
2022-01-13,0.989971840515847,1.0000110437566332,2475
2022-01-14,1.008001160194982,0.9988671008439419,2474
2022-01-18,0.9863346354291569,1.0003901405228333,2474
2022-01-19,0.9848483468003828,0.9999697691509668,2475
2022-01-20,0.9802766110675439,1.0002517609910069,2477
2022-01-21,0.9855622716071939,1.0005654596345295,2476
2022-01-24,1.0269454061741525,1.0002085114876582,2476
2022-01-25,1.0081477193308908,0.9973622740086914,2477
2022-01-26,0.978073377212822,0.9981877128233195,2479
2022-01-27,0.9743790907324841,0.9992702333174005,2481
2022-01-28,1.0160385886061607,0.999942039420438,2481
2022-01-31,1.0316641761298608,0.9995261251968082,2481
2022-02-01,1.0099580242567745,0.9978408031827699,2482
2022-02-02,0.991162107883106,0.9984611978113423,2481
2022-02-03,0.9923440500278696,1.0003867728018623,2480
2022-02-04,1.0073539261895108,0.9991333225039143,2484
2022-02-07,1.0035579708350462,0.9996518634782303,2485
2022-02-08,1.012556708749034,0.9994382249679,2485
2022-02-09,1.0084140921495155,0.9993939374731263,2483
2022-02-10,0.999636669015642,0.9984397318119138,2487
2022-02-11,0.988539044871591,0.9992873834923317,2489
2022-02-14,0.9926539801571986,0.9993871984146634,2489
2022-02-15,1.0146297830082363,1.0000979313524425,2489
2022-02-16,1.0072091107709058,0.9989809709924612,2488
2022-02-17,0.9873804711028701,0.9988183427397815,2488
2022-02-18,0.9946032525228362,0.9993989360934838,2486
2022-02-22,0.9899959254065032,0.9987990669272345,2486
2022-02-23,0.9770940404363141,0.999038817362025,2486
2022-02-24,1.0443828302094915,1.000168689839214,2487
2022-02-25,1.0178562199729917,0.9976002028693445,2489
2022-02-28,1.0111449775356456,0.9995825190186179,2488
2022-03-01,0.9843985309773066,0.9997036611192263,2490
2022-03-02,1.0160581850543315,1.0001301492233305,2492
2022-03-03,0.9875068062560868,1.0000712207895226,2490
2022-03-04,0.9958436878626101,0.9994594643538651,2488
2022-03-07,0.9765549059377554,0.9996723594085569,2486
2022-03-08,1.0019316475874465,0.9995574441945669,2486
2022-03-09,1.0092110579744953,0.9991987558929474,2485
2022-03-10,1.00933058476994,0.9988038528042962,2486
2022-03-11,0.9798300691497741,0.9987974660993442,2486
2022-03-14,0.9794315635682668,1.000251042154043,2485
2022-03-15,1.010438972804682,0.9994138874885771,2485
2022-03-16,1.0171097812494798,0.9986829534688634,2487
2022-03-17,1.02137341133367,0.9991520100583722,2490
2022-03-18,1.0141070802576264,0.999457842436401,2491
2022-03-21,0.9954880950010012,0.9996511055967473,2489
2022-03-22,1.0053080556083696,0.9996704214144119,2490
2022-03-23,0.9916474757280641,1.0002470422051486,2489
2022-03-24,1.00575630517978,1.0004163374501998,2487
2022-03-25,1.00081129471497,0.9993355926688107,2485
2022-03-28,0.9999661086310087,0.9987058230024263,2484
2022-03-29,1.011724499852763,0.9997878574112083,2480
2022-03-30,0.9888330743630407,0.9989687305506456,2481
2022-03-31,0.9898789418994839,0.9993845628473793,2481
2022-04-01,1.0014182741053295,1.0003643817513266,2482
2022-04-04,1.0022925292662226,0.9993046542779824,2483
2022-04-05,0.983410144874837,1.0002002437620932,2483
2022-04-06,0.995285841078381,0.9998485442090943,2482
2022-04-07,0.9975758586970451,1.0001763563431239,2482
2022-04-08,0.9970538515671694,0.99997326048453,2480
2022-04-11,0.9953415058409089,0.9997305724835437,2479
2022-04-12,0.9916097253280197,0.9994125497514792,2476
2022-04-13,1.0141361498034147,0.9994125725308063,2475
2022-04-14,0.9914505092116748,0.9998222146645047,2477
2022-04-18,0.9950412529538386,0.999929834595839,2474
2022-04-19,1.015956848126983,1.000892086483617,2473
2022-04-20,0.9983542759804837,0.9993598606001495,2474
2022-04-21,0.9714945381118049,0.9997783643659339,2472
2022-04-22,0.9801349246440184,0.9990581774499595,2471
2022-04-25,1.0097626349868778,0.9995783912977632,2470
2022-04-26,0.9769332452689843,0.9996800754410092,2471
2022-04-27,0.996822158250644,1.0013985195243504,2471
2022-04-28,1.0076260785115243,0.9991459239021517,2473
2022-04-29,0.9797641059587893,0.9996923839139275,2472
2022-05-02,1.0066004736285183,1.0003337667981345,2472
2022-05-03,1.0081072188798013,0.9998117975304871,2473
2022-05-04,1.022540650502798,0.9991587855029946,2469
2022-05-05,0.9743279327199567,0.9988325147893077,2469
2022-05-06,0.9902929857482823,1.001437060417845,2468
2022-05-09,0.9746294575357045,0.9996089978195307,2465
2022-05-10,0.9844291641030523,0.9993776233113412,2465
2022-05-11,0.9773883424798426,0.9986753964099124,2464
2022-05-12,1.0139820327567686,0.9994391580829927,2464
2022-05-13,1.0183321670911065,0.9992937854888172,2464
2022-05-16,0.9998396067765912,0.9999585922228023,2464
2022-05-17,1.0110300638010299,0.9987017162429136,2465
2022-05-18,0.9773201594560381,0.9984664251498755,2465
2022-05-19,1.009720559823222,0.9992840582678101,2465
2022-05-20,0.9862706562634777,0.9991852803495948,2466
2022-05-23,1.001481560228616,0.9988545321362389,2465
2022-05-24,0.9930947318848009,0.9991881863841378,2465
2022-05-25,1.019033968434276,0.9998364209978717,2465
2022-05-26,1.0161284493859566,0.9986816658032345,2466
2022-05-27,1.0175074585894321,0.9998635863571343,2466
2022-05-31,0.9953270086139201,0.9989544078340152,2466
2022-06-01,0.9877255442334067,0.9997585629056376,2467
2022-06-02,1.0196704019789395,0.9990327624359876,2467
2022-06-03,0.999299807019229,0.9995485190978982,2466
2022-06-06,0.9918837101281602,0.9982110971726342,2466
2022-06-07,1.0205013161326255,0.9995486856405693,2465
2022-06-08,0.9949177130703406,0.9988744035825993,2463
2022-06-09,0.9852859289069668,0.9987024929268289,2463
2022-06-10,0.9892347183460979,0.9992113127901303,2464
2022-06-13,0.9774259774360687,0.9991615783889107,2463
2022-06-14,0.9911022506682398,1.0000532479228372,2463
2022-06-15,1.0053361523246485,0.9989460332739085,2464
2022-06-16,0.980354695606167,1.0005597759509377,2464
2022-06-17,1.003494870196315,0.9992840819757769,2463
2022-06-21,1.0022888360748514,0.9989989952738799,2462
2022-06-22,1.012094160417776,0.9983993165616287,2462
2022-06-23,1.00426170677314,0.999927445340458,2465
2022-06-24,1.0183093555762872,0.9996105673642555,2462
2022-06-27,0.9990353160632329,0.9999720996674475,2462
2022-06-28,0.9781505784855816,0.9996758688206265,2464
2022-06-29,0.9896108795933259,1.0001662179783453,2463
2022-06-30,1.0072109714689903,0.9993387627046315,2462
2022-07-01,1.0124819902145987,0.9989754198688316,2462
2022-07-05,1.0155962292129053,0.9996438268729453,2460
2022-07-06,0.9937671493199339,0.9995992847445804,2459
2022-07-07,1.0134603375893112,0.9989337649119239,2460
2022-07-08,1.0020338305720213,0.9991288105653923,2461
2022-07-11,0.9910802190293365,0.9998150205475173,2460
2022-07-12,1.0005463384196365,0.9992582063108617,2458
2022-07-13,1.0129167773642378,0.9990208621205117,2456
2022-07-14,1.0026516700038342,0.99880158390093,2457
2022-07-15,1.0043159317277062,0.9996708153705506,2457
2022-07-18,0.9911690530827495,0.9991335969737887,2456
2022-07-19,1.0190223733026764,0.9986102186478877,2452
2022-07-20,1.0119791533586775,1.0003703928517875,2452
2022-07-21,1.0085163521420537,0.9994699455522809,2450
2022-07-22,0.9860706745853686,0.9999490676649826,2449
2022-07-25,1.0015640070684113,1.0000249459705468,2448
2022-07-26,0.9953386911437802,0.9993246490706361,2449
2022-07-27,1.0146614287653304,0.9998355973517076,2452
2022-07-28,1.0084508339376206,0.9989597787741145,2452
2022-07-29,1.0072555039738904,0.9993134336597721,2449
2022-08-01,1.0049489596262398,0.9983947697376911,2448
2022-08-02,1.001702336401838,1.0002206093005195,2447
2022-08-03,1.0051129045946887,0.9994337678918306,2444
2022-08-04,0.998941140872857,0.9993237087129354,2442
2022-08-05,1.013376333273173,1.00067875623903,2442
2022-08-08,1.0034337329647074,1.0000390836813589,2442
2022-08-09,0.9896239874707895,0.9995926242555035,2443
2022-08-10,1.007985787547023,0.9991744157224954,2445
2022-08-11,0.9985481467196229,0.9996197332599908,2446
2022-08-12,1.0122872919621153,0.9995284006579891,2446
2022-08-15,1.0096555595449785,0.9981751374814172,2449
2022-08-16,1.0029762773081485,1.0000057291361095,2449
2022-08-17,0.9956277024778171,1.0011156240065964,2450
2022-08-18,1.0042216771291703,0.9991481094915703,2449
2022-08-19,0.9893178202366136,0.9996481268806562,2448
2022-08-22,0.991963495694948,1.0000284316567971,2448
2022-08-23,1.0008302129272706,0.9994239898774689,2449
2022-08-24,1.0066571377872726,0.9999936619901073,2447
2022-08-25,1.0096147964719517,0.9991085942656793,2445
2022-08-26,0.9700045046837735,0.9996887634665245,2440
2022-08-29,1.0010316318217303,0.9991702283749047,2441
2022-08-30,0.9827813522136066,0.9999723983942608,2443
2022-08-31,0.9916033493034523,0.9994674040456277,2442
2022-09-01,0.9982843870575716,0.9989889557650429,2446
2022-09-02,0.9855576851998374,0.9989529445241648,2447
2022-09-06,0.986345277679999,0.9999544071097587,2447
2022-09-07,1.0198655663119789,0.999191141347341,2448
2022-09-08,1.014092829877639,0.9983406019478352,2447
2022-09-09,1.0096580815208942,0.9999058718215156,2447
2022-09-12,1.0032967998457045,0.9991939789595933,2448
2022-09-13,0.986371551150956,0.9995538202089833,2449
2022-09-14,0.9971426317093774,0.9994120301437077,2450
2022-09-15,0.9977194944715073,1.0001818681479597,2450
2022-09-16,0.9978723155450148,1.000610284875812,2445
2022-09-19,1.014970361227914,0.9987341515955304,2442
2022-09-20,0.9928763667378792,0.9988064343249018,2444
2022-09-21,0.9805896349906779,1.0003196069926228,2442
2022-09-22,0.9816477243644787,0.9990052306225147,2444
2022-09-23,0.987438997912371,0.9990267560179156,2442
2022-09-26,0.9890963811493056,0.9986769886358958,2442
2022-09-27,0.9900286181452957,1.000514143542019,2443
2022-09-28,1.0222262003091944,0.9997759072193865,2442
2022-09-29,0.9894951532154745,0.9998958243725169,2444
2022-09-30,0.9950763265282007,0.9983009577091636,2443
2022-10-03,1.0128181106561036,0.9979162391555599,2443
2022-10-04,1.019395902789503,0.9988166048673273,2442
2022-10-05,1.0059838662803238,0.9997702952441182,2445
2022-10-06,0.9969285330410868,0.9989998922138984,2444
2022-10-07,0.9828708878900224,0.998755090187517,2443
2022-10-10,0.990074370675656,1.0000879002558851,2442
2022-10-11,1.0003882356191593,0.9988589919380502,2439
2022-10-12,0.9963659406168275,0.9982677469531653,2440
2022-10-13,1.0412189234552527,1.0001085846772289,2438
2022-10-14,0.9718868046079525,0.9997884953180262,2436
2022-10-17,1.0084090331342117,1.0005724294035179,2436
2022-10-18,0.9938072767855058,0.9974622456144543,2435
2022-10-19,0.9920123274842112,0.9995883148491796,2436
2022-10-20,0.9906288539089265,0.9994238646422634,2434
2022-10-21,1.0178748532454698,0.9995977330972132,2431
2022-10-24,0.9994737174491685,0.9989491919129998,2431
2022-10-25,1.0239616232830704,0.999537931878558,2431
2022-10-26,1.0028011948548712,0.9997427160937786,2434
2022-10-27,0.992588019245603,0.999066011452243,2437
2022-10-28,1.0167141573040168,1.000507870763968,2436
2022-10-31,1.0033663207787313,0.9982999796111748,2436
2022-11-01,0.9937679591020755,0.9988676763147092,2435
2022-11-02,0.9770279140655999,0.9998409742181892,2433
2022-11-03,1.005130676634367,0.9988750959747447,2433
2022-11-04,1.0002931131763881,0.9988322926420923,2435
2022-11-07,1.0016544572805488,1.0004967318074345,2436
2022-11-08,0.99968827384752,0.9995516749588922,2437
2022-11-09,0.9833018666295484,0.9988119591432856,2438
2022-11-10,1.0189063705363557,0.9990407447803203,2438
2022-11-11,1.0088154282739725,0.9990650421071848,2439
2022-11-14,0.9947938494457842,0.9992999488509197,2438
2022-11-15,0.9965736853513739,0.9985747238659519,2439
2022-11-16,0.9897744048381714,1.000286884827379,2439
2022-11-17,1.0085367892018553,0.9999933157313209,2440
2022-11-18,0.9923527487006941,0.9989858910265996,2439
2022-11-21,0.9991240657546725,1.0001813893606653,2441
2022-11-22,1.00533609904597,0.9982043772331355,2441
2022-11-23,1.0050069307012468,1.0005482764141422,2441
2022-11-25,1.0037938156128694,0.9988757196842687,2442
2022-11-28,0.9904073855182872,0.9992522358597137,2431
2022-11-29,1.0006239326727961,0.9999877447534233,2430
2022-11-30,1.0216254694863778,0.9997859293803378,2429
2022-12-01,0.9979609765093237,1.0011032656326113,2428
2022-12-02,1.015499791652571,0.9995597192398715,2426
2022-12-05,0.9822757359347762,1.0009316707086815,2426
2022-12-06,0.9882062346777071,0.999711694891801,2425
2022-12-07,0.9976042815492737,0.9988214771349223,2423
2022-12-08,1.0012124079641307,0.99934597614348,2424
2022-12-09,0.9952626715464444,0.9997297067287981,2424
2022-12-12,1.007871629032483,0.999589373665246,2424
2022-12-13,0.9810184959074661,1.000533983216555,2429
2022-12-14,0.995006263203763,0.999415406205537,2428
2022-12-15,0.988533071102354,1.0004180937283906,2428
2022-12-16,1.00329681283678,1.001040187249224,2428
2022-12-19,0.9857685073499699,0.9993785451002661,2428
2022-12-20,1.0065730322123891,0.9990261349820669,2428
2022-12-21,1.0078114623457795,0.999568078747972,2426
2022-12-22,0.9948907429033517,0.999368519361129,2425
2022-12-23,1.0062216095313468,0.9990967838677356,2425
2022-12-27,0.9947654428719108,1.0008647706348086,2424
2022-12-28,0.9862429412830216,0.9982462713995125,2423
2022-12-29,1.0175305228380642,0.9990485163845598,2424
2022-12-30,1.0087858506140432,1.000219899217683,2424
2023-01-03,0.9944670426780157,1.0004101618617285,2425
2023-01-04,1.0107215099388909,0.9985463058812827,2426
2023-01-05,0.9996322293313628,0.9993645229912822,2426
2023-01-06,1.0149817262026766,0.999768988094659,2424
2023-01-09,0.9979949161141269,0.9994517398951278,2423
2023-01-10,1.0148855736778852,0.9996372100360471,2421
2023-01-11,1.0070291431559184,0.99935739849929,2421
2023-01-12,1.0090822572711635,1.001079545223717,2421
2023-01-13,1.0141132400044257,1.0000185512598263,2425
2023-01-17,0.9984997234406483,1.0012179240457302,2423
2023-01-18,0.9801604578752724,0.9998280656775594,2426
2023-01-19,0.9978181690811201,0.9993727434869102,2428
2023-01-20,1.0109168030242515,1.0000954926409706,2429
2023-01-23,1.0087736844791177,0.9996901267553663,2428
2023-01-24,1.0012371038185595,0.9998638824076248,2426
2023-01-25,1.0103371386539972,0.999951600120631,2424
2023-01-26,0.9998645553832214,1.0007737224396958,2420
2023-01-27,1.0055330685717192,0.9997294956623751,2420
2023-01-30,0.9948214315628127,1.0010889046416858,2420
2023-01-31,1.0184036146196502,0.9996143753951414,2418
2023-02-01,1.0151475283744376,0.9993739625206257,2418
2023-02-02,1.007216121501603,0.9995671737740617,2418
2023-02-03,1.002942792239386,1.0002808224956803,2419
2023-02-06,0.9960244774849336,0.9998352189264493,2420
2023-02-07,1.0095529848369693,1.0002835250106952,2419
2023-02-08,0.991259623169984,1.0000227852404293,2415
2023-02-09,0.9790554960545578,1.0004119009710901,2416
2023-02-10,1.0032321068039727,1.000000375793316,2417
2023-02-13,1.007832436343307,0.9996486777510691,2416
2023-02-14,1.002991729640764,0.9989205100995541,2419
2023-02-15,1.0134207625684197,0.999994190229034,2418
2023-02-16,1.0024450047995537,0.9995324723085925,2420
2023-02-17,1.00140991654679,1.0000757391661972,2421
2023-02-21,0.9833455817975875,1.000375005743928,2423
2023-02-22,0.9988587002231971,0.9995413441529039,2424
2023-02-23,0.9976295488053931,0.9992997344984784,2423
2023-02-24,1.0008379793417375,1.0002350195886527,2423
2023-02-27,0.9959211863898806,1.0010074025474947,2424
2023-02-28,0.9996882028568371,1.0012026002812615,2421
2023-03-01,1.0000507815142672,1.0002043877771036,2423
2023-03-02,1.0109062070336,1.0000562239524493,2425
2023-03-03,1.009282595428148,1.0009197882016252,2425
2023-03-06,0.987587948783034,1.0001648860262675,2424
2023-03-07,0.9887294951243953,0.9992604547263871,2424
2023-03-08,1.0005145541469236,0.9995224348076236,2424
2023-03-09,0.9741439262703894,1.0008623304464845,2425
2023-03-10,0.9772036388636182,0.9991813918461234,2424
2023-03-13,1.000755350498283,0.9992170097978739,2425
2023-03-14,0.9928133230490901,0.9995584518577885,2427
2023-03-15,1.001722226719987,1.000270455785329,2427
2023-03-16,1.0225612596615903,0.9992569016719635,2429
2023-03-17,0.9831511982030045,0.9995789444358797,2428
2023-03-20,1.0020048174862404,0.9997271434536098,2431
2023-03-21,1.004194719651431,0.9990479521028071,2430
2023-03-22,0.9792174386488207,0.9994941932323207,2429
2023-03-23,0.9891591323800816,0.999405466448144,2428
2023-03-24,1.0141264956073133,0.9997694800673338,2440
2023-03-27,0.9997499861600109,0.9990588029836674,2442
2023-03-28,1.0035155639981248,0.9990930981473384,2442
2023-03-29,1.003119215893679,0.999455823988172,2439
2023-03-30,0.9948412507775356,1.0003204090040518,2442
2023-03-31,1.0097864484725634,0.9986107897334111,2442
2023-04-03,0.9995222984824862,1.0013132155792948,2440
2023-04-04,0.983709143192311,1.0003822367028872,2440
2023-04-05,0.9955189494993973,0.9996507298226448,2441
2023-04-06,1.0025543983490086,0.999810716984786,2442
2023-04-10,1.0122787039423162,0.9995918781057335,2441
2023-04-11,1.00496786510294,0.999918408968883,2441
2023-04-12,0.986288318750455,1.0005054391314125,2441
2023-04-13,1.009255051039516,0.9994763727069895,2440
2023-04-14,0.9920490491356991,1.0004593315111463,2440
2023-04-17,1.008011690092087,1.0001208332586962,2441
2023-04-18,0.9935357654089552,0.9997791575491509,2440
2023-04-19,1.0048958124928855,1.000091538671146,2440
2023-04-20,0.9996524242050417,1.0004605178981871,2442
2023-04-21,0.998846401843204,0.9993022124922585,2441
2023-04-24,0.9996906957642249,0.9999357867253175,2442
2023-04-25,0.984484665970518,1.0006351499160355,2443
2023-04-26,0.9937157301370529,1.0013490816057216,2443
2023-04-27,1.0096856751598524,1.0008856676959814,2443
2023-04-28,1.0113142457513387,1.000645901173366,2444
2023-05-01,1.0008012163889604,0.9999107520700827,2443
2023-05-02,0.9869221340237808,1.0008422019865426,2443
2023-05-03,0.9972653735790618,1.00062217277476,2442
2023-05-04,0.9940775457896788,0.9999811830999746,2442
2023-05-05,1.0104890679103975,1.0010836561383352,2445
2023-05-08,0.9943762518150155,1.0005401011389905,2446
2023-05-09,1.0022456087560108,1.0017721586822677,2448
2023-05-10,0.9929772467055117,1.0003919026811454,2446
2023-05-11,0.9984572986356002,1.001298486840674,2448
2023-05-12,0.9940706073056131,0.9989908210274083,2448
2023-05-15,1.007037072618809,1.000712316051254,2449
2023-05-16,0.9906076666930944,0.999783160896028,2447
2023-05-17,1.014856259608119,1.000868278634798,2446
2023-05-18,1.008265637271187,0.9999608992943189,2448
2023-05-19,0.9904122855826359,1.0012915462270644,2449
2023-05-22,1.0066151464143716,1.0007178399793526,2451
2023-05-23,0.99796429713762,0.9990339628595291,2451
2023-05-24,0.9915007400690565,1.0000927326691702,2453
2023-05-25,0.9921942381523539,1.00199157955267,2453
2023-05-26,1.0079568687394491,1.0000717867601803,2456
2023-05-30,0.9938129345282823,1.0009314100913753,2456
2023-05-31,0.9947819827010835,0.9997864189464446,2458
2023-06-01,1.0082309581779598,1.000704267059267,2457
2023-06-02,1.0185413934397436,0.9999206900160965,2457
2023-06-05,0.9932828850194275,1.0015002579305348,2457
2023-06-06,1.0223764739571222,1.000319103503461,2460
2023-06-07,1.0094792073542143,1.0002281411668434,2460
2023-06-08,0.9993481110316754,1.0001868617528171,2462
2023-06-09,0.9923760116688113,0.9997694742783909,2462
2023-06-12,1.0034664381297687,0.998703799868264,2460
2023-06-13,1.0055114318224272,1.0005513039855451,2461
2023-06-14,0.9897044592566988,1.0000373987298283,2461
2023-06-15,1.0116411899737776,0.9996213285284745,2463
2023-06-16,0.9904488404371888,0.9993106719590212,2462
2023-06-20,0.9970640054423792,1.0011003970049976,2461
2023-06-21,1.001172403593202,0.9999449191375592,2460
2023-06-22,0.9954315564877183,1.0002414813747913,2457
2023-06-23,0.9980091287838277,1.0016620623311716,2451
2023-06-26,1.0017666261455032,0.9998918475578678,2452
2023-06-27,1.008347288224943,1.000460132538555,2452
2023-06-28,1.001574938593386,1.0001702147023714,2453
2023-06-29,1.0095313793491545,1.000626204586009,2455
2023-06-30,0.9985644575857144,1.0006744521044895,2454
2023-07-03,1.0080581091041272,1.0003974227969297,2453
2023-07-05,0.9947294213581245,0.999440041996463,2453
2023-07-06,0.9949285162147523,1.0004455300191948,2456
2023-07-07,1.0107294349548388,1.0007203596778702,2456
2023-07-10,1.010215353227809,1.0001892316109322,2456
2023-07-11,1.0062844682299252,1.0000156690236643,2455
2023-07-12,0.9973404345292254,1.000967707409069,2455
2023-07-13,1.0049673916665736,1.00031858051606,2454
2023-07-14,0.9895479242171332,1.0000917419576139,2456
2023-07-17,1.0078495635291986,1.0008657052874554,2457
2023-07-18,1.0095994015579297,1.000209641751974,2458
2023-07-19,1.0024161954506978,1.0009991677579717,2461
2023-07-20,0.9946637484934875,0.9991900548095431,2461
2023-07-21,0.9931449899169904,1.000228128791205,2459
2023-07-24,1.0024626790483508,1.0007093140426815,2459
2023-07-25,1.000084474632723,0.999692848050456,2459
2023-07-26,1.0074983815975622,0.9994729963963804,2460
2023-07-27,0.9832806648920807,1.0006320499111552,2460
2023-07-28,1.002918226205394,1.0006302972930505,2459
2023-07-31,1.0040282233091835,0.9996357773393909,2457
2023-08-01,0.9999465390516986,1.000665517730182,2458
2023-08-02,0.9955253117563176,0.9995527089188402,2458
2023-08-03,1.0010253103809217,0.9986726956213716,2457
2023-08-04,0.9974358273267918,0.9999453121516594,2457
2023-08-07,0.999805639898268,1.0004234361821893,2457
2023-08-08,1.0039332749844154,1.0000762581668121,2462
2023-08-09,0.9943094190698261,1.0001232838877507,2463
2023-08-10,0.9945691861346522,1.0004889354476003,2462
2023-08-11,1.0030986728216664,0.9995699511715831,2463
2023-08-14,1.0009530338216837,1.0003971530967404,2461
2023-08-15,0.991247898447649,0.9994343148194362,2461
2023-08-16,0.9912487691146327,1.0000446379768666,2463
2023-08-17,0.9888108971313989,0.9996497121763087,2459
2023-08-18,1.0109067276599353,1.000251399357821,2459
2023-08-21,0.9974367072379239,0.9998851581413022,2460
2023-08-22,0.9925301707632329,0.9991886542023685,2461
2023-08-23,1.008205904498181,1.0002167271311464,2461
2023-08-24,0.9904212809230645,0.9997042330460663,2460
2023-08-25,0.9988670939146375,0.9993617607387631,2460
2023-08-28,1.003389404791716,0.9991820844588801,2458
2023-08-29,1.0125461776006737,0.9999866847310663,2458
2023-08-30,1.0035039684918792,1.0000877965800403,2459
2023-08-31,0.9958828801143735,0.9996147492332299,2458
2023-09-01,1.0002171144052998,1.0001913431446208,2459
2023-09-05,0.9871191932329998,0.9995944234969427,2462
2023-09-06,0.993685633370741,0.9995150144924013,2461
2023-09-07,0.9947545003496825,0.9996062750734065,2464
2023-09-08,0.9984603202096435,1.0009986503533264,2463
2023-09-11,0.9961390161854016,0.9991203682157583,2463
2023-09-12,1.0006716290833897,0.9986940742391373,2464
2023-09-13,0.9936918158155582,0.999966834813521,2464
2023-09-14,1.006687924231126,0.9985382428648516,2464
2023-09-15,0.9937587737798745,0.9992949883046951,2463
2023-09-18,0.9933689940123709,1.000526386454796,2465
2023-09-19,0.9972130704581594,0.9993810836065644,2468
2023-09-20,0.9903040584456292,0.9995753974707056,2470
2023-09-21,0.9929393410783673,0.9995014200847356,2467
2023-09-22,0.9937552029644158,1.0004750358813719,2469
2023-09-25,1.0055992079703908,1.0005519942259151,2472
2023-09-26,0.9934877473630109,0.9987504458223659,2470
2023-09-27,0.9982523650962021,1.000843067875526,2471
2023-09-28,1.0057199761189763,1.0000538497189582,2468
2023-09-29,0.990764524772845,0.9990241264872052,2467
2023-10-02,0.9882486898669167,0.9995049349341272,2466
2023-10-03,0.9896623098912039,1.0002379370677135,2467
2023-10-04,1.0014189086537681,0.9998310613117607,2466
2023-10-05,1.0008365209699628,0.9994279417971373,2467
2023-10-06,1.0128711974518205,0.9998183579987835,2467
2023-10-09,1.008348562632304,1.0001810284101906,2465
2023-10-10,1.0073407445913891,0.9987680241232122,2465
2023-10-11,0.9988149040248572,0.9997910034611074,2464
2023-10-12,0.9818802948131342,1.0004952161323606,2464
2023-10-13,0.9908538038320894,1.0004591759135517,2463
2023-10-16,1.0096696022641543,0.9996899888581252,2461
2023-10-17,1.0152605951507983,1.000248608787174,2465
2023-10-18,0.9863039198677017,1.0004083504068437,2465
2023-10-19,0.9872951531721156,0.9999810551527485,2467
2023-10-20,0.9884993359772802,0.9990810316644121,2467
2023-10-23,0.9951860952418206,1.0001792361842758,2465
2023-10-24,1.0005370754805925,1.0014838051996542,2465
2023-10-25,0.9932175077466162,1.0000329830239767,2463
2023-10-26,1.0003979188419878,0.9988632913258887,2467
2023-10-27,0.9872978231650724,1.0002293291914264,2464
2023-10-30,0.9999731138690326,0.9995887457592075,2465
2023-10-31,1.0065169113412613,0.9994241203061051,2464
2023-11-01,1.0029145228874083,1.0000085479959777,2461
2023-11-02,1.0133917033141924,0.9994815723101829,2462
2023-11-03,1.0109334917900348,0.9991534111262617,2464
2023-11-06,0.9903326130905808,0.9997204904617916,2464
2023-11-07,0.99893080508113,0.9988078333126332,2462
2023-11-08,0.9923176843444257,0.9999339106879365,2460
2023-11-09,0.982036599665327,0.9998184556973267,2456
2023-11-10,1.003445041730165,0.9988919649232675,2454
2023-11-13,1.0033011490939092,0.9985442292251921,2454
2023-11-14,1.018999303366231,0.9994269975667116,2456
2023-11-15,1.0048752577283648,1.0005628447575685,2457
2023-11-16,0.9910838447550916,0.9996874039883006,2458
2023-11-17,1.0044154411013693,1.000222478471988,2459
2023-11-20,1.0055953746313335,0.9986659488725154,2460
2023-11-21,0.9942891995807638,0.999343270741102,2458
2023-11-22,1.000416754198514,0.9996884571443853,2459
2023-11-24,1.0078323068192994,1.0004426755968145,2457
2023-11-27,0.9995389628274223,0.999961834840829,2454
2023-11-28,0.9988495733698535,1.0000494256045094,2455
2023-11-29,0.9994675173864573,1.001332681795621,2454
2023-11-30,0.9998470204109342,1.000031591947643,2452
2023-12-01,1.0250024710445196,0.9992769645047048,2453
2023-12-04,1.0113850323331628,0.9998590218104275,2452
2023-12-05,0.9919884459671017,1.0007101228612811,2451
2023-12-06,0.99385786423774,0.9997764751652856,2453
2023-12-07,1.0048930017012403,1.0002725284171858,2455
2023-12-08,1.005429936500765,1.0007790484160426,2457
2023-12-11,1.0002126346215574,0.9990451580715196,2458
2023-12-12,0.9964041964732498,0.9996316995533012,2460
2023-12-13,1.0277081139714215,0.9997499026568631,2459
2023-12-14,1.0081928052835873,1.000209513932648,2459
2023-12-15,0.9913597884368928,0.9996558633816125,2462
2023-12-18,0.9955512106188907,0.9992665580917925,2462
2023-12-19,1.010983053471316,1.0001849648113301,2462
2023-12-20,0.9872050852109199,0.9999602811658295,2461
2023-12-21,1.0052418782231334,0.9986470457479519,2463
2023-12-22,1.004689345246714,1.0002370721563902,2463
2023-12-26,1.0084835447175915,0.9996704798054765,2465
2023-12-27,1.0024442003956238,0.999839752063733,2468
2023-12-28,1.0025442360189543,1.000133110313087,2470
2023-12-29,0.9922939698509613,0.9995109983616599,2470
2024-01-02,1.0020085502910996,1.000630595801528,2471
2024-01-03,0.9872990102940742,1.0005851312583132,2474
2024-01-04,0.9977431752334768,1.0010205022267387,2473
2024-01-05,1.0027402077349785,1.0006150846432393,2471
2024-01-08,1.0134344887011502,0.9997019452282917,2469
2024-01-09,0.9995563362244545,1.0002009939101533,2468
2024-01-10,1.0006523312498206,1.000687663784566,2470
2024-01-11,0.994793417929391,1.0003224137604745,2466
2024-01-12,0.9905129457133657,0.9990734739615209,2465
2024-01-16,0.9946138057978512,0.9989627344190735,2468
2024-01-17,1.002000049287633,0.9999311458783605,2469
2024-01-18,0.9989911312093408,0.9990052372164869,2471
2024-01-19,1.0040871330094536,0.9997358782045912,2470
2024-01-22,1.0101410605941818,0.9993983864831825,2471
2024-01-23,0.993905481264434,0.999754627309853,2472
2024-01-24,0.9858451802034417,0.9992948880979534,2471
2024-01-25,0.999787395151981,0.9987253552916402,2473
2024-01-26,0.9986356166766638,0.9994633997095106,2472
2024-01-29,1.0102694824597571,1.000191946943555,2472
2024-01-30,0.9989083034650458,1.000015044854251,2471
2024-01-31,0.9833633425749274,1.0004038302147,2468
2024-02-01,1.0060999281704461,0.9996750636536453,2467
2024-02-02,1.0023826854815536,0.9995863179223942,2470
2024-02-05,0.993813507713895,0.9997517962324958,2470
2024-02-06,1.0074283065420735,0.9992623164440182,2471
2024-02-07,0.9950146222934821,0.9995032369268734,2470
2024-02-08,1.0080105071247893,0.9996508815206122,2470
2024-02-09,1.0082415865060468,0.999279106924227,2471
2024-02-12,1.0129177625522245,0.9995668136259197,2473
2024-02-13,0.9885424919085499,0.9988831260973272,2473
2024-02-14,1.009105265834143,0.9997680619203414,2472
2024-02-15,1.0128346279986151,0.9988019441261606,2472
2024-02-16,0.9976218839044173,1.0000866939121265,2473
2024-02-20,0.9979986221374075,1.0002786477325507,2473
2024-02-21,0.9999546432444953,1.0000047559770224,2476
2024-02-22,1.0003130396146842,1.0002827893530297,2478
2024-02-23,1.0025569560611916,0.9999369103602369,2476
2024-02-26,1.0035596562880038,0.999399555947572,2477
2024-02-27,1.0025361668794905,0.9990545853771853,2477
2024-02-28,0.99850597982086,1.00027205100492,2478
2024-02-29,0.997332607913338,1.00019142491314,2477
2024-03-01,1.0059940846759856,1.0014914982088636,2476
2024-03-04,0.9944164896958584,1.0009232591895212,2476
2024-03-05,0.9976909509237445,1.0002839283019533,2480
2024-03-06,0.9988995943314507,0.9995017890195267,2481
2024-03-07,1.0012147767933701,1.000465045441836,2479
2024-03-08,0.9946501071402004,0.9992848491272912,2480
2024-03-11,0.9987432926847751,0.999834791034244,2481
2024-03-12,0.9979403948730116,0.9991251547793133,2479
2024-03-13,1.0013376539338679,0.9996127820940334,2479
2024-03-14,0.9861350710980319,1.0009879457013748,2479
2024-03-15,1.0078855275816523,0.9997327445506692,2478
2024-03-18,0.9947984127325524,1.0002796115937238,2478
2024-03-19,1.0073183168954967,1.000007844279604,2479
2024-03-20,1.0180964631305893,0.9995211404358413,2480
2024-03-21,1.001682212057064,0.9996805920556235,2480
2024-03-22,0.9923860352881887,1.0003561356010577,2485
2024-03-25,0.9975329442979732,0.9997562159902087,2485
2024-03-26,0.992767725775027,1.0002674721944456,2483
2024-03-27,1.0139614568748652,0.999626721608248,2486
2024-03-28,1.0041137410039134,0.9997597640600233,2486
2024-04-01,0.9918653045427965,0.9996200665502517,2485
2024-04-02,0.9973057477613673,1.0001422558502586,2485
2024-04-03,1.0078055331719185,0.9989803871925854,2485
2024-04-04,0.9840295393194901,1.0011559935110015,2483
2024-04-05,1.0050001866405684,0.9998781974698449,2483
2024-04-08,1.0001748954405365,0.9996530403101286,2483
2024-04-09,0.9999821819287342,0.9997603994121046,2483
2024-04-10,0.9951310288888512,0.9993908445457392,2481
2024-04-11,0.9983372904661807,0.9993343743975535,2481
2024-04-12,0.986228919068554,0.9992159615603218,2479
2024-04-15,0.9819382506046165,1.0000967406243892,2478
2024-04-16,0.9979518633867261,0.9991272990092143,2479
2024-04-17,0.9891692740971938,1.000303533500634,2479
2024-04-18,0.996185086689607,1.000995722487179,2484
2024-04-19,1.0075960153447745,0.9995908640300836,2484
2024-04-22,1.0036004132830996,0.9995337101492185,2483
2024-04-23,1.0125543309473806,1.0006592731194615,2484
2024-04-24,1.0000395339839052,0.9996495055151238,2484
2024-04-25,1.0020789042079234,0.9994376989660646,2483
2024-04-26,1.0047528501726002,1.0003165374558907,2481
2024-04-29,1.003322066423514,0.9994532254502163,2479
2024-04-30,0.9907551353401909,0.9994197984721178,2476
2024-05-01,1.0034737385335313,0.9998042839660448,2475
2024-05-02,1.0044257754618933,1.0004470536992798,2475
2024-05-03,0.9963072648507577,0.9996019575662017,2474
2024-05-06,1.0032803339102536,0.9992980512834293,2473
2024-05-07,0.9973701232381784,0.9999117394463213,2474
2024-05-08,1.005373798319488,1.0000243987089605,2474
2024-05-09,1.0084789668563978,1.0002971863345016,2473
2024-05-10,0.9925856617041438,1.0006481485108818,2471
2024-05-13,0.997668944963815,0.9996468760784221,2472
2024-05-14,1.001932951700454,1.0002816788527809,2472
2024-05-15,0.9980914906831622,1.0006316696376474,2474
2024-05-16,1.0007673759189617,0.9996237647561719,2473
2024-05-17,0.9974940361225381,0.9992850160161837,2472
2024-05-20,0.9993939807793661,0.9997895795036277,2472
2024-05-21,1.0002163398423962,0.9995228582824446,2472
2024-05-22,0.9970155897021373,0.9997158405506125,2471
2024-05-23,0.9815469977678862,1.0006788257342054,2473
2024-05-24,1.0032945358809573,0.9996977443827251,2475
2024-05-28,0.9933991401572302,0.9998709752957209,2475
2024-05-29,0.9974990305639536,0.9996294197980741,2476
2024-05-30,1.006697526741225,1.0009432072131954,2475
2024-05-31,1.005790539695622,1.000552679768987,2473
2024-06-03,0.9900505476464956,0.9999520680022819,2473
2024-06-04,0.9940793896699571,1.0003147366018155,2472
2024-06-05,1.0049827709621943,0.9997060559055263,2473
2024-06-06,0.9991647441588981,0.9995619831681654,2474
2024-06-07,0.9965284138184485,0.9986018014903137,2473
2024-06-10,1.0066229009588101,1.0002638694718675,2474
2024-06-11,1.0025840613593044,0.998912292967646,2474
2024-06-12,0.9920428024717001,0.9998284190691635,2471
2024-06-13,0.9944918530686289,1.0010384137356423,2471
2024-06-14,0.9956048792648942,1.0000199109814125,2471
2024-06-17,1.0063760558316108,0.9986792214128822,2471
2024-06-18,0.9971602144774034,1.0002936084043224,2473
2024-06-20,1.000941894614216,1.0001537012576616,2475
2024-06-21,1.0011984136004148,1.000030581282324,2474
2024-06-24,1.0029047239319748,0.9995418613884265,2475
2024-06-25,0.9935257610575532,1.0003715108331706,2476
2024-06-26,1.004761933245662,0.9996704790392097,2475
2024-06-27,1.0031245053583544,0.9999241057224675,2476
2024-06-28,1.000364004137582,0.9992946350987804,2476
2024-07-01,0.989627597889681,1.0005632609621598,2475
2024-07-02,1.0018724405975068,1.0010935267679957,2476
2024-07-03,1.000387061620494,0.9988313080138225,2476
2024-07-05,0.9960897020328333,1.0000594075607885,2473
2024-07-08,1.0007928106877286,1.000033912286584,2473
2024-07-09,0.998379475279748,0.9997473973816554,2476
2024-07-10,1.0075179336591895,1.0009436828729261,2475
2024-07-11,1.0154944978860616,0.9999867300837436,2477
2024-07-12,1.0036915727387397,0.9999522724035003,2476
2024-07-15,1.0038675538590633,1.0004331693287323,2477
2024-07-16,1.0213892339533934,0.9987996838673672,2477
2024-07-17,1.0002181381182038,0.9994693510534989,2478
2024-07-18,0.9865522535177246,0.9988383647543522,2478
2024-07-19,0.9927598177638784,1.0000403202707058,2477
2024-07-22,1.0091719934488805,0.9992050237215272,2477
2024-07-23,1.0088123465277028,0.9994867039554406,2478
2024-07-24,0.9875017371813316,0.9993157717663055,2478
2024-07-25,1.00695592671821,0.999556879711679,2478
2024-07-26,1.003847986603849,0.9993762041814307,2477
2024-07-29,0.9915084185776238,0.999662200390109,2476
2024-07-30,0.9975494540363273,0.9987622948628518,2478
2024-07-31,0.9999942514017293,0.9983758423165192,2480
2024-08-01,0.976007553986955,1.0003393808879968,2480
2024-08-02,0.9916643875492027,0.9994123638867252,2481
2024-08-05,1.0125297190047182,0.9987736800087851,2482
2024-08-06,1.0063188959467533,0.9999684058984002,2484
2024-08-07,0.9763356956191116,1.0012113655225943,2486
2024-08-08,1.0114604464117543,1.0004990035068346,2486
2024-08-09,0.9966841676265616,0.9988225644423937,2485
2024-08-12,0.9920583447430653,0.998056271981475,2484
2024-08-13,1.0089224598652193,0.9998093986289339,2484
2024-08-14,0.9946431476156966,0.9993495555903624,2486
2024-08-15,1.0061016628227881,0.9992332497243502,2484
2024-08-16,1.0056534539187185,0.9994124138076595,2485
2024-08-19,1.0101730896601067,1.0002369324916023,2485
2024-08-20,0.9919783204417583,0.9991239115471523,2487
2024-08-21,1.006134743033138,0.9991602538291142,2490
2024-08-22,0.9912267551990712,0.9996709384309171,2490
2024-08-23,1.018530974756696,1.000313211379309,2493
2024-08-26,0.9941542626655805,0.9997015602108236,2493
2024-08-27,0.9988160562572094,0.9988828691554418,2493
2024-08-28,0.9960470328885332,1.0007681078875323,2494
2024-08-29,1.0004276997819985,0.9999896627199423,2494
2024-08-30,1.0020168119331894,0.999945198900765,2493
2024-09-03,0.9826164488566389,1.0002431414960098,2493
2024-09-04,1.000642735558338,1.0002975880350493,2495
2024-09-05,0.9949446746781988,0.9995185153697972,2496
2024-09-06,0.9842383387516589,0.9999780468617504,2496
2024-09-09,1.0004535951285263,1.0002552124065214,2494
2024-09-10,0.9993203059000836,1.000965427407055,2494
2024-09-11,1.0066630837029722,0.9997057517491361,2495
2024-09-12,1.0066371338775995,1.000406619423426,2494
2024-09-13,1.0104626336584874,0.999609698622215,2494
2024-09-16,0.9998217141193224,0.9991037132720504,2494
2024-09-17,1.0005700535629765,0.9999358520391887,2495
2024-09-18,0.9972043684225896,0.9997317182672737,2495
2024-09-19,0.9967915126763628,1.0004311326443736,2495
2024-09-20,0.9947003455390098,1.0007872702643974,2495
2024-09-23,0.994832877134036,0.9992965674991262,2496
2024-09-24,0.998451156960265,0.9990898397557928,2495
2024-09-25,0.9902172367980828,1.00071065516688,2496
2024-09-26,1.0001161021731875,1.0000200534194787,2500
2024-09-27,0.9992203551123681,0.9999774923058439,2502
2024-09-30,1.003191100806666,0.9995172666496019,2502
2024-10-01,0.9903865261842196,0.9994406568487615,2502
2024-10-02,1.0015324554410945,0.99979285872455,2502
2024-10-03,0.9989263480934623,1.0001720516365227,2503
2024-10-04,1.0019094717778145,1.000412107992893,2504
2024-10-07,0.9955463943307828,1.0004772820316163,2509
2024-10-08,0.9985863393718655,1.0002867289577646,2509
2024-10-09,1.0037788921010302,0.9993666205998256,2509
2024-10-10,1.0017365091971073,0.9995836190508175,2512
2024-10-11,1.0150166001728387,0.999749666657507,2511
2024-10-14,1.003841080528986,1.0007550624822565,2510
2024-10-15,0.9986944862692654,1.000648504816453,2510
2024-10-16,1.008407648766077,0.9998788301875021,2508
2024-10-17,0.9982014649430873,0.9997639850894231,2508
2024-10-18,1.000000029461547,1.0003755908292,2508
2024-10-21,0.9887124732042961,0.9996877794900163,2509
2024-10-22,0.9992324011392539,1.0000741072391313,2510
2024-10-23,0.9959607111482182,1.0013608371389928,2511
2024-10-24,0.9972403983223068,1.0007918250201076,2510
2024-10-25,0.9927225595165735,0.9996427174587856,2508
2024-10-28,1.007305079144223,1.0007375538883,2510
2024-10-29,1.0003531279800857,0.9997341251939473,2510
2024-10-30,1.0008960403951523,1.0000320728592393,2509
2024-10-31,0.9867956019271499,0.9993650548953841,2510
2024-11-01,0.9965584377678454,1.0004067844579674,2510
2024-11-04,1.0020235935411972,1.0005421405817783,2509
2024-11-05,1.015342988038038,0.9998612443740817,2507
2024-11-06,1.0086193413383706,0.9999345699818102,2507
2024-11-07,0.9973595789001091,1.000606341791557,2508
2024-11-08,1.0027947265263146,1.0002186141821838,2508
2024-11-11,1.0022596822715677,1.0001762805273346,2508
2024-11-12,0.9921218669929851,0.9995196734584509,2509
2024-11-13,0.9902444736995949,1.0004745640740529,2511
2024-11-14,0.990086873902766,0.99929173639241,2511
2024-11-15,0.9862276583460861,0.9999335021652205,2510
2024-11-18,0.9996352850035077,0.9994586289640839,2510
2024-11-19,1.0096903111599027,1.0005620908136312,2511
2024-11-20,1.0022896595675437,0.9997939326887473,2511
2024-11-21,1.010098320800233,0.9998772482214368,2513
2024-11-22,1.0117248891104482,1.0004476401497602,2513
2024-11-25,1.0045523137391148,0.9991241027737768,2513
2024-11-26,0.9970980830471935,1.0006252959220723,2514
2024-11-27,0.9985467398001222,1.000653049894412,2514
2024-11-29,1.0012096077282155,0.999247735978559,2511
2024-12-02,1.001138018208818,0.9999353341600099,2509
2024-12-03,0.9941190265547365,1.0005693191634275,2511
2024-12-04,0.999548847011466,1.0002537076976905,2513
2024-12-05,0.9916530959323098,0.99981917491281,2513
2024-12-06,0.9962783588115908,0.9996405721156233,2512
2024-12-09,0.9957622765011954,0.9996723005631708,2513
2024-12-10,0.9955823093012034,1.0003799321281173,2513
2024-12-11,0.9960765210258394,1.0005676779975334,2514
2024-12-12,0.9916097820959885,0.9993708047294539,2514
2024-12-13,0.9941781303055797,0.9988406399022983,2514
2024-12-16,1.0005088020992545,0.9992194498560614,2513
2024-12-17,0.9968856495756167,0.9994756395590482,2513
2024-12-18,0.9618712168935087,0.9992067950345488,2513
2024-12-19,0.9877697226047185,0.9994554567333143,2515
2024-12-20,1.0166949255636926,0.9987678546352639,2516
2024-12-23,1.0032429241079746,0.9987978262500488,2518
2024-12-24,1.0078432667836554,0.9995873981598044,2519
2024-12-26,1.0138612997331304,0.9998463496328251,2516
2024-12-27,0.9961483109896337,1.0003869958311307,2518
2024-12-30,1.0027049086657338,1.0000108388009903,2519
2024-12-31,0.9980234351235873,0.9992250003772035,2520
2025-01-02,0.9967015505289366,0.9998028363388212,2524
2025-01-03,1.0099383234035482,1.0007689497239853,2525
2025-01-06,0.9949920670846625,1.0001610599436255,2526
2025-01-07,0.9902129076119086,0.9999725513827527,2530
2025-01-08,0.9976215480251953,1.0005504037005248,2531
2025-01-10,0.9911807205242059,0.999271197996884,2531
2025-01-13,1.0078034405069216,0.9994296692024149,2530
2025-01-14,1.0014101036396652,1.0001783172139953,2530
2025-01-15,0.9970247085942295,1.0007423806061577,2530
2025-01-16,1.0021464644741458,0.9995936888865159,2531
2025-01-17,0.998015198550487,0.9991742847234502,2530
2025-01-21,1.006600021729532,0.9996276633872488,2530
2025-01-22,0.9941875701410713,0.9998602740457377,2531
2025-01-23,1.0072651617736073,0.99995147627392,2532
2025-01-24,1.0002300722818185,0.9995239801409594,2532
2025-01-27,0.99921294469665,1.000466130661057,2533
2025-01-28,0.9980544960411625,0.999174681901463,2533
2025-01-29,0.9977384919265256,0.9990671720149895,2533
2025-01-30,1.0019646898070278,0.9996464604273659,2533
2025-01-31,0.9910653759262832,1.0011288332003063,2533
2025-02-03,1.0075502375289445,0.999844918530526,2535
2025-02-04,1.011812134763718,0.9999495354956884,2536
2025-02-05,1.0050762606835493,0.9992341853883767,2538
2025-02-06,0.9953820518565549,0.9998489294792723,2537
2025-02-07,0.987797943448696,0.9995673195821867,2536
2025-02-10,0.9977902077634381,0.9996319879904966,2536
2025-02-11,1.003066788609622,0.9999283896218476,2539
2025-02-12,1.0051595995304474,0.9995636333989565,2539
2025-02-13,1.0071886741891496,0.9992219320950757,2540
2025-02-14,0.9959550743276246,0.9991325061537006,2543
2025-02-18,1.0019932334684227,1.000082649657371,2544
2025-02-19,1.00201540112563,0.9996033000411265,2545
2025-02-20,0.9945057315061763,0.9988047094599705,2546
2025-02-21,0.9747146865685229,0.9986066042688737,2548
2025-02-24,0.9889072243386081,0.9988408477535836,2550
2025-02-25,0.9947598768629468,0.9977682967249654,2552
2025-02-26,0.9978644995071911,0.9986743988061572,2552
2025-02-27,0.9858322835191237,0.9984384647432215,2553
2025-02-28,1.009692535350851,0.999293456133724,2553
2025-03-03,0.9709824526271755,1.000009925562264,2555
2025-03-04,0.9991496351102225,0.9983626254193779,2558
2025-03-05,1.0116856572092756,0.9996711321079106,2559
2025-03-06,1.0001828387823737,0.9979610496956283,2559
2025-03-07,1.0085457521482943,0.9992100461938953,2560
2025-03-10,0.9841551462866757,1.0008059371765605,2559
2025-03-11,0.996501152123739,0.9992137455298156,2560
2025-03-12,0.9956574493822904,0.9989871585137662,2560
2025-03-13,0.9863261181544287,0.9997885346182868,2560
2025-03-14,1.0121731589106964,0.9987353571368012,2560
2025-03-17,1.0132899238853508,0.9989036900081444,2561
2025-03-18,0.9958592627626146,0.9998065142375954,2561
2025-03-19,1.0099010042033552,0.9995789717792054,2562
2025-03-20,1.0028360591368595,0.998683859501697,2562
2025-03-21,1.0032375011321235,0.9998901016183523,2561
2025-03-24,1.0062487959351925,0.999607068262993,2561
2025-03-25,0.9923222188347883,0.9994602806426193,2561
2025-03-26,0.9922667814932996,0.9991528355334525,2560
2025-03-27,1.000469795621828,0.9977164037748546,2561
2025-03-28,0.9813314424677996,1.0006277226332243,2561
2025-03-31,1.0056914504835792,0.9986516068193054,2564
2025-04-01,1.0020014599920146,0.9990486734836482,2564
2025-04-02,1.0216630876313981,0.9994042917343257,2563
2025-04-03,0.97768525108766,0.9988319851284516,2563
2025-04-04,0.982705706914885,0.9986051948491248,2564
2025-04-07,1.0229206694519217,0.9995079640148483,2567
2025-04-08,0.944555961782515,0.9988412078610426,2567
2025-04-09,1.0899824281483812,1.001502824064172,2567
2025-04-10,0.9812637272780913,0.9960718087877148,2567
2025-04-11,1.0155982698994015,1.0008987685770878,2566
2025-04-14,0.9975876535222777,0.9981886806716089,2564
2025-04-15,1.00001553662542,0.999405721154611,2563
2025-04-16,0.9954553079264693,1.000042755670746,2561
2025-04-17,1.0083868504811508,0.9996294518656721,2562
2025-04-21,0.9904587816249617,0.9981017105861294,2563
2025-04-22,1.014007948463547,0.9995736487720217,2563
2025-04-23,0.9914615114556574,0.999943869666167,2562
2025-04-24,1.01850920898806,1.0010053116873505,2565
2025-04-25,1.0053441531802156,0.996791699637585,2565
2025-04-28,1.0022113701815243,0.9988035188604375,2564
2025-04-29,1.0062475511473763,0.9986389130017617,2561
2025-04-30,1.0089269100670373,0.9977362746202678,2561
2025-05-01,0.998981460643132,0.9985403510141735,2561
2025-05-02,1.0088165316113507,0.9989752344943416,2561
2025-05-05,0.998719382773485,0.9994827141866097,2561
2025-05-06,0.9981734456836178,1.0005575621056408,2560
2025-05-07,0.9979652241267049,0.9987547432977186,2558
2025-05-08,1.0093753319080396,0.9985455076193059,2560
2025-05-09,0.9983625011358465,0.9982286577665348,2561
2025-05-12,0.9989832828119377,0.9991759628622227,2561
2025-05-13,1.0015615984510848,0.9995081273386516,2561
2025-05-14,0.993772686655664,0.9998590802827241,2560
2025-05-15,1.008847401324243,0.998817172944411,2560
2025-05-16,1.0077171361339685,0.9983444927396206,2561
2025-05-19,1.0105304265961768,0.9991002666800183,2562
2025-05-20,1.0014363321024193,0.9986295829633662,2561
2025-05-21,0.9837301329545839,0.9993328794557094,2561
2025-05-22,1.002825064374292,1.0023119500121616,2561
2025-05-23,1.0108838964958866,0.9993582157514819,2564
2025-05-27,1.00990157712629,0.9983362115100137,2564
2025-05-28,0.9908135532638982,0.9988588240252922,2564
2025-05-29,0.999233929896584,1.000481146645595,2564
2025-05-30,0.99891013843416,0.9998639545260883,2565
2025-06-02,1.0005659494117507,1.0002978315870699,2564
2025-06-03,1.0126622002299963,0.9999885988215412,2562
2025-06-04,0.9981271236859375,0.997389756201833,2560
2025-06-05,0.9966689328184811,1.000260586290656,2562
2025-06-06,1.004914349829775,0.9998839562438966,2562
2025-06-09,1.0003458475446232,1.0006227949375988,2562
2025-06-10,1.0025909567577305,1.0000187740740094,2562
2025-06-11,0.9928638054079494,0.9988637564622331,2562
2025-06-12,1.0026213660861116,0.9997109565435822,2562
2025-06-13,0.9925672784301888,0.9993110871820795,2562
2025-06-16,1.0028057871409262,1.0014105100097177,2562
2025-06-17,0.9951979917915703,0.999382709974502,2561
2025-06-18,1.0031255970467714,0.9993179053407272,2561
2025-06-20,0.9901101350086722,0.9995130990068422,2561
2025-06-23,1.0085391691603351,1.0006381143308598,2562
2025-06-24,1.0070528612238665,0.9997627295345637,2562
2025-06-25,0.9915003364624606,0.998514999864781,2564
2025-06-26,1.0089605736403515,1.0006037730543962,2562
2025-06-27,0.9977546036677781,0.9999856986386016,2562
2025-06-30,0.9993979312364754,0.999979492916193,2562
2025-07-01,1.0168796234404809,1.000650855867362,2563
2025-07-02,1.0123330131603177,0.9992107808150953,2563
2025-07-03,1.0050166962102278,1.0003179943109022,2564
2025-07-07,0.9927821510377706,1.000020271291986,2564
2025-07-08,1.0056159012442711,1.0006940650920713,2564
2025-07-09,1.0023196474047833,0.9997613886438348,2563
2025-07-10,1.0073316352397275,0.9998953908213167,2560
2025-07-11,0.9970418121532199,0.9999584551663474,2560
2025-07-14,1.003732110503616,1.000319192265311,2559
2025-07-15,0.9798617956251218,1.0001534408752728,2559
2025-07-16,1.0029258652589057,1.0024559592043654,2559
2025-07-17,1.0092065160601777,1.000576792745137,2561
2025-07-18,0.9883516065864467,1.0000853191862815,2562
2025-07-21,0.9948696586163186,1.000989034990549,2562
2025-07-22,1.0111779028169234,0.9994640421933798,2562
2025-07-23,1.008152777908081,0.9995338010086374,2562
2025-07-24,0.9909772634240528,0.9995624005661378,2562
2025-07-25,0.9997010961276123,1.0010998678707548,2563
2025-07-28,0.994245832772927,0.999262291513711,2562
2025-07-29,0.9875163261317916,1.0003268232024363,2564
2025-07-30,0.9867273324237303,1.0003990908356104,2565
2025-07-31,0.9940252451601098,1.001040186024669,2565
2025-08-01,0.9929151577583781,0.9993825489201847,2565
2025-08-04,1.0109961460780483,1.0002139589280665,2565
2025-08-05,1.0006917202001542,0.9992061297171141,2563
2025-08-06,0.9977404449901133,0.9998819244810137,2564
2025-08-07,0.9903777053481927,0.999956577169476,2564
2025-08-08,0.9985405399721248,0.9993122635409748,2563
2025-08-11,0.9955769757782379,1.0006907456071912,2562
2025-08-12,1.0184622895297042,0.9993073685348544,2564
2025-08-13,1.0135120505014974,0.9982610623720464,2564
2025-08-14,0.9997530595107598,0.9989093597617167,2565
2025-08-15,0.9933767200689486,1.000023005607305,2565
2025-08-18,1.0024839886969956,1.0010337309024229,2567
2025-08-19,0.9942640666422781,1.0007083157095389,2566
2025-08-20,0.9983680478115482,1.0004806708256155,2565
2025-08-21,1.0056414043911355,0.9996021049839244,2565
2025-08-22,1.0263287692334384,0.9999312434338318,2566
2025-08-25,0.994702075066028,0.9970947399715405,2568
2025-08-26,1.003658376821142,0.9999326953230039,2569
2025-08-27,1.005797920647548,0.999641769393368,2569
2025-08-28,0.9983494162645371,1.0003258658286416,2570
2025-08-29,0.9976493329047265,1.0003980195366537,2572
2025-09-02,1.0044946957177434,0.9997747050092767,2572
2025-09-03,1.0003987137984933,0.9988905808615928,2572
2025-09-04,1.0067630193480244,0.9991388067283133,2572
2025-09-05,1.0005282495689811,0.9989016821476744,2572
2025-09-08,0.9992766891040232,1.0001627504823143,2570
2025-09-09,0.9977876462938333,1.0003292854094428,2571
2025-09-10,0.9981974892825562,1.0002802554231105,2571
2025-09-11,1.0164206392341382,1.0002147369587493,2571
2025-09-12,0.9925525046314406,0.9993657723230854,2570
2025-09-15,0.9966645403259634,1.000640216288817,2569
2025-09-16,0.9984940122821885,0.9999845547597849,2570
2025-09-17,0.997501659279952,1.000963438203709,2571
2025-09-18,1.0098828676637488,1.0000094168129954,2573
2025-09-19,0.9905578402952413,0.9981791047824284,2573
2025-09-22,1.0058160205775881,1.0009047513549274,2574
2025-09-23,0.9951886088522205,0.9996834382467162,2575
2025-09-24,0.9965014639019228,1.0003804969853036,2575
2025-09-25,0.9962162643115355,0.9996673831181806,2576
2025-09-26,1.0058948566625678,0.9993371122354565,2574
2025-09-29,0.993579483271285,0.9986207858923548,2574
2025-09-30,1.001704261586352,1.0006541847258992,2576
2025-10-01,1.0062856943244183,0.9995863530892855,2576
2025-10-02,1.0013442454585881,1.0001867007557186,2576
2025-10-03,1.0031100312965608,1.0006223590875798,2575
2025-10-06,0.996640227026942,0.9995665462998886,2576
2025-10-07,0.9880978563542328,1.000323515850305,2577
2025-10-08,1.0037948030936683,1.001050096515363,2577
2025-10-09,0.9907224615632841,1.000230333710678,2576
2025-10-10,0.9669133889035328,1.0008044236507756,2578
2025-10-13,1.0057129632677437,1.0035607785126253,2580
2025-10-14,1.023036223640264,0.9986678817900594,2579
2025-10-15,0.9977114114140243,0.9988649346723937,2579
2025-10-16,0.9812033145732185,1.0010787085464634,2579
2025-10-17,1.000197390423786,1.0021720397415728,2579
2025-10-20,1.008887464980966,0.9988961234381397,2579
2025-10-21,1.0021965874760121,0.9990335353799671,2581
2025-10-22,0.9940322558554471,0.9995033171591542,2580
2025-10-23,1.00636621904444,1.0001565607088718,2580
2025-10-24,0.9990606620947452,0.9992006156196105,2580
2025-10-27,0.9931153500798182,0.9989044509195023,2579
2025-10-28,0.9962675816601351,1.0003912122031668,2581
2025-10-29,0.9887364146447765,0.9999767244427882,2581
2025-10-30,0.9970552570773125,1.000776861227876,2581
2025-10-31,1.0041566758409333,0.999234079365581,2581
2025-11-03,0.9972862041796406,0.999611613681211,2581
2025-11-04,0.9950461545349868,0.9985184885898163,2580
2025-11-05,1.009766102129886,1.000259175735294,2582
2025-11-06,0.9857721940220316,1.0001845990652305,2583
2025-11-07,1.0104918887997032,1.0008329667006224,2582
2025-11-10,0.9994462628884713,0.9997977264747755,2583
2025-11-11,1.0039618002351516,1.000225224203525,2585
2025-11-12,0.9992860850900709,1.0005423031446816,2579
2025-11-13,0.985108330044066,0.9994959123455367,2579
2025-11-14,1.0092198685341478,1.0005446723169042,2579
2025-11-17,0.9821768954427004,0.9995767658489437,2579
2025-11-18,1.0073776537183354,1.0004617384052195,2578
2025-11-19,0.9938196921837793,0.9991930475662446,2578
2025-11-20,0.974043745606584,0.9995976455405544,2578
2025-11-21,1.021703963087055,1.0024440861683017,2579
2025-11-24,1.0087331700690616,0.9984741601302156,2580
2025-11-25,1.0162924318727595,0.9994198041540493,2578
2025-11-26,1.0083014942772612,0.9981917071518738,2578
2025-11-28,1.0032705558220472,0.9994896263491427,2578
2025-12-01,0.998618636678821,0.9993553329007723,2578
2025-12-02,0.9939883226925013,1.0004253708150674,2579
2025-12-03,1.0140535034784186,0.9994068449568455,2579
2025-12-04,1.0052108325968823,0.9984491661752737,2579
2025-12-05,0.9968278435512985,0.9996397147935076,2580
2025-12-08,0.993532665202635,1.0008064527631002,2579
2025-12-09,1.0056712154486311,1.0000202006108023,2580
2025-12-10,1.0149069492667522,0.9981588956467906,2580
2025-12-11,1.0076757206385545,0.9982574941639075,2580
2025-12-12,0.9877911703454083,0.9995928011564226,2582
2025-12-15,0.9876643753423046,1.0005414023921522,2582
2025-12-16,0.9975475462852199,0.9999915208279448,2582
2025-12-17,0.9929201232637995,1.001109776959779,2581
2025-12-18,0.9960651550772437,1.0004467305075586,2580
2025-12-19,1.001678979952257,1.0002944078700209,2580
2025-12-22,1.003038952284461,0.9996691876648758,2580
2025-12-23,0.9969291088908225,1.0006832575307956,2580
2025-12-24,1.003086603163778,1.0008256173402323,2584
2025-12-26,0.9989900063328373,1.000706681199082,2583
2025-12-29,0.9966098912176163,0.9991173099530976,2584
2025-12-30,0.9960833611425689,1.0010758649840932,2587
2025-12-31,0.9948931631381863,1.0002623978537237,2588
