date,mean_log_actual_close,mean_log_simulated_close,count
2019-01-02,3.3698330110511105,3.3414409304206045,2311
2019-01-03,3.3561229174383786,3.3650464583652036,2309
2019-01-04,3.382458808029298,3.358100256897887,2310
2019-01-07,3.398063850506777,3.383199041058334,2311
2019-01-08,3.409797552933589,3.405587528934209,2310
2019-01-09,3.4232670028350816,3.4177384398736472,2310
2019-01-10,3.426706454325036,3.416996576700748,2309
2019-01-11,3.43178095149167,3.424592728441932,2305
2019-01-14,3.4249195567409374,3.4235743869731663,2304
2019-01-15,3.4307530957870056,3.423650728422359,2304
2019-01-16,3.4360494128367067,3.4318053885053383,2304
2019-01-17,3.4428557225173746,3.431068530223803,2305
2019-01-18,3.455812502424424,3.4499500653389514,2302
2019-01-22,3.439014143763597,3.4488924383979023,2302
2019-01-23,3.4373974123617335,3.4416884092390685,2302
2019-01-24,3.4428808974479925,3.435186647126168,2300
2019-01-25,3.4563132073890057,3.450314705820425,2299
2019-01-28,3.4494556496342774,3.446049692394654,2298
2019-01-29,3.4491612469345836,3.4507604919181074,2297
2019-01-30,3.461707544606791,3.4554514248675128,2295
2019-01-31,3.469594186134047,3.461237837159138,2294
2019-02-01,3.4743240226511456,3.4715715643749836,2291
2019-02-04,3.481062214711418,3.4716111885222043,2286
2019-02-05,3.4834116240747957,3.481685152862687,2285
2019-02-06,3.482306297371728,3.4818667577194926,2286
2019-02-07,3.472165080709676,3.4769541124335976,2287
2019-02-08,3.4710865925000784,3.465984266263995,2290
2019-02-11,3.4761022870801717,3.473095743337594,2290
2019-02-12,3.4888498862125545,3.483097020907416,2289
2019-02-13,3.493123853880998,3.4915523059412177,2289
2019-02-14,3.493161747656589,3.4870936357066586,2289
2019-02-15,3.5020351588317395,3.4950993083206874,2292
2019-02-19,3.505889334071685,3.498269076968013,2293
2019-02-20,3.5107998723020124,3.507689713764127,2291
2019-02-21,3.5068049928983487,3.5091694653062424,2293
2019-02-22,3.514294544955967,3.5091681125327137,2295
2019-02-25,3.514679806038617,3.5191806759552655,2294
2019-02-26,3.5119163568227556,3.515223135401238,2291
2019-02-27,3.5177430591361576,3.515777444197919,2292
2019-02-28,3.5144153528174917,3.5176035471246205,2290
2019-03-01,3.520113975347891,3.5198997779463226,2290
2019-03-04,3.515870711210673,3.522813893018708,2291
2019-03-05,3.5127957860403125,3.5156494762920967,2293
2019-03-06,3.4971591459122378,3.5116125942190504,2292
2019-03-07,3.487068839103551,3.492256262006761,2295
2019-03-08,3.487951437982435,3.482840050118462,2291
2019-03-11,3.502529627266014,3.492089201735926,2291
2019-03-12,3.504381729209736,3.5043387530161416,2290
2019-03-13,3.5083522747465854,3.5057150316364747,2292
2019-03-14,3.5059930245317212,3.5071350146868188,2292
2019-03-15,3.5085782032221435,3.50662631868283,2291
2019-03-18,3.517037761231143,3.5099232725226868,2291
2019-03-19,3.5139779251781484,3.519700280093229,2293
2019-03-20,3.5071898017291407,3.5118072812588976,2291
2019-03-21,3.5147290820325026,3.503198346049401,2291
2019-03-22,3.486472442286125,3.5095653367907214,2289
2019-03-25,3.4835460362543427,3.480104557215296,2297
2019-03-26,3.491468386260544,3.4902894467475654,2295
2019-03-27,3.4889518168729423,3.4903171857116786,2292
2019-03-28,3.4925799075485804,3.488203334214641,2294
2019-03-29,3.496465378968419,3.4984819143207186,2292
2019-04-01,3.5109947207322985,3.505135137441566,2292
2019-04-02,3.5065247732623854,3.5075736882924153,2295
2019-04-03,3.5061345170972844,3.5072902820322973,2295
2019-04-04,3.510031580418754,3.5062045630198515,2296
2019-04-05,3.518643526142222,3.5114992245818586,2296
2019-04-08,3.51999011348351,3.5185843668887866,2295
2019-04-09,3.5108184011486587,3.51812101102752,2293
2019-04-10,3.519222722892535,3.511761828725497,2291
2019-04-11,3.5177947223109625,3.519248161037158,2290
2019-04-12,3.5195792716766583,3.5226451483960544,2291
2019-04-15,3.515179315335489,3.5188373665750134,2291
2019-04-16,3.5167852728318754,3.5182565953666343,2291
2019-04-17,3.5109954489006467,3.5206121504637973,2290
2019-04-18,3.5109428135687866,3.5107014257455873,2289
2019-04-22,3.5069299539399896,3.508112892061918,2289
2019-04-23,3.517957575080054,3.5072125932786014,2290
2019-04-24,3.518773277629313,3.5192945115262155,2289
2019-04-25,3.5122444138466804,3.5167368624325244,2297
2019-04-26,3.5184689849007134,3.5103331572353107,2295
2019-04-29,3.5217866375759472,3.519611079268505,2297
2019-04-30,3.5169280786840447,3.5192023485682653,2297
2019-05-01,3.518850580547393,3.528128152845237,2296
2019-05-02,3.519576364228366,3.5161857327194013,2296
2019-05-03,3.5343133888279543,3.522405147523229,2294
2019-05-06,3.532269705391011,3.518001646625,2295
2019-05-07,3.51585846065053,3.524953647295033,2295
2019-05-08,3.5113921965289006,3.5120936846297677,2297
2019-05-09,3.502592008851504,3.4999062657833133,2296
2019-05-10,3.5081105578112997,3.503192977809932,2289
2019-05-13,3.480909492240178,3.4909512534734013,2288
2019-05-14,3.4915831192774047,3.4846332155647066,2288
2019-05-15,3.4936737309021866,3.481680764000849,2290
2019-05-16,3.497563108794686,3.4945941304763974,2289
2019-05-17,3.487038024650052,3.490038576553876,2286
2019-05-20,3.4828021963111224,3.4826319593266954,2285
2019-05-21,3.4919753032286276,3.486447670680938,2288
2019-05-22,3.4840280906151215,3.487928951535842,2288
2019-05-23,3.463657725271332,3.4723145143057015,2290
2019-05-24,3.468349931238112,3.467836384023969,2293
2019-05-28,3.4581302619784138,3.4659079934274297,2291
2019-05-29,3.449450672376136,3.4533729172334087,2291
2019-05-30,3.4469675331516907,3.4487524081696113,2293
2019-05-31,3.4380212708102214,3.44070169516609,2296
2019-06-03,3.4427930567236227,3.439823283097513,2297
2019-06-04,3.4638668398326673,3.4491789560427497,2297
2019-06-05,3.4602609946513487,3.4664247130607184,2297
2019-06-06,3.4601061039911425,3.462453859597301,2295
2019-06-07,3.467246476558785,3.4630635927280773,2294
2019-06-10,3.472059183414924,3.4707171380742268,2295
2019-06-11,3.4708021417563955,3.477592526382494,2295
2019-06-12,3.470855400172284,3.4709691718460265,2290
2019-06-13,3.4796174447410424,3.4745893814963904,2292
2019-06-14,3.4641877536569194,3.4684302382519614,2290
2019-06-17,3.4634274213237126,3.461522300753259,2288
2019-06-18,3.474656298511286,3.4677510020531757,2288
2019-06-19,3.4789821170285213,3.475389938276827,2286
2019-06-20,3.484799544023442,3.488250340438649,2290
2019-06-21,3.4762728459858865,3.4768787269267594,2293
2019-06-24,3.4680426786073113,3.477218678837161,2294
2019-06-25,3.462076508713175,3.4673486718231703,2295
2019-06-26,3.4638033006601443,3.4665727488454707,2293
2019-06-27,3.477881522888506,3.4671016419179694,2288
2019-06-28,3.4882033848856335,3.478526653172616,2290
2019-07-01,3.491333950072383,3.499312115545315,2293
2019-07-02,3.488299646530122,3.4911287984692367,2293
2019-07-03,3.494266070089253,3.4904700084497633,2292
2019-07-05,3.495376668733577,3.4884442944139686,2289
2019-07-08,3.4900036843481868,3.494142056158483,2286
2019-07-09,3.490981209204151,3.486731938969899,2286
2019-07-10,3.4918361669001587,3.49322555872246,2285
2019-07-11,3.4872669706538915,3.489901685928037,2288
2019-07-12,3.492033291028236,3.4867876195674667,2288
2019-07-15,3.4900164937026115,3.4942638854523214,2289
2019-07-16,3.489670371448794,3.487802556500247,2287
2019-07-17,3.480983406812734,3.4869489139760055,2288
2019-07-18,3.482006657813486,3.4789308681849658,2287
2019-07-19,3.4764767962536225,3.479902092349683,2285
2019-07-22,3.474782194076842,3.4758161197390254,2287
2019-07-23,3.479686802683835,3.4766844038500966,2288
2019-07-24,3.4930527908956246,3.4791741396632343,2288
2019-07-25,3.481755079642299,3.4908642904306926,2289
2019-07-26,3.471061945510618,3.4656477129028067,2288
2019-07-29,3.4681176021092224,3.47204226233251,2286
2019-07-30,3.474820184238146,3.4631866965562126,2286
2019-07-31,3.4652235364009276,3.47427706923672,2287
2019-08-01,3.451346992823321,3.4666172278477796,2285
2019-08-02,3.440153436363981,3.4461810965235293,2289
2019-08-05,3.411252393898995,3.423965502978827,2291
2019-08-06,3.41881835253144,3.4162265396094127,2292
2019-08-07,3.416829188432198,3.406979425240898,2291
2019-08-08,3.4326477215928444,3.420222054672985,2292
2019-08-09,3.4217149794671484,3.4297075167135906,2288
2019-08-12,3.4062156140791657,3.4126033476927136,2291
2019-08-13,3.4168753692560947,3.405231987538688,2291
2019-08-14,3.388062150677782,3.401470847845867,2289
2019-08-15,3.3823747857272517,3.3888141227582462,2290
2019-08-16,3.3997897990300925,3.386792093707098,2291
2019-08-19,3.409926841467248,3.4100994705751244,2291
2019-08-20,3.4043182419288742,3.4070357502462856,2291
2019-08-21,3.4133091462446337,3.413144713710314,2291
2019-08-22,3.4106064568110486,3.4148741635960147,2293
2019-08-23,3.3828446159281667,3.4041776356259152,2292
2019-08-26,3.3929871681294803,3.3933902349905636,2290
2019-08-27,3.381623714263922,3.3981151346298124,2288
2019-08-28,3.3917062511278604,3.3775773723421203,2291
2019-08-29,3.4050254651311667,3.3995651890361565,2291
2019-08-30,3.4108154236753445,3.4140471457356942,2290
2019-09-03,3.4013317036274504,3.4056878727475564,2289
2019-09-04,3.4073287343072023,3.405368729336781,2293
2019-09-05,3.4240103099689927,3.4153736109713857,2295
2019-09-06,3.424246056219583,3.424339666015124,2294
2019-09-09,3.4354752393907404,3.4273969695838367,2294
2019-09-10,3.4471951273763333,3.4336182264801764,2292
2019-09-11,3.4631438118259483,3.4494916896041783,2290
2019-09-12,3.462801931394945,3.4622398771532152,2292
2019-09-13,3.465785316929976,3.467023027724153,2292
2019-09-16,3.4692636676792814,3.4639918678849155,2292
2019-09-17,3.468701163895967,3.4686320738094683,2289
2019-09-18,3.463877181551181,3.4673468833656287,2290
2019-09-19,3.4583281655964657,3.4631362154850565,2293
2019-09-20,3.457197500511109,3.458646342003542,2296
2019-09-23,3.455398749198898,3.4512718483815075,2297
2019-09-24,3.438722037067884,3.4557334059929063,2299
2019-09-25,3.445360732654448,3.436652251762114,2299
2019-09-26,3.4385987139656065,3.4454954862347242,2296
2019-09-27,3.431742538369476,3.4411886034177597,2297
2019-09-30,3.4327989664214638,3.4325638456008107,2296
2019-10-01,3.4148749528565965,3.4327518637594734,2295
2019-10-02,3.401226867571191,3.406687385962258,2295
2019-10-03,3.40133279534478,3.3939355052110183,2297
2019-10-04,3.4131444910940596,3.4041177140588568,2294
2019-10-07,3.4075868126757194,3.4073477380587733,2296
2019-10-08,3.397128436341187,3.4061077410953167,2296
2019-10-09,3.4033087409275957,3.4068509389167194,2297
2019-10-10,3.4079513203753193,3.404953362504807,2296
2019-10-11,3.424290134294856,3.419233737294886,2294
2019-10-14,3.424000576103231,3.423484325102542,2291
2019-10-15,3.4325164396469985,3.424970867989096,2292
2019-10-16,3.4350787133507628,3.432124607618817,2290
2019-10-17,3.4425501312721245,3.4388412817791125,2290
2019-10-18,3.4429372535599003,3.4410257016060917,2286
2019-10-21,3.451847060307982,3.450706594525862,2287
2019-10-22,3.4517291732234643,3.45334754673378,2288
2019-10-23,3.455910366021166,3.4515891206902425,2286
2019-10-24,3.4537293506990907,3.4592148760657797,2287
2019-10-25,3.455542153232532,3.449307807954265,2285
2019-10-28,3.460978322987615,3.4590379526615784,2285
2019-10-29,3.461309164632622,3.4580110980722787,2288
2019-10-30,3.458694505732456,3.459057080597192,2287
2019-10-31,3.449249832042846,3.454837780137706,2290
2019-11-01,3.466464663747738,3.456504485858833,2287
2019-11-04,3.4711085580375967,3.4701592466320648,2286
2019-11-05,3.4738039593611196,3.4749257885673597,2285
2019-11-06,3.467808212641196,3.4730011998545405,2286
2019-11-07,3.468757738692378,3.4738520341329906,2288
2019-11-08,3.4686664405423535,3.465368848865931,2292
2019-11-11,3.4673451474686146,3.4647887470831824,2293
2019-11-12,3.466194155472885,3.4676198491183277,2292
2019-11-13,3.4631720070334913,3.462487709156,2291
2019-11-14,3.4596941354173634,3.4605573198209085,2291
2019-11-15,3.462991427067322,3.462773829555953,2290
2019-11-18,3.4595775660521566,3.461657697463115,2288
2019-11-19,3.461784110159451,3.462949869279179,2287
2019-11-20,3.457657103836459,3.458291327900091,2287
2019-11-21,3.453212974978715,3.459307850922483,2288
2019-11-22,3.4569945319944573,3.45652014730617,2289
2019-11-25,3.4707053785344097,3.459874610146584,2290
2019-11-26,3.4700583295188996,3.469155866330369,2291
2019-11-27,3.4760446453423923,3.471875024930695,2290
2019-11-29,3.4777764502075152,3.4778079248738836,2281
2019-12-02,3.472835635714868,3.481522243698526,2275
2019-12-03,3.4686278975443416,3.4651264587549897,2272
2019-12-04,3.4764276121608297,3.4741406561409582,2272
2019-12-05,3.477910428735781,3.478265483201543,2274
2019-12-06,3.4873074754071682,3.4843938617540364,2275
2019-12-09,3.486460280460668,3.48750997768957,2275
2019-12-10,3.4874818865378816,3.485730667150497,2275
2019-12-11,3.4896229578969895,3.487614932874405,2276
2019-12-12,3.498918942674679,3.4900810598325704,2279
2019-12-13,3.496134097637824,3.4991997350249444,2280
2019-12-16,3.5042949029438533,3.503598845148185,2274
2019-12-17,3.507622532252433,3.504876411983975,2273
2019-12-18,3.508628736417322,3.5079481025513566,2278
2019-12-19,3.5093045660532742,3.50646616744795,2281
2019-12-20,3.511839105046092,3.5134196899533836,2281
2019-12-23,3.514247519424303,3.5139091133825624,2281
2019-12-24,3.5169940967468865,3.5153557070875903,2282
2019-12-26,3.517399334217467,3.517217566789922,2283
2019-12-27,3.5133316622643744,3.5193872321644193,2284
2019-12-30,3.5134715483969994,3.5147333358462407,2283
2019-12-31,3.51690836866744,3.5109750265563022,2282
2020-01-02,3.5219133786447756,3.5242668702988027,2280
2020-01-03,3.5183954688342416,3.512212816078968,2280
2020-01-06,3.5186790768659897,3.5124373537536333,2284
2020-01-07,3.516205237993788,3.5166635116607217,2288
2020-01-08,3.516251978239235,3.515075758421473,2289
2020-01-09,3.519227493983916,3.520558037429345,2289
2020-01-10,3.5171273313236875,3.5215811489233317,2287
2020-01-13,3.521792658214507,3.5166848402206763,2288
2020-01-14,3.5244336075791995,3.5208416594734184,2289
2020-01-15,3.52798397579115,3.5250001753347515,2289
2020-01-16,3.5404624614141698,3.534667011473726,2289
2020-01-17,3.540018220575041,3.5460145152573967,2288
2020-01-21,3.5344452231629724,3.538783547212529,2287
2020-01-22,3.5338637866601084,3.538048448337952,2288
2020-01-23,3.531632949087026,3.5284150917144927,2289
2020-01-24,3.5179675884638573,3.5328048053568426,2290
2020-01-27,3.5012494635136275,3.500412799526852,2290
2020-01-28,3.5079194760893966,3.5066305492534497,2288
2020-01-29,3.5030249638699735,3.510999563377484,2288
2020-01-30,3.5005918261575535,3.4963588335511404,2288
2020-01-31,3.4786936182207087,3.4947939701328754,2293
2020-02-03,3.48659233514834,3.4842983888762262,2291
2020-02-04,3.4976984152721484,3.4972885632046395,2293
2020-02-05,3.5100822884785288,3.5059188870928377,2295
2020-02-06,3.5077209961197084,3.514097425996236,2296
2020-02-07,3.4907762811522445,3.4985408977157535,2301
2020-02-10,3.491568348064008,3.486631593237083,2297
2020-02-11,3.510828634996675,3.5080977100894914,2298
2020-02-12,3.518395919703742,3.515489351344608,2298
2020-02-13,3.513842037242661,3.511054773266182,2302
2020-02-14,3.5102671715606903,3.513641375643552,2304
2020-02-18,3.508005231436097,3.50804593977208,2304
2020-02-19,3.5118890846933133,3.5098943929494135,2304
2020-02-20,3.5117792805661168,3.507887846678816,2307
2020-02-21,3.502416253940593,3.5086600257621905,2306
2020-02-24,3.472973327487227,3.4755277973653267,2310
2020-02-25,3.4376512715407443,3.4743777755227616,2310
2020-02-26,3.425524867702484,3.4412741672271756,2309
2020-02-27,3.3886152531970835,3.4052350166117606,2310
2020-02-28,3.376489618109001,3.3593929979756316,2310
2020-03-02,3.4047563240106675,3.383539879441651,2309
2020-03-03,3.382359564771915,3.4039444539599617,2311
2020-03-04,3.411066408080632,3.398721666208456,2313
2020-03-05,3.374111908474822,3.3875189923988356,2315
2020-03-06,3.350361223851071,3.346561659189367,2315
2020-03-09,3.237895855633021,3.2720048788983114,2319
2020-03-10,3.2695167337896422,3.273605000087243,2320
2020-03-11,3.208238208341398,3.2449907102654016,2322
2020-03-12,3.084159736234116,3.129108169028404,2325
2020-03-13,3.154503900059454,3.138206992915898,2325
2020-03-16,3.0124410724653243,3.0372370063266723,2326
2020-03-17,3.053504270025561,3.0296849719505494,2325
2020-03-18,2.932111549596258,2.992639040047269,2321
2020-03-19,2.994483171524129,2.9237482509982144,2322
2020-03-20,2.961227470648074,2.999500899405627,2322
2020-03-23,2.9405846648879908,2.968736291700001,2324
2020-03-24,3.030334651747739,2.98728479399889,2322
2020-03-25,3.0614952333779537,3.0378576736759073,2322
2020-03-26,3.1158629119097245,3.0720949511951616,2327
2020-03-27,3.0703417051600606,3.0758276064128194,2337
2020-03-30,3.0806402436075704,3.0734703119738946,2339
2020-03-31,3.0739328554369787,3.0743878297338956,2345
2020-04-01,3.0105558529609655,3.036242265594975,2345
2020-04-02,3.0178393231058678,3.007054531745746,2345
2020-04-03,2.9922040674927883,3.01434267726321,2346
2020-04-06,3.0661601230264846,3.03406316338209,2344
2020-04-07,3.076225150504321,3.1013377468777943,2345
2020-04-08,3.119927235881909,3.0940415523608626,2347
2020-04-09,3.1590799734520485,3.1442911402442673,2345
2020-04-13,3.1395283573169976,3.156038246199812,2347
2020-04-14,3.1592422554671287,3.161552078941196,2349
2020-04-15,3.1207908703580984,3.128444731408599,2350
2020-04-16,3.111959384712475,3.1243596897167727,2350
2020-04-17,3.152707406193029,3.1409836079987157,2350
2020-04-20,3.1365486784903958,3.133216113370731,2348
2020-04-21,3.1161987089770347,3.1144257416080046,2346
2020-04-22,3.129714996524482,3.1360851874834905,2347
2020-04-23,3.141570890627988,3.135314322069227,2349
2020-04-24,3.1517175188228626,3.145727054327786,2353
2020-04-27,3.1899932761470944,3.162547804493759,2352
2020-04-28,3.205592244530934,3.2094847375351585,2354
2020-04-29,3.252389464816382,3.231154716208416,2355
2020-04-30,3.222971288552624,3.2370217601054927,2354
2020-05-01,3.1849946490971965,3.2018559259941224,2355
2020-05-04,3.1877036189530195,3.1730480095582716,2353
2020-05-05,3.188326415170066,3.2050619390819484,2353
2020-05-06,3.177343693773668,3.195567580917406,2351
2020-05-07,3.193479167293219,3.191190628759527,2351
2020-05-08,3.22737643242663,3.2083651379399405,2355
2020-05-11,3.2166933534752977,3.214982290384221,2356
2020-05-12,3.1882308818506058,3.2230792331835176,2356
2020-05-13,3.1532296992540663,3.187333975221707,2356
2020-05-14,3.160552314505097,3.136258299111173,2355
2020-05-15,3.1684660938666847,3.1501347512410045,2356
2020-05-18,3.225984615423745,3.202337089518961,2358
2020-05-19,3.2102289104181576,3.2198257202968823,2361
2020-05-20,3.238932863285015,3.2282640147936923,2358
2020-05-21,3.2403791790249747,3.2359654253467625,2357
2020-05-22,3.2422186915423294,3.241134269822589,2362
2020-05-26,3.27280402231043,3.273227654222518,2360
2020-05-27,3.30093409202347,3.2901002833433344,2361
2020-05-28,3.2855013053354374,3.3095382292516553,2358
2020-05-29,3.277913101557941,3.278492011144775,2360
2020-06-01,3.29222390588827,3.28202272453183,2358
2020-06-02,3.3037809941921976,3.30204991926999,2359
2020-06-03,3.32967071234161,3.3162340331229947,2363
2020-06-04,3.3384765357920143,3.3244765979395865,2363
2020-06-05,3.3751775609777095,3.3708992156942013,2367
2020-06-08,3.405507806743862,3.393470608901088,2366
2020-06-09,3.384754856406474,3.387876057458528,2370
2020-06-10,3.3592407787124525,3.3829234041718186,2369
2020-06-11,3.278042942158061,3.3152351954521064,2370
2020-06-12,3.302706330895361,3.316260442809201,2373
2020-06-15,3.317718727820148,3.2735916406970964,2375
2020-06-16,3.3364488849567002,3.3483446514058834,2379
2020-06-17,3.3223448109151406,3.339408252986328,2380
2020-06-18,3.318143335165491,3.3117642301598607,2382
2020-06-19,3.312477297504973,3.329332207409426,2381
2020-06-22,3.316363694216476,3.311744252927771,2381
2020-06-23,3.3210833460636398,3.3267686639952236,2380
2020-06-24,3.2879195532164087,3.3073044050149263,2381
2020-06-25,3.3010710765621636,3.2828609206597403,2381
2020-06-26,3.275733201108818,3.293217534155287,2380
2020-06-29,3.2988055099735307,3.2821187698105843,2385
2020-06-30,3.3105519330430506,3.2926208897834637,2385
2020-07-01,3.3040944358306277,3.3118549496782066,2385
2020-07-02,3.3081368043132544,3.3189928108542412,2386
2020-07-06,3.3218650333190243,3.3277179183301118,2386
2020-07-07,3.305022535174473,3.3148689886710914,2388
2020-07-08,3.311435148612312,3.3073002352520207,2387
2020-07-09,3.292757592138068,3.310489405417301,2389
2020-07-10,3.3095681387261275,3.2913894749638715,2391
2020-07-13,3.2996846680788567,3.317731423852579,2390
2020-07-14,3.311511885342248,3.295073812403725,2393
2020-07-15,3.3421288719482516,3.328934547308644,2394
2020-07-16,3.3392240520699406,3.3330993677702363,2395
2020-07-17,3.342950491739552,3.3413379519783404,2394
2020-07-20,3.34099834978421,3.340626478853559,2395
2020-07-21,3.3581318877744843,3.351890637301953,2394
2020-07-22,3.359340976336186,3.352656400675472,2396
2020-07-23,3.358521011919237,3.3592853111776524,2397
2020-07-24,3.3490942037723523,3.3542765643894885,2398
2020-07-27,3.353217537166321,3.348040750236789,2395
2020-07-28,3.3453973730462683,3.347273030488796,2396
2020-07-29,3.3621563185073335,3.3496288840018327,2397
2020-07-30,3.355749251111016,3.346991475860464,2399
2020-07-31,3.3455739880186135,3.3546456874592523,2400
2020-08-03,3.359207596603411,3.3499008194117326,2401
2020-08-04,3.3671164869928325,3.357611585160316,2400
2020-08-05,3.382008846806312,3.3758830268997855,2397
2020-08-06,3.378857332723544,3.3776548779674638,2398
2020-08-07,3.3903366591738866,3.374541984330486,2395
2020-08-10,3.4036999447424994,3.3935601293042765,2395
2020-08-11,3.399814497767545,3.412356297949427,2395
2020-08-12,3.403900130049633,3.410729559424281,2395
2020-08-13,3.400120254684138,3.4004104880239123,2399
2020-08-14,3.39947426006379,3.392711334724631,2398
2020-08-17,3.401914550796276,3.400814493894057,2397
2020-08-18,3.391368049137294,3.4017141325874833,2394
2020-08-19,3.3860624872908076,3.3895392270965456,2397
2020-08-20,3.3818513014754727,3.379051505002769,2395
2020-08-21,3.3714682767029096,3.3762031619859743,2396
2020-08-24,3.381528884405531,3.378509542866355,2397
2020-08-25,3.383161527230887,3.3830170694557666,2399
2020-08-26,3.379353273499572,3.3843526859751667,2400
2020-08-27,3.3807719495171074,3.382535582845628,2399
2020-08-28,3.3897745028319166,3.3825218439219973,2400
2020-08-31,3.3780688385407185,3.385756228233475,2401
2020-09-01,3.3817938718329135,3.3753240778732696,2402
2020-09-02,3.3897900324401653,3.381110959733108,2401
2020-09-03,3.364293206435427,3.3855919346971084,2401
2020-09-04,3.3603418274465784,3.372652086538294,2401
2020-09-08,3.3407359935024017,3.346885839547704,2401
2020-09-09,3.3489760718272175,3.3471216184310046,2407
2020-09-10,3.336389539281729,3.3513471005448783,2410
2020-09-11,3.3325181764826417,3.339048191381404,2412
2020-09-14,3.352832678305245,3.3404187492708655,2412
2020-09-15,3.3529191008829726,3.3566219054126933,2414
2020-09-16,3.3593015554683796,3.356361292127849,2415
2020-09-17,3.3558408219175324,3.3444127026624804,2416
2020-09-18,3.3515770086978063,3.3593132926168785,2417
2020-09-21,3.3187689569015686,3.3324111421887244,2420
2020-09-22,3.32259094612704,3.3229783228489413,2420
2020-09-23,3.2952276203538777,3.3242770321971853,2416
2020-09-24,3.2930376701091877,3.289628840922001,2420
2020-09-25,3.3059927770180044,3.2881054235629734,2419
2020-09-28,3.328324889342251,3.318310334898481,2418
2020-09-29,3.322305218300062,3.3258348086364427,2420
2020-09-30,3.3227458646944092,3.3229627676390043,2420
2020-10-01,3.33017885284193,3.32545067056005,2419
2020-10-02,3.336098720498033,3.308642515379402,2418
2020-10-05,3.3603063088062326,3.3455425262897234,2415
2020-10-06,3.3563745746644327,3.365419505710413,2415
2020-10-07,3.375462878460353,3.366632318541919,2415
2020-10-08,3.3903013267661355,3.3826114548367503,2414
2020-10-09,3.394322077712498,3.3958604802629275,2413
2020-10-12,3.3986863995047445,3.396382761785142,2412
2020-10-13,3.390080288905913,3.39230633367022,2412
2020-10-14,3.384997921359922,3.3910765070938615,2412
2020-10-15,3.389536664917578,3.370663615614052,2412
2020-10-16,3.3851945885128036,3.385539932806335,2417
2020-10-19,3.375411941103676,3.3889493945333173,2416
2020-10-20,3.3731437220300813,3.3754877958075182,2416
2020-10-21,3.3664975282777045,3.371351082442471,2418
2020-10-22,3.37814660793143,3.366807194948325,2417
2020-10-23,3.382114166478164,3.3813295829407743,2417
2020-10-26,3.3585151430347153,3.3706171283827575,2415
2020-10-27,3.3460126150923215,3.3566264887200195,2416
2020-10-28,3.314749579801317,3.327410358845947,2412
2020-10-29,3.3253876441199344,3.312823857086737,2414
2020-10-30,3.3138925931578465,3.319014896297085,2414
2020-11-02,3.332121173564913,3.325476029019735,2417
2020-11-03,3.3571627607183316,3.3442160941036025,2420
2020-11-04,3.3535328715765527,3.3539907057991485,2418
2020-11-05,3.38081351905775,3.3641326610632585,2416
2020-11-06,3.3731684805950044,3.380992868982177,2415
2020-11-09,3.4123201416253766,3.420898886321544,2413
2020-11-10,3.426725562456579,3.413723391876332,2416
2020-11-11,3.4274826157431355,3.4307366605410303,2416
2020-11-12,3.41159003662894,3.4200821656869063,2415
2020-11-13,3.4327682028609146,3.420049719077868,2414
2020-11-16,3.456000101515083,3.4486653662134574,2413
2020-11-17,3.4580892269096455,3.4440802426050956,2414
2020-11-18,3.4500917087898997,3.4593107376691585,2415
2020-11-19,3.457741420654054,3.4480480577139963,2415
2020-11-20,3.4566842679518053,3.4518794180931502,2417
2020-11-23,3.475031184335084,3.46305357991395,2418
2020-11-24,3.496313607815847,3.487119169210598,2419
2020-11-25,3.493300131763352,3.489687426094677,2421
2020-11-27,3.4981380209785544,3.4942688528461083,2420
2020-11-30,3.484115167910051,3.497617806185455,2420
2020-12-01,3.494471292799622,3.5011410434408723,2417
2020-12-02,3.4999410991609894,3.490800391017054,2417
2020-12-03,3.506614230124726,3.5017616045361417,2418
2020-12-04,3.5272486842639736,3.5116341869259435,2417
2020-12-07,3.524943777642951,3.5267562921484847,2416
2020-12-08,3.530568785881546,3.5185256765603445,2417
2020-12-09,3.522847404196862,3.5350102156137604,2418
2020-12-10,3.5301385199835176,3.5168704308908447,2419
2020-12-11,3.5241120226917575,3.523734706855517,2419
2020-12-14,3.518484047452376,3.5316045216113032,2421
2020-12-15,3.5383228842925933,3.526581425209179,2420
2020-12-16,3.535485340290769,3.538965008310967,2420
2020-12-17,3.545328861552875,3.53951638531719,2419
2020-12-18,3.5402724581075047,3.5479969652012504,2419
2020-12-21,3.5361321872519107,3.5252083239156056,2418
2020-12-22,3.538881287416137,3.5387707179105288,2419
2020-12-23,3.550219328490493,3.5440880738508045,2420
2020-12-24,3.549280103886391,3.55302373842903,2419
2020-12-28,3.5512019089050524,3.55754764714317,2419
2020-12-29,3.54527287946965,3.559817547148297,2419
2020-12-30,3.5549470325281587,3.5463017598460267,2420
2020-12-31,3.553830840043443,3.5522804626787234,2422
2021-01-04,3.5427244324083382,3.5550738335995087,2422
2021-01-05,3.560905848290251,3.5423715032101684,2423
2021-01-06,3.587775969284148,3.5659794592218574,2424
2021-01-07,3.6039812719585402,3.5922661483003555,2425
2021-01-08,3.6011769828697413,3.6061994842693275,2426
2021-01-11,3.5997749560396275,3.587696833315063,2426
2021-01-12,3.6164796830529977,3.6038503406793407,2424
2021-01-13,3.6116719209135764,3.615134252436609,2425
2021-01-14,3.627381345731502,3.6174589763411804,2426
2021-01-15,3.6137408698647717,3.618803072230237,2426
2021-01-19,3.6273326111130846,3.6254475132661934,2427
2021-01-20,3.631066771323907,3.630144437477029,2430
2021-01-21,3.6262662343629994,3.634567146224715,2429
2021-01-22,3.6320188345021545,3.618077294408799,2429
2021-01-25,3.6345763272751306,3.6325727684453226,2429
2021-01-26,3.6317743210195825,3.6416878363485807,2432
2021-01-27,3.609278355726992,3.6152503651419217,2434
2021-01-28,3.6126750373162793,3.619263775372528,2435
2021-01-29,3.59713830648102,3.6136319662308223,2433
2021-02-01,3.6180920787082362,3.6084882772736275,2434
2021-02-02,3.6306293393854747,3.6252004460475984,2435
2021-02-03,3.6419160256062537,3.632525912596715,2433
2021-02-04,3.6605579180166052,3.646373638744754,2432
2021-02-05,3.670577152474852,3.6679965731640514,2433
2021-02-08,3.695706923636368,3.6792830348337393,2432
2021-02-09,3.701292053588459,3.6946871984328227,2432
2021-02-10,3.699471247096932,3.7077733037944216,2434
2021-02-11,3.6979049432681936,3.7030796676014783,2438
2021-02-12,3.703429206951375,3.69403518582108,2439
2021-02-16,3.70345074401311,3.7061456242967017,2439
2021-02-17,3.6995743605864955,3.700560021124419,2438
2021-02-18,3.683825666502847,3.6926100858696436,2436
2021-02-19,3.701703756478628,3.691195421876656,2434
2021-02-22,3.703182506447752,3.699005525127868,2437
2021-02-23,3.689710028498897,3.689614896627818,2438
2021-02-24,3.711240822221201,3.69279244728299,2439
2021-02-25,3.6806879430327095,3.711022761855907,2440
2021-02-26,3.670967563719343,3.6827237885279933,2440
2021-03-01,3.6994256284859577,3.6908733349407803,2439
2021-03-02,3.689548572786146,3.69784121379607,2440
2021-03-03,3.682102425274136,3.6930144310046784,2439
2021-03-04,3.652328708702735,3.676330995472827,2441
2021-03-05,3.669967300080271,3.664357709746612,2444
2021-03-08,3.6760504308533832,3.673263005699778,2447
2021-03-09,3.691645833606782,3.686164328072472,2449
2021-03-10,3.706353746551067,3.700720725798436,2450
2021-03-11,3.7226058254473946,3.7120900857313477,2452
2021-03-12,3.7284129561583534,3.716816870260198,2454
2021-03-15,3.7381972224284943,3.7333320718723666,2455
2021-03-16,3.723722033938718,3.7369331433477995,2456
2021-03-17,3.733557003916432,3.7213089242029653,2453
2021-03-18,3.7129123955569114,3.7269555900189593,2456
2021-03-19,3.7183164814761525,3.7126924972957345,2456
2021-03-22,3.712422739787409,3.7209279857415325,2457
2021-03-23,3.681880015907173,3.7064978787697975,2458
2021-03-24,3.667608592467245,3.693349740325254,2456
2021-03-25,3.6822657219550634,3.6576139189426264,2460
2021-03-26,3.694129868292646,3.686692566123927,2462
2021-03-29,3.67243640726533,3.687217631845243,2463
2021-03-30,3.6786414616966217,3.668741832123241,2466
2021-03-31,3.686818223442577,3.6837335284435704,2464
2021-04-01,3.7028758286254972,3.695119132043768,2464
2021-04-05,3.7068105424324145,3.7098504243291326,2466
2021-04-06,3.7065294024119613,3.706099818279184,2467
2021-04-07,3.696733643565836,3.7060767014277496,2466
2021-04-08,3.7026593899384364,3.701288026766279,2465
2021-04-09,3.7013748506415634,3.698952737342793,2466
2021-04-12,3.693570861871128,3.6999910872394586,2467
2021-04-13,3.6896254757229974,3.6925121736588418,2468
2021-04-14,3.6935680588005724,3.690746481667246,2468
2021-04-15,3.6926565984229844,3.6978332135810046,2470
2021-04-16,3.6943141373001405,3.697638435699485,2470
2021-04-19,3.6859190031410254,3.692071553653046,2469
2021-04-20,3.668165393992267,3.681549309077524,2471
2021-04-21,3.6894886971067096,3.667300283394743,2469
2021-04-22,3.687209589113198,3.6905104531149324,2469
2021-04-23,3.701541712207152,3.6908951652683335,2472
2021-04-26,3.7109810707562225,3.7058617089734485,2473
2021-04-27,3.708350757695496,3.7100771127313457,2472
2021-04-28,3.71338925680594,3.708287558553743,2470
2021-04-29,3.719455089402225,3.7254654716466473,2472
2021-04-30,3.7084425907324685,3.7105300086093194,2471
2021-05-03,3.7179764838137115,3.716138790488991,2470
2021-05-04,3.709847441607899,3.7125223553557456,2468
2021-05-05,3.712374812557746,3.7150083031332923,2461
2021-05-06,3.711899022500944,3.712105881941652,2461
2021-05-07,3.724754937995124,3.7130153653968745,2458
2021-05-10,3.7068761803205317,3.7240427510326453,2460
2021-05-11,3.701022738259042,3.6858633894640396,2460
2021-05-12,3.6751817910150426,3.6951403127893383,2457
2021-05-13,3.6845979791752312,3.681688267025156,2457
2021-05-14,3.707277647643182,3.6911916560219074,2458
2021-05-17,3.7114776647433434,3.7006585591100136,2458
2021-05-18,3.7122848336943113,3.715482052151726,2457
2021-05-19,3.706260360843767,3.699107327705998,2461
2021-05-20,3.7143781094569204,3.706886911755528,2462
2021-05-21,3.716905551644246,3.720079457054639,2461
2021-05-24,3.71934319075852,3.7210473549156133,2461
2021-05-25,3.710225671979268,3.724643093137449,2458
2021-05-26,3.7226686031457215,3.712769823810329,2461
2021-05-27,3.7323096602271697,3.728742083014213,2461
2021-05-28,3.7364897891606565,3.738611253960017,2456
2021-06-01,3.747680022610139,3.744464721817158,2458
2021-06-02,3.748093416697971,3.748605461794557,2461
2021-06-03,3.744707536473025,3.7440495457315532,2460
2021-06-04,3.7484601730790263,3.747057879621464,2461
2021-06-07,3.755499501691648,3.750230310909962,2462
2021-06-08,3.7631373511809847,3.7577805380863514,2462
2021-06-09,3.760464745873526,3.766499223574754,2461
2021-06-10,3.758159571277167,3.765735378559776,2460
2021-06-11,3.768882729074344,3.7672341864302124,2460
2021-06-14,3.7649962711783456,3.769479527146957,2461
2021-06-15,3.758612738446078,3.7636475960255513,2464
2021-06-16,3.7545027275302174,3.7563090311362197,2465
2021-06-17,3.741291585789279,3.752281703581367,2465
2021-06-18,3.722956493163977,3.7322039717173556,2463
2021-06-21,3.7380180349965326,3.7286508929250783,2463
2021-06-22,3.7386666185415196,3.7348026268046746,2465
2021-06-23,3.7402872005498904,3.7371293426119156,2470
2021-06-24,3.7518628522569757,3.745066311156494,2471
2021-06-25,3.7561597463857703,3.7553942176420247,2468
2021-06-28,3.749132807282656,3.7577813539457665,2468
2021-06-29,3.7447586287801653,3.7511318778519764,2468
2021-06-30,3.747148957729665,3.7448901807193726,2469
2021-07-01,3.752653842582193,3.752136192573539,2471
2021-07-02,3.7468299771442064,3.754195563631419,2471
2021-07-06,3.7349410224040756,3.7469250011898287,2471
2021-07-07,3.727448841398284,3.736015906448843,2471
2021-07-08,3.717740482906034,3.708989249193358,2471
2021-07-09,3.7394102803694667,3.7272764662450855,2470
2021-07-12,3.7408041327150925,3.7369015441394824,2470
2021-07-13,3.719455838789524,3.7306664581056683,2474
2021-07-14,3.7102541061983945,3.724818461172227,2473
2021-07-15,3.7048682679276674,3.7055252729903874,2475
2021-07-16,3.6905379837420336,3.708270324432343,2473
2021-07-19,3.6728875423954492,3.672496712766587,2471
2021-07-20,3.693748014273404,3.673765623946642,2473
2021-07-21,3.712098761654097,3.6998819651697334,2473
2021-07-22,3.698696826055124,3.708042324966967,2474
2021-07-23,3.6996103568668617,3.7024415676914137,2473
2021-07-26,3.7029736958334536,3.6992542185621216,2473
2021-07-27,3.694136616490244,3.696594956970149,2474
2021-07-28,3.70554307398096,3.697570576653602,2475
2021-07-29,3.7140302060946118,3.71343666846552,2473
2021-07-30,3.709807324354761,3.7100303980664995,2469
2021-08-02,3.708069727706587,3.715324854210555,2468
2021-08-03,3.710583640878532,3.7095088947368633,2470
2021-08-04,3.6963922753802447,3.703054098770507,2468
2021-08-05,3.710328906498114,3.7007722950474444,2465
2021-08-06,3.715565130500016,3.712835607061708,2466
2021-08-09,3.712419319930133,3.712129129184732,2469
2021-08-10,3.7157819815298754,3.711331242683482,2468
2021-08-11,3.7193690115537876,3.716136230655228,2469
2021-08-12,3.714467661381474,3.7174279442160763,2468
2021-08-13,3.7068473239719735,3.714671897378292,2468
2021-08-16,3.6976110682855037,3.7015349723028823,2471
2021-08-17,3.6827738782869432,3.6879521848653773,2475
2021-08-18,3.678006266925007,3.6831755158894333,2474
2021-08-19,3.666701353112052,3.67018628548082,2474
2021-08-20,3.6797318251594207,3.6633290553447564,2473
2021-08-23,3.695923087029207,3.6874366648635757,2473
2021-08-24,3.7062037943979016,3.6985688096034126,2475
2021-08-25,3.7100759813535618,3.7063680371558028,2474
2021-08-26,3.701219551244542,3.70810035709336,2474
2021-08-27,3.7207982585410044,3.7015422709285413,2475
2021-08-30,3.7155893020235933,3.7207883063652374,2481
2021-08-31,3.719768708244994,3.7159197916772495,2478
2021-09-01,3.721808763748306,3.7213541938297046,2478
2021-09-02,3.7281299479832426,3.7265411322722928,2478
2021-09-03,3.72433924584584,3.7278087836024074,2477
2021-09-07,3.7170988564223277,3.7228374737989425,2477
2021-09-08,3.7073839938766153,3.715968126430329,2477
2021-09-09,3.708511503476752,3.706877152424655,2475
2021-09-10,3.701277126753819,3.7154935374477978,2474
2021-09-13,3.7040772285891483,3.707478935995303,2476
2021-09-14,3.6899617249339256,3.7079481973034523,2476
2021-09-15,3.6983532273531323,3.691838584917627,2476
2021-09-16,3.695936857746845,3.6974225228614257,2477
2021-09-17,3.6961427776201408,3.6957391679635445,2477
2021-09-20,3.6710682150837477,3.6721809019587197,2480
2021-09-21,3.6725718906709246,3.6777706234897813,2480
2021-09-22,3.686447832095371,3.680511885276995,2480
2021-09-23,3.7018590317928837,3.6914802046762274,2480
2021-09-24,3.7006991526794306,3.6975670338430566,2476
2021-09-27,3.7130737036846426,3.702961163892461,2474
2021-09-28,3.694430820322065,3.708857225705194,2476
2021-09-29,3.692463278418573,3.6992503340590512,2476
2021-09-30,3.686712968300403,3.6975512888528628,2475
2021-10-01,3.6986944589493134,3.690515550859362,2476
2021-10-04,3.686406827254415,3.6934420852197656,2478
2021-10-05,3.6910933013566853,3.6891525204817355,2478
2021-10-06,3.6880409281457722,3.682901580407778,2475
2021-10-07,3.700019873797151,3.693923182433921,2477
2021-10-08,3.6971914943015194,3.7017215001494908,2477
2021-10-11,3.695120540397982,3.6998318367374807,2473
2021-10-12,3.701456664689449,3.6995010592714563,2469
2021-10-13,3.7044548281466616,3.7022940058436546,2469
2021-10-14,3.7150461517200473,3.7135905645774194,2470
2021-10-15,3.7173382267054027,3.7266008230689267,2465
2021-10-18,3.7166796323034177,3.7145284068391833,2465
2021-10-19,3.720261342717553,3.718834163695308,2467
2021-10-20,3.7262452505879384,3.7187751124902846,2468
2021-10-21,3.723885946370377,3.721802260200696,2468
2021-10-22,3.719290427030686,3.72218750872163,2468
2021-10-25,3.7255005162265,3.720437644646757,2468
2021-10-26,3.7224439160883795,3.730177956278609,2464
2021-10-27,3.70750568643435,3.721308292093161,2463
2021-10-28,3.721326229092078,3.711240044532619,2463
2021-10-29,3.720493995831947,3.718837815878717,2461
2021-11-01,3.7407658082021684,3.7251468737848166,2461
2021-11-02,3.739929076394374,3.7395645229800056,2461
2021-11-03,3.751858345016532,3.737093197481825,2461
2021-11-04,3.747097352916576,3.7536628034681025,2462
2021-11-05,3.7556491006118353,3.7536000285639264,2463
2021-11-08,3.761718125313057,3.7619700021662372,2463
2021-11-09,3.7596641991472817,3.7620702304480855,2462
2021-11-10,3.7491153112284286,3.7581651417698625,2460
2021-11-11,3.7555870802027647,3.752982707476161,2460
2021-11-12,3.757108057628292,3.7559558499733554,2460
2021-11-15,3.7546021000210854,3.761633142257058,2460
2021-11-16,3.7516678564528427,3.7537548141205224,2460
2021-11-17,3.7427670264468684,3.749082019487642,2458
2021-11-18,3.733891993803229,3.745777357260875,2457
2021-11-19,3.724459562695671,3.7273250409007233,2458
2021-11-22,3.719196048172149,3.726675241475501,2459
2021-11-23,3.7191081939911,3.719320815495011,2459
2021-11-24,3.7211294540651254,3.7125698119975534,2460
2021-11-26,3.6912674001603185,3.694929023362146,2460
2021-11-29,3.6878748991852865,3.701385597774229,2463
2021-11-30,3.6666457817060794,3.6787974294171812,2467
2021-12-01,3.648720142144271,3.6841711254786857,2466
2021-12-02,3.669819677231249,3.6526422005742867,2466
2021-12-03,3.6508530749629178,3.671578234919182,2468
2021-12-06,3.6699310120741275,3.6598359199469326,2470
2021-12-07,3.6887825435328745,3.679358254963929,2474
2021-12-08,3.6974858873565695,3.6902151580760036,2474
2021-12-09,3.6799083375949055,3.6904721101773115,2474
2021-12-10,3.6796345435778104,3.6868498606044424,2473
2021-12-13,3.663147309348701,3.673989556059733,2475
2021-12-14,3.6532661755576252,3.6558961087703175,2476
2021-12-15,3.664356849862674,3.6518298577439117,2477
2021-12-16,3.6544976020873325,3.6708175061131745,2476
2021-12-17,3.6562608525116875,3.6484365014618807,2478
2021-12-20,3.639857453663885,3.639328424273681,2477
2021-12-21,3.661330737391296,3.6465217920769315,2479
2021-12-22,3.67256828396333,3.661204603906156,2479
2021-12-23,3.6802956526864583,3.6739895440538675,2479
2021-12-27,3.6870683707551963,3.680820929907024,2478
2021-12-28,3.682663552638327,3.686218703570762,2476
2021-12-29,3.681960570581642,3.683395690254357,2475
2021-12-30,3.68388942231797,3.6794058881966936,2477
2021-12-31,3.6817490991278667,3.680452426843594,2478
2022-01-03,3.6963151304007713,3.685908145349318,2477
2022-01-04,3.6974290931098865,3.6987417754914653,2479
2022-01-05,3.6742794550727105,3.697964943507137,2479
2022-01-06,3.677594514355572,3.6777405148370494,2478
2022-01-07,3.6736449400131685,3.675996121007503,2477
2022-01-10,3.6673030470640886,3.668693897947395,2476
2022-01-11,3.6786866727655196,3.668599664128801,2476
2022-01-12,3.6772682912436427,3.6827124226236188,2475
2022-01-13,3.6711432395444175,3.681178735533516,2474
2022-01-14,3.6704657483180303,3.661224987852957,2473
2022-01-18,3.6473450887368872,3.6614227120567437,2473
2022-01-19,3.6355475167095244,3.6506683699537392,2474
2022-01-20,3.623181349684155,3.643185869006494,2476
2022-01-21,3.602758581055473,3.617680193780329,2475
2022-01-24,3.6102051189717117,3.583781107413081,2475
2022-01-25,3.604524644225797,3.5935461919563276,2476
2022-01-26,3.593437930501858,3.613488226124542,2478
2022-01-27,3.5751462343131886,3.6001719381478345,2480
2022-01-28,3.5902881535541926,3.573879267215572,2480
2022-01-31,3.6234113440178004,3.591619206293825,2480
2022-02-01,3.634893442332786,3.6225629423117374,2481
2022-02-02,3.627974186489617,3.6351996083212565,2480
2022-02-03,3.611003202723593,3.618849749601521,2479
2022-02-04,3.6147076003312324,3.606248489892423,2483
2022-02-07,3.61887571323649,3.6146901505057847,2484
2022-02-08,3.6310740115631432,3.6177992515092203,2484
2022-02-09,3.6483638315953755,3.6392507707213357,2482
2022-02-10,3.6331536346405566,3.6317623425826793,2486
2022-02-11,3.621765623429557,3.63251757017335,2488
2022-02-14,3.6134812263243017,3.6199485869181722,2488
2022-02-15,3.6343612334363002,3.619900364107508,2488
2022-02-16,3.638442620721929,3.6300686461849883,2487
2022-02-17,3.617871632298426,3.6293428194501036,2487
2022-02-18,3.610224218542216,3.6149022936107222,2485
2022-02-22,3.5940949675198284,3.6028619618741664,2485
2022-02-23,3.578380478458023,3.600508852347689,2485
2022-02-24,3.5911115616765836,3.548535227821156,2486
2022-02-25,3.611430505404503,3.5910684595014417,2488
2022-02-28,3.6138223726480545,3.6022915030401,2487
2022-03-01,3.595001011833035,3.610405820952057,2489
2022-03-02,3.614982923270517,3.598961094310459,2491
2022-03-03,3.6069100144605852,3.619608601097495,2489
2022-03-04,3.593123661948122,3.596622475511511,2487
2022-03-07,3.5696967861044975,3.59341145999254,2485
2022-03-08,3.575337605384378,3.573016165744388,2485
2022-03-09,3.6007247093686106,3.5905635664776874,2484
2022-03-10,3.597767621167983,3.5871038501425745,2485
2022-03-11,3.580596692864049,3.59977304636442,2485
2022-03-14,3.562026658604137,3.5831783242127515,2484
2022-03-15,3.5741181484590383,3.5628722363244973,2484
2022-03-16,3.6011174754512094,3.582757033365929,2486
2022-03-17,3.6172618977650934,3.595183243062112,2489
2022-03-18,3.627510288794779,3.612958391097801,2490
2022-03-21,3.623540127475976,3.6275560063213423,2488
2022-03-22,3.6332458311660503,3.6275967254168577,2489
2022-03-23,3.621000462420564,3.62948535191824,2488
2022-03-24,3.63248403998674,3.6270096447871842,2486
2022-03-25,3.634269037397723,3.6327455933488606,2484
2022-03-28,3.632206419899578,3.6308496035025892,2483
2022-03-29,3.6529036792146865,3.640892542676775,2479
2022-03-30,3.639702755048525,3.6499470538666916,2480
2022-03-31,3.6284651783471475,3.6377834646556853,2480
2022-04-01,3.635109068042128,3.633987589412674,2481
2022-04-04,3.6382284398252516,3.6351758210103116,2482
2022-04-05,3.620256750914518,3.63709724090233,2482
2022-04-06,3.6090470603130753,3.6135109632138205,2481
2022-04-07,3.6057794701138546,3.608221046135558,2481
2022-04-08,3.6029390600707156,3.606038576723635,2479
2022-04-11,3.593490796341004,3.5978733095119,2478
2022-04-12,3.5929336667933525,3.600755783107118,2475
2022-04-13,3.608879177721956,3.5939913544461977,2474
2022-04-14,3.6001867396805527,3.608482767312451,2476
2022-04-18,3.5940270691444773,3.598906019348706,2473
2022-04-19,3.610799970031011,3.5957396959151766,2472
2022-04-20,3.6135974825566004,3.614464486008449,2473
2022-04-21,3.589311230931655,3.618049052212251,2471
2022-04-22,3.56537386656008,3.584214161071189,2470
2022-04-25,3.5605761431124514,3.5502567707023225,2469
2022-04-26,3.5303474072773096,3.5531701407786644,2470
2022-04-27,3.529112070837384,3.5335315825174622,2470
2022-04-28,3.5455168023034997,3.5369002521339765,2472
2022-04-29,3.5220621629545508,3.5419885578576906,2471
2022-05-02,3.5273091146588214,3.520983402488449,2471
2022-05-03,3.5350522888565106,3.5265814284308474,2472
2022-05-04,3.5569155819053715,3.5336534644706803,2468
2022-05-05,3.5185508011088706,3.543332282599415,2468
2022-05-06,3.5022736846398153,3.5133438773805983,2467
2022-05-09,3.460855270666087,3.4864630982197915,2464
2022-05-10,3.4581248831511715,3.473092112266575,2464
2022-05-11,3.4351233841129614,3.456712669296863,2463
2022-05-12,3.441259075788474,3.4266325507303286,2463
2022-05-13,3.471832588884129,3.4526357828864116,2463
2022-05-16,3.4699467906189283,3.4698160120806727,2463
2022-05-17,3.4967302096101984,3.484154467477698,2464
2022-05-18,3.4670921488588844,3.4882653159499935,2464
2022-05-19,3.4697082796977683,3.4590554605522543,2464
2022-05-20,3.4648851744664633,3.4776522247553237,2465
2022-05-23,3.4753597275047343,3.4725025908159717,2464
2022-05-24,3.459761904215766,3.465712406961019,2464
2022-05-25,3.4763734244556073,3.45715905260267,2464
2022-05-26,3.4962991529151237,3.47879785350913,2465
2022-05-27,3.5187444494495974,3.5010843536000134,2465
2022-05-31,3.511860008947125,3.515395091271954,2465
2022-06-01,3.5037198600902717,3.5157525649882895,2466
2022-06-02,3.524621666414465,3.50402937319873,2466
2022-06-03,3.5169585231990173,3.517035494457947,2465
2022-06-06,3.519061358630879,3.5254491806925103,2465
2022-06-07,3.530619463397319,3.5098983420070047,2464
2022-06-08,3.5209602019353063,3.524784469953993,2462
2022-06-09,3.500759689639021,3.514224234732169,2462
2022-06-10,3.4753597059105155,3.4852505483278495,2463
2022-06-13,3.4261227293581555,3.4480803919215175,2462
2022-06-14,3.4211912041086263,3.4301013987407862,2462
2022-06-15,3.4349351084697544,3.428263046843038,2463
2022-06-16,3.393380271956238,3.413705121619924,2463
2022-06-17,3.3986607484895353,3.3944162508417497,2462
2022-06-21,3.41612022391388,3.4126495444291676,2461
2022-06-22,3.4132501734028566,3.3993968979981437,2461
2022-06-23,3.416767959309994,3.412585380319225,2464
2022-06-24,3.4439637505953398,3.4254686683698408,2461
2022-06-27,3.4483502464495044,3.4491351868235047,2461
2022-06-28,3.430387522038693,3.451868319328822,2463
2022-06-29,3.4204834102044,3.4309983543845886,2462
2022-06-30,3.413855081872513,3.405865905762096,2461
2022-07-01,3.4229824083866474,3.4094274882357705,2461
2022-07-05,3.4234919464125477,3.4079164756199156,2459
2022-07-06,3.4158668062322484,3.4215141572957135,2458
2022-07-07,3.438371974728117,3.4236302639261784,2459
2022-07-08,3.437878658628146,3.434718631968319,2460
2022-07-11,3.4214856720078592,3.430130296435633,2459
2022-07-12,3.4202083612760825,3.4187482512878242,2457
2022-07-13,3.4173034354153224,3.4032774585666705,2455
2022-07-14,3.404158408650668,3.4001719292541663,2456
2022-07-15,3.4218933028064464,3.417034527442371,2456
2022-07-18,3.4235538814681274,3.43146746943155,2455
2022-07-19,3.454978257951727,3.43443847644258,2451
2022-07-20,3.465947560551338,3.454239407597743,2451
2022-07-21,3.4721621439453525,3.4629521498518243,2449
2022-07-22,3.459545864062185,3.473494926044169,2448
2022-07-25,3.463768094073715,3.4621240610366053,2447
2022-07-26,3.4542923532637273,3.458078666326732,2448
2022-07-27,3.4748513734382085,3.4599726809020748,2451
2022-07-28,3.485418430920644,3.475898703428411,2451
2022-07-29,3.4938394065092884,3.485693984823039,2448
2022-08-01,3.492930496626176,3.4862268241283285,2447
2022-08-02,3.48990618070191,3.488445017340383,2446
2022-08-03,3.5025314138269175,3.4969175795800482,2443
2022-08-04,3.5008226609630833,3.5013088579055753,2442
2022-08-05,3.5049512214839664,3.4923128383311277,2442
2022-08-08,3.5142765307014785,3.5107398423986673,2442
2022-08-09,3.5003897768551977,3.5103235643386466,2443
2022-08-10,3.523553923820722,3.514694178244256,2445
2022-08-11,3.5286904292198993,3.529787249697632,2446
2022-08-12,3.5439817325086107,3.5311036265782914,2446
2022-08-15,3.5453358324449638,3.5337529153600316,2449
2022-08-16,3.5490290549970145,3.545928767455033,2449
2022-08-17,3.535285678059113,3.5406444071806855,2450
2022-08-18,3.541545315891698,3.536430246754991,2449
2022-08-19,3.5228502812650495,3.5330193418142937,2448
2022-08-22,3.502506956404287,3.5104818107507425,2448
2022-08-23,3.5042756521840386,3.5027004882950203,2449
2022-08-24,3.5106176180695883,3.503880904809331,2447
2022-08-25,3.5249464900814087,3.514378961966543,2445
2022-08-26,3.497410573830664,3.5275876735784633,2440
2022-08-29,3.4934260907514103,3.491342027263634,2441
2022-08-30,3.4779215549734337,3.495142514047556,2443
2022-08-31,3.473902601671362,3.4816799617024725,2442
2022-09-01,3.464121351810513,3.4647117902541176,2446
2022-09-02,3.4594177021165056,3.4727433189267023,2447
2022-09-06,3.4505225791231515,3.4641600963785746,2447
2022-09-07,3.467253205516882,3.44663533657425,2448
2022-09-08,3.4743765739339243,3.458719254350727,2447
2022-09-09,3.4920072154401725,3.482234797635307,2447
2022-09-12,3.5008609011215333,3.496627555826916,2448
2022-09-13,3.4650193515165997,3.4782274425954562,2449
2022-09-14,3.4629339512546045,3.465062428601407,2450
2022-09-15,3.4570278238415564,3.4593801996924736,2450
2022-09-16,3.4456174683240848,3.4483637466555135,2445
2022-09-19,3.4517835423194607,3.435608364305026,2442
2022-09-20,3.4344026068133657,3.440684446338285,2444
2022-09-21,3.4215028943014087,3.4412012842915134,2442
2022-09-22,3.4018525677875897,3.4192416527623384,2444
2022-09-23,3.3750914528860125,3.386595571806064,2442
2022-09-26,3.3589892262180427,3.3684930309350163,2442
2022-09-27,3.3597311527583997,3.370039209909597,2443
2022-09-28,3.3866840800620586,3.364308831091299,2442
2022-09-29,3.3631581656941987,3.37340158205973,2444
2022-09-30,3.356947270824238,3.360012204027416,2443
2022-10-03,3.382873149554775,3.3678513718566765,2443
2022-10-04,3.418857016705752,3.3983406986934863,2442
2022-10-05,3.4121290768918837,3.4058037631420057,2445
2022-10-06,3.4059208715936786,3.407905043496036,2444
2022-10-07,3.3804948426925208,3.3964147594782883,2443
2022-10-10,3.3730036662849483,3.3830154789402664,2442
2022-10-11,3.368777187065416,3.3671878949470533,2439
2022-10-12,3.3647785602812506,3.3664519659216374,2440
2022-10-13,3.3855888517416615,3.345148715962666,2438
2022-10-14,3.3645619386293144,3.392748350755628,2436
2022-10-17,3.3896957399150875,3.381653306723114,2436
2022-10-18,3.3998890356921585,3.4034073145015995,2435
2022-10-19,3.3840865458435903,3.391584170140075,2436
2022-10-20,3.377290554382044,3.385893696610476,2434
2022-10-21,3.395535903723242,3.3772199146461124,2431
2022-10-24,3.3965841598999895,3.395951906032542,2431
2022-10-25,3.4203500404947973,3.3961426529774768,2431
2022-10-26,3.423807115067933,3.4206162069790738,2434
2022-10-27,3.4213902306630284,3.4278036470584663,2437
2022-10-28,3.4388186972629065,3.422642024859994,2436
2022-10-31,3.4371824957025385,3.4319207065871007,2436
2022-11-01,3.4414292634864276,3.446413203085928,2435
2022-11-02,3.415851851565766,3.4389494269481586,2433
2022-11-03,3.4118879934358035,3.4056764372998165,2433
2022-11-04,3.424564514850584,3.4231858096217733,2435
2022-11-07,3.4305806419341014,3.4292248079999315,2436
2022-11-08,3.430853138566892,3.4307684660605755,2437
2022-11-09,3.405387900882728,3.421060381382323,2438
2022-11-10,3.4565086994810037,3.437000608506725,2438
2022-11-11,3.469239744289418,3.4596757788287285,2439
2022-11-14,3.459499480707136,3.4639362355301775,2438
2022-11-15,3.463853168807546,3.465738117763142,2439
2022-11-16,3.4475957656032414,3.4580025679547988,2439
2022-11-17,3.4421011505688797,3.433464001941469,2440
2022-11-18,3.446716961803402,3.4532266030880323,2439
2022-11-21,3.4392832672385727,3.440163162368239,2441
2022-11-22,3.448857462056733,3.4416489519517377,2441
2022-11-23,3.453767939945158,3.4491769015101466,2441
2022-11-25,3.4583246349250754,3.453154423650975,2442
2022-11-28,3.444891197618752,3.4539559443414953,2430
2022-11-29,3.4488304791425892,3.44802465893995,2429
2022-11-30,3.473912199692142,3.4522377798999453,2428
2022-12-01,3.4745438479064346,3.477702861914306,2428
2022-12-02,3.479515829971747,3.463600247487262,2426
2022-12-05,3.456375405215786,3.4752026654590007,2426
2022-12-06,3.4435834189442396,3.4551156233848226,2425
2022-12-07,3.4382564414139805,3.4393588954654692,2423
2022-12-08,3.4437855599564333,3.4418225347380926,2424
2022-12-09,3.4344077459207716,3.438754732541043,2424
2022-12-12,3.4434361740075325,3.4351989333346338,2424
2022-12-13,3.446710391072682,3.466370488152519,2429
2022-12-14,3.440397463966794,3.44458479593562,2428
2022-12-15,3.4172422995254608,3.42904043100422,2428
2022-12-16,3.4111020880811713,3.4101020872138776,2428
2022-12-19,3.396701582324948,3.410417634248114,2428
2022-12-20,3.4017930253602247,3.394064964331565,2428
2022-12-21,3.4183113947995913,3.4100158547721295,2426
2022-12-22,3.406831271463749,3.4112466047849934,2425
2022-12-23,3.412939101757015,3.405652727452734,2425
2022-12-27,3.4072776166937433,3.4132758398112233,2424
2022-12-28,3.3927996848799715,3.404756080565944,2423
2022-12-29,3.4163182495117708,3.3978485911867584,2424
2022-12-30,3.416200908930467,3.4075507662695332,2424
2023-01-03,3.417589283692097,3.4235839643704207,2425
2023-01-04,3.435141105338805,3.4229249608749783,2426
2023-01-05,3.429150968725917,3.4287516086367456,2426
2023-01-06,3.452520769223366,3.4372873548876175,2424
2023-01-09,3.4570200353161837,3.4584587356845526,2423
2023-01-10,3.469781306665465,3.4545326107244314,2421
2023-01-11,3.482217322320846,3.474506589125206,2421
2023-01-12,3.4953175634818274,3.487349683789015,2421
2023-01-13,3.497666811765232,3.4835739414044564,2425
2023-01-17,3.4979647575681314,3.5005386453627643,2423
2023-01-18,3.481623918516962,3.5014179832548917,2426
2023-01-19,3.4778706753243056,3.4793563666366403,2428
2023-01-20,3.493490345155403,3.482665600766198,2429
2023-01-23,3.505772098782539,3.49654397036904,2428
2023-01-24,3.499794624493186,3.4982949975094155,2426
2023-01-25,3.502183939392394,3.4917118678457477,2424
2023-01-26,3.5097551505748066,3.5105704560511426,2420
2023-01-27,3.512334296221538,3.506489861090647,2420
2023-01-30,3.501234654569419,3.5073997070883016,2420
2023-01-31,3.5233151913172445,3.504643346599288,2418
2023-02-01,3.5370876375256537,3.521339783153971,2418
2023-02-02,3.551591948156508,3.5440154550932577,2418
2023-02-03,3.543934530709939,3.5411775726430386,2419
2023-02-06,3.533954586899502,3.537677852775359,2420
2023-02-07,3.5415593111931045,3.5324815807159227,2419
2023-02-08,3.530216350149433,3.538868053095977,2415
2023-02-09,3.515693414583476,3.537205766627652,2416
2023-02-10,3.516052531116171,3.5126374779391165,2417
2023-02-13,3.5246325417276347,3.516398086504872,2416
2023-02-14,3.522106595444096,3.517869291371523,2419
2023-02-15,3.528855835799283,3.5154383303879646,2418
2023-02-16,3.518945070465437,3.5158853812714272,2420
2023-02-17,3.5189616944952005,3.5174989849451372,2421
2023-02-21,3.4937912574039807,3.5109065896607685,2423
2023-02-22,3.493871670788504,3.4944090821033904,2424
2023-02-23,3.4973853951431164,3.4989547818807254,2423
2023-02-24,3.4859813792268217,3.485235212650434,2423
2023-02-27,3.4891409300659575,3.4941429538960374,2424
2023-02-28,3.490917889786141,3.492384520185216,2421
2023-03-01,3.490391336747996,3.4904446887293914,2423
2023-03-02,3.4943473585638247,3.4835027629378623,2425
2023-03-03,3.5071877720960685,3.4987793892992904,2425
2023-03-06,3.495022087479543,3.5076320605019604,2424
2023-03-07,3.482725822167693,3.493206452402129,2424
2023-03-08,3.483883139387291,3.4827276022113973,2424
2023-03-09,3.4579965161922597,3.4850279815257736,2425
2023-03-10,3.431149805631983,3.453368496005844,2424
2023-03-13,3.4149198822073057,3.4135741870864966,2425
2023-03-14,3.4294040844744877,3.436118123275251,2427
2023-03-15,3.4094067957687266,3.407919789912183,2427
2023-03-16,3.4218333592204733,3.3987286446186484,2429
2023-03-17,3.3985038589554697,3.415042351335016,2428
2023-03-20,3.4051752476287054,3.4027055070745797,2431
2023-03-21,3.4236655474283113,3.418328690833814,2430
2023-03-22,3.403070537587712,3.423543366241328,2429
2023-03-23,3.3982522916000293,3.408367200643452,2428
2023-03-24,3.3973646187900792,3.382857078965555,2440
2023-03-27,3.4032212554189525,3.4023725565065868,2442
2023-03-28,3.406900572676008,3.402301531682581,2442
2023-03-29,3.4172152937730775,3.413358843013195,2439
2023-03-30,3.420779987607167,3.426242870928339,2442
2023-03-31,3.4363566968579353,3.4250866871774184,2442
2023-04-03,3.438360200221791,3.4400481812366923,2440
2023-04-04,3.4234201144876337,3.4401463427647307,2440
2023-04-05,3.4151859119145813,3.419122523442232,2441
2023-04-06,3.41675589075707,3.413813303942084,2442
2023-04-10,3.427470335374605,3.4147667498806036,2441
2023-04-11,3.436720134266432,3.431652100893243,2441
2023-04-12,3.429906617856284,3.4440622505771823,2441
2023-04-13,3.4420909881333492,3.4324328773260486,2440
2023-04-14,3.435006795058486,3.443459658665457,2440
2023-04-17,3.442655498757299,3.4347712726181596,2441
2023-04-18,3.4381625186252918,3.4447790300195504,2440
2023-04-19,3.437658752282106,3.4327212860604313,2440
2023-04-20,3.428912689607713,3.429633260946417,2442
2023-04-21,3.427924286402513,3.4282989566469215,2441
2023-04-24,3.4251872218969823,3.4255539756009314,2442
2023-04-25,3.402276422610791,3.4184334003702443,2443
2023-04-26,3.3933315754309,3.4008832303713854,2443
2023-04-27,3.4067289420204414,3.3979136338851204,2443
2023-04-28,3.416290025811164,3.4056934287911487,2444
2023-05-01,3.416647541063379,3.4159041014679636,2443
2023-05-02,3.39860371043323,3.412596705075398,2443
2023-05-03,3.395301230533293,3.3987558395997657,2442
2023-05-04,3.3846838876164687,3.390791592991439,2442
2023-05-05,3.4062145180103305,3.3967152889019934,2445
2023-05-08,3.404412223934027,3.4105839410578183,2446
2023-05-09,3.400235816477797,3.3996635766558887,2448
2023-05-10,3.403672961473476,3.411076948679932,2446
2023-05-11,3.396049276490672,3.3988640059373227,2448
2023-05-12,3.392333831094144,3.3976479880469297,2448
2023-05-15,3.3996209502226855,3.393249553548864,2449
2023-05-16,3.38628108003144,3.395368682853397,2447
2023-05-17,3.406679520956406,3.3926491880084204,2446
2023-05-18,3.410350330501822,3.4020657804114265,2448
2023-05-19,3.4117139193118917,3.422567511074709,2449
2023-05-22,3.4201294274044,3.414366620062577,2451
2023-05-23,3.4186730051825185,3.419610877226236,2451
2023-05-24,3.405412520366719,3.4138663719382714,2453
2023-05-25,3.3963168217884494,3.40565430727536,2453
2023-05-26,3.4045481056473905,3.3967794838460934,2456
2023-05-30,3.4009857009855176,3.4081048113957566,2456
2023-05-31,3.390817320998895,3.3957183939291964,2458
2023-06-01,3.4020563689463295,3.394568737360675,2457
2023-06-02,3.4309039677955617,3.4124452605649434,2457
2023-06-05,3.4197298141952595,3.4278771772429386,2457
2023-06-06,3.4398536507400466,3.418130198798938,2460
2023-06-07,3.453578028304473,3.444279486067324,2460
2023-06-08,3.4513615885903395,3.4520473219951557,2462
2023-06-09,3.443983615395943,3.451260029750198,2462
2023-06-12,3.447985640967406,3.4431212721730384,2460
2023-06-13,3.456966386815853,3.451928659719124,2461
2023-06-14,3.450952939177613,3.4612620927689868,2461
2023-06-15,3.4598389713576823,3.447684634013297,2463
2023-06-16,3.4561461387765005,3.465016760941232,2462
2023-06-20,3.450387974012714,3.4543867729911684,2461
2023-06-21,3.4469821937330485,3.4457416180668945,2460
2023-06-22,3.4382015908158334,3.442848883686311,2457
2023-06-23,3.4254749689190853,3.429073916753905,2451
2023-06-26,3.4255666721180336,3.4236171975716068,2452
2023-06-27,3.4376885389245087,3.4298381437981664,2452
2023-06-28,3.4362333478946323,3.4346943000129775,2453
2023-06-29,3.4471119309247564,3.4380948172671135,2455
2023-06-30,3.4539490816006864,3.455967392053067,2454
2023-07-03,3.4598899936039755,3.4521893286293537,2453
2023-07-05,3.449629483447096,3.4543077144222374,2453
2023-07-06,3.4335786758713747,3.438986633528994,2456
2023-07-07,3.443684863266635,3.4336321847892957,2456
2023-07-10,3.4522108727812646,3.442172280687562,2456
2023-07-11,3.462116383494722,3.4557420537927546,2455
2023-07-12,3.4716656449478656,3.4752189373000517,2455
2023-07-13,3.480604639577203,3.475953649204818,2454
2023-07-14,3.468146641789446,3.478680261280937,2456
2023-07-17,3.4753892382659632,3.4683569978935953,2457
2023-07-18,3.4854116837001023,3.476069672640551,2458
2023-07-19,3.487577976115481,3.486090219585239,2461
2023-07-20,3.481360978400667,3.485821018515907,2461
2023-07-21,3.481176747980062,3.488169891193263,2459
2023-07-24,3.484091653336922,3.4822562792678573,2459
2023-07-25,3.482782688076938,3.4823258082074617,2459
2023-07-26,3.489348637019814,3.4812414004307373,2460
2023-07-27,3.475500736328166,3.4930361505200884,2460
2023-07-28,3.4874801574002063,3.4850995099550226,2459
2023-07-31,3.495225338853912,3.490763426522374,2457
2023-08-01,3.4897562588214455,3.4903939404600357,2458
2023-08-02,3.476708452698811,3.480698073785313,2458
2023-08-03,3.474815129910886,3.4724437570649784,2457
2023-08-04,3.472799134007615,3.4754034507416565,2457
2023-08-07,3.475474087166255,3.4760913686358332,2457
2023-08-08,3.4687053576825324,3.4648551536309866,2461
2023-08-09,3.46179778072674,3.467652715169752,2462
2023-08-10,3.460395872167167,3.4663416116726693,2461
2023-08-11,3.4590739940513178,3.4553565789622254,2462
2023-08-14,3.4568125951830395,3.4561662028286717,2460
2023-08-15,3.441479719246315,3.449706714643421,2460
2023-08-16,3.4292510332274007,3.438059051881878,2462
2023-08-17,3.4229130481738617,3.4337416800524347,2458
2023-08-18,3.424184644504379,3.413422208854664,2458
2023-08-21,3.421320586768877,3.4236355239114937,2459
2023-08-22,3.4158476059705203,3.422291767007685,2460
2023-08-23,3.4245765947000404,3.416414403319231,2460
2023-08-24,3.414109115377698,3.423407511324544,2459
2023-08-25,3.4152953340926606,3.415602710386522,2459
2023-08-28,3.4244930530571445,3.420285125275987,2457
2023-08-29,3.4367985509559675,3.4242672447282683,2457
2023-08-30,3.438797538239051,3.4352072341074336,2458
2023-08-31,3.4353907305955897,3.439078161441211,2457
2023-09-01,3.4433958676987713,3.443184063339676,2458
2023-09-05,3.4257392923615093,3.438679020167007,2461
2023-09-06,3.421270049145169,3.4271000752027767,2460
2023-09-07,3.41034862195378,3.4150206774314804,2463
2023-09-08,3.4097410218219113,3.4120296650972253,2462
2023-09-11,3.4110614756784754,3.413807351910349,2462
2023-09-12,3.4095556031833194,3.407410895755069,2463
2023-09-13,3.4039638879827328,3.4101806910372834,2463
2023-09-14,3.4165778809509355,3.4084487400942685,2463
2023-09-15,3.408139372768335,3.413815798135442,2462
2023-09-18,3.3995457270293374,3.406599258193752,2464
2023-09-19,3.395699928962268,3.3976502635917862,2467
2023-09-20,3.3891347877893145,3.3985102513873118,2469
2023-09-21,3.374623936697521,3.3811537603726043,2466
2023-09-22,3.3716800746560422,3.378279637849484,2468
2023-09-25,3.372549490380381,3.367526333281606,2471
2023-09-26,3.361056794554672,3.366172816114501,2469
2023-09-27,3.363407056483259,3.3659305817957783,2470
2023-09-28,3.372004758186726,3.3662779714551343,2467
2023-09-29,3.3708839709268332,3.3792129881681094,2466
2023-10-02,3.3569222548651276,3.3682148439156694,2465
2023-10-03,3.3398106728432513,3.3504102000299443,2466
2023-10-04,3.3417385462950313,3.3398928200445153,2465
2023-10-05,3.340691038887441,3.339214218263107,2466
2023-10-06,3.347811373679773,3.334811876324186,2466
2023-10-09,3.3505744278796694,3.3421358200931306,2464
2023-10-10,3.3612368840026003,3.352731134848565,2464
2023-10-11,3.362519588438842,3.364301699914075,2463
2023-10-12,3.3455001307693006,3.3644017545576235,2463
2023-10-13,3.339149235293868,3.348932403562072,2462
2023-10-16,3.352717562861913,3.3435670597694505,2460
2023-10-17,3.361274654708512,3.3462965164987617,2464
2023-10-18,3.3407904843957423,3.35492498097057,2464
2023-10-19,3.3231239284805976,3.335696149425934,2466
2023-10-20,3.3114666216887207,3.3220039662170615,2466
2023-10-23,3.3023425801040975,3.3073967404548337,2464
2023-10-24,3.309395677425687,3.310273366912103,2464
2023-10-25,3.2955881695673495,3.302287996893653,2462
2023-10-26,3.2947044515094186,3.293244117531281,2466
2023-10-27,3.2858819352357003,3.298726375499072,2463
2023-10-30,3.2935825861702073,3.292972889189693,2464
2023-10-31,3.29958858988092,3.292259408960461,2463
2023-11-01,3.3043746595002768,3.3014009624517024,2460
2023-11-02,3.327745371364559,3.3141322838417233,2461
2023-11-03,3.3499813096221853,3.3382239371192584,2463
2023-11-06,3.3417673373933003,3.3510334752780957,2463
2023-11-07,3.3371020247905463,3.3371101746744247,2461
2023-11-08,3.3288327536624047,3.336607198628764,2459
2023-11-09,3.316751604334388,3.3348112182430105,2455
2023-11-10,3.32349713388385,3.319026305950481,2453
2023-11-13,3.3232883021513318,3.3186690328239057,2453
2023-11-14,3.362487676862579,3.34307658407065,2455
2023-11-15,3.368154134593615,3.3636711549590674,2456
2023-11-16,3.3567265545462384,3.365174808406995,2457
2023-11-17,3.3671222099138993,3.3626799437761825,2458
2023-11-20,3.372849994247748,3.3658742794586334,2459
2023-11-21,3.3650408531702576,3.3699447165444107,2457
2023-11-22,3.3695101563044716,3.3685396186600705,2458
2023-11-24,3.3771545331015935,3.369523647776533,2456
2023-11-27,3.3725853796965137,3.3731036654839035,2453
2023-11-28,3.3695930921325754,3.3708274199273562,2454
2023-11-29,3.373296628749597,3.375185628690339,2453
2023-11-30,3.375499396219163,3.375747866431518,2451
2023-12-01,3.397020311898847,3.3716828147121563,2452
2023-12-04,3.404642575893361,3.3932253934570373,2451
2023-12-05,3.3920923687300695,3.400875113629656,2450
2023-12-06,3.3900150518779246,3.3959908998771935,2452
2023-12-07,3.3979939074830576,3.3932160293912097,2454
2023-12-08,3.4004632569650344,3.3956251697981226,2456
2023-12-11,3.3963463880815246,3.395132030221509,2457
2023-12-12,3.3920026207798917,3.3951763862287625,2459
2023-12-13,3.420262702453335,3.392795270061877,2458
2023-12-14,3.4403956444910118,3.4326036477274253,2458
2023-12-15,3.4334874475719928,3.4416060030807825,2461
2023-12-18,3.432609179272415,3.4364735451970527,2461
2023-12-19,3.4467729942962446,3.435857024712401,2461
2023-12-20,3.4321516524054667,3.4449476663189107,2460
2023-12-21,3.4452750830561274,3.4385598155289467,2462
2023-12-22,3.4524100344064723,3.4478220735987244,2462
2023-12-26,3.461821157489032,3.4528896951665193,2464
2023-12-27,3.4646255076782015,3.462043213747887,2467
2023-12-28,3.4631145786558153,3.460549886224308,2469
2023-12-29,3.4527704996065918,3.459980662938447,2469
2024-01-02,3.448286831451963,3.4468660267029896,2470
2024-01-03,3.4281628562388433,3.441517785189011,2473
2024-01-04,3.4274384388894417,3.430644797812393,2472
2024-01-05,3.4276673509267344,3.4253469959824825,2470
2024-01-08,3.4407928632535545,3.42704222351445,2468
2024-01-09,3.431275557537648,3.4318056644290054,2467
2024-01-10,3.4308101443550236,3.4307791449277962,2469
2024-01-11,3.4260555899021017,3.431471989462872,2465
2024-01-12,3.424779281676461,3.4333021118911202,2464
2024-01-16,3.4103093851923107,3.41457752197197,2467
2024-01-17,3.402074592506727,3.3998306602134396,2468
2024-01-18,3.4041512940515286,3.403951927673561,2470
2024-01-19,3.413097443610863,3.4085944848153296,2469
2024-01-22,3.4267217010911017,3.415897269942153,2470
2024-01-23,3.4256230032960686,3.4314488166714976,2471
2024-01-24,3.4202876346713493,3.433775651629162,2470
2024-01-25,3.4277550923173994,3.426615355090929,2472
2024-01-26,3.4309996723712506,3.4317473772562237,2471
2024-01-29,3.4409770165716598,3.4310957958289983,2471
2024-01-30,3.437624384501773,3.4386625075408785,2470
2024-01-31,3.4197122863317264,3.4368449925960527,2467
2024-02-01,3.4314700164276513,3.4250952548447255,2466
2024-02-02,3.424658029017238,3.421867764782543,2469
2024-02-05,3.410343528187203,3.416166822146115,2469
2024-02-06,3.416932440099765,3.408836879583196,2470
2024-02-07,3.4151280254817236,3.419608555671973,2469
2024-02-08,3.4234690127073546,3.4150813528037656,2469
2024-02-09,3.432141253417816,3.42320732146458,2470
2024-02-12,3.446183242716328,3.43288174862739,2472
2024-02-13,3.412984146962325,3.423380435841435,2472
2024-02-14,3.434305288559102,3.425088680004498,2471
2024-02-15,3.4522660046324027,3.4383446958388277,2471
2024-02-16,3.445278370300896,3.4476569505072994,2472
2024-02-20,3.4367298582505055,3.439049165795604,2472
2024-02-21,3.4332447497629164,3.433332812498225,2475
2024-02-22,3.4351538277108093,3.4350995454848685,2477
2024-02-23,3.4328543095220745,3.4301793892482673,2475
2024-02-26,3.4342870217627373,3.430086916839164,2476
2024-02-27,3.441555857589956,3.438040750637208,2476
2024-02-28,3.436156085606136,3.437909644328608,2477
2024-02-29,3.4425828298708674,3.4456746059120844,2476
2024-03-01,3.4498511515412593,3.4452436840008906,2475
2024-03-04,3.44659219517139,3.4531208273165617,2475
2024-03-05,3.4384913406060007,3.440992062070873,2479
2024-03-06,3.4446284660170234,3.445199879358301,2480
2024-03-07,3.4507064967438055,3.449648773037735,2478
2024-03-08,3.450016651032835,3.454546849620824,2479
2024-03-11,3.44565160144647,3.4466099699530597,2480
2024-03-12,3.444639622037456,3.4458315519187708,2478
2024-03-13,3.446477739033965,3.4447129159333034,2478
2024-03-14,3.430870455284573,3.445664307697301,2478
2024-03-15,3.435355125618201,3.4271632731557666,2477
2024-03-18,3.432075628417629,3.4375474044173147,2477
2024-03-19,3.4360842077995866,3.428660031899646,2478
2024-03-20,3.45197361862133,3.433592212528717,2479
2024-03-21,3.4581508468806454,3.456028634419529,2479
2024-03-22,3.450823202534154,3.458833871005267,2484
2024-03-25,3.4492945751435986,3.4514000559126417,2484
2024-03-26,3.4474655649866346,3.4548659539330044,2482
2024-03-27,3.4682028549999426,3.4538990621124457,2485
2024-03-28,3.474216430050677,3.4698920616326823,2485
2024-04-01,3.4677212131125796,3.4755085851895573,2484
2024-04-02,3.4572065891589734,3.4599524695002617,2484
2024-04-03,3.462035192174182,3.4532975787689235,2484
2024-04-04,3.4543252100895727,3.4715141074412648,2482
2024-04-05,3.4573152725124294,3.4522455053656844,2482
2024-04-08,3.4619356831947035,3.4613623829189937,2482
2024-04-09,3.4651318155911808,3.464923182454418,2482
2024-04-10,3.4435005109343315,3.4476886477420514,2480
2024-04-11,3.444205812486411,3.445181242471999,2480
2024-04-12,3.423559241495651,3.4366303811363936,2478
2024-04-15,3.410785236184853,3.428978272224872,2477
2024-04-16,3.4037472863413116,3.4048729659212698,2478
2024-04-17,3.3979802869886466,3.4091016775091894,2478
2024-04-18,3.395884169212276,3.400521869575588,2483
2024-04-19,3.402145890272688,3.394014260132045,2483
2024-04-22,3.40977087837794,3.405499329412373,2482
2024-04-23,3.424915570709219,3.413044529518977,2483
2024-04-24,3.4233441922496843,3.422867572286355,2483
2024-04-25,3.4160877564436922,3.413351863871301,2482
2024-04-26,3.423218429367946,3.418752759455641,2480
2024-04-29,3.431202431416392,3.4273139923292395,2478
2024-04-30,3.4159701127202147,3.424779758991481,2475
2024-05-01,3.419788469003201,3.4160640867899024,2474
2024-05-02,3.4317199784630055,3.427671724533961,2474
2024-05-03,3.442426727251929,3.4456359084001345,2473
2024-05-06,3.45083593815495,3.4467434609146177,2472
2024-05-07,3.4504081887313283,3.4528584859627593,2473
2024-05-08,3.4507295645085323,3.445347566829286,2473
2024-05-09,3.4613211293030175,3.4533229891122295,2472
2024-05-10,3.458306698740701,3.4663736317950664,2470
2024-05-13,3.459691657556908,3.461644290602089,2471
2024-05-14,3.4689246938510356,3.4673024214795998,2471
2024-05-15,3.473454158005611,3.475860543184481,2473
2024-05-16,3.4742622803918026,3.4731995810735383,2472
2024-05-17,3.473672653916512,3.475560966879632,2471
2024-05-20,3.4734005633343648,3.4737892855030075,2471
2024-05-21,3.4698191509498013,3.469231645792108,2471
2024-05-22,3.46511652559972,3.467752414982765,2470
2024-05-23,3.44707969367193,3.46625269951748,2472
2024-05-24,3.4561761180647905,3.45251776531648,2474
2024-05-28,3.45320741951045,3.4598265672427386,2474
2024-05-29,3.4393657072316794,3.441426540635036,2475
2024-05-30,3.448261293866743,3.442928950263646,2474
2024-05-31,3.4571639226731814,3.4519257043999434,2472
2024-06-03,3.4520291454809553,3.4620679684448397,2472
2024-06-04,3.440840347566887,3.446968093018354,2471
2024-06-05,3.449025384659354,3.443750438976604,2472
2024-06-06,3.4454872099682885,3.445940484604564,2473
2024-06-07,3.433599585333497,3.4355683220225544,2472
2024-06-10,3.4319119452942184,3.4254569954493963,2473
2024-06-11,3.428391668801741,3.425142028665051,2473
2024-06-12,3.438523831956644,3.446200972508679,2470
2024-06-13,3.430493224003736,3.437140062242363,2470
2024-06-14,3.4176067966907877,3.422037780518157,2470
2024-06-17,3.4211006131668835,3.4133914961738947,2470
2024-06-18,3.4148762861959274,3.41805109142799,2472
2024-06-20,3.4127957270690934,3.412029000450135,2474
2024-06-21,3.4137785287840425,3.412521602407319,2473
2024-06-24,3.418905152233009,3.415481021060168,2474
2024-06-25,3.4102227487781556,3.4170559365490507,2475
2024-06-26,3.412639370425431,3.4074879710781723,2474
2024-06-27,3.416962383983249,3.413688155190703,2475
2024-06-28,3.4215864086566596,3.420612533569414,2475
2024-07-01,3.413141598966157,3.4242852468152805,2474
2024-07-02,3.4144267805544657,3.4135573576439984,2475
2024-07-03,3.413068159392949,3.411439283150779,2475
2024-07-05,3.4095273233592933,3.4132929401244323,2472
2024-07-08,3.415377955400138,3.4145756474336117,2472
2024-07-09,3.4113061959618634,3.4126257742851642,2475
2024-07-10,3.4231699726138993,3.416627189196234,2474
2024-07-11,3.4490751272791127,3.433626104640833,2476
2024-07-12,3.460022576336881,3.4562486497805938,2475
2024-07-15,3.4663335763060887,3.4627364237687734,2476
2024-07-16,3.493535509957696,3.471189107618789,2476
2024-07-17,3.485504357537173,3.484724409914354,2477
2024-07-18,3.4690252988444508,3.481334141991142,2477
2024-07-19,3.4624561186609655,3.4696840575971826,2476
2024-07-22,3.4756882240795823,3.465578993165136,2476
2024-07-23,3.4812585318491256,3.471939014604968,2477
2024-07-24,3.464007662260176,3.47594790330335,2477
2024-07-25,3.4712174710241612,3.4638434388058754,2477
2024-07-26,3.486230991792103,3.481511897419053,2476
2024-07-29,3.4803251303875533,3.4883566263957118,2475
2024-07-30,3.478902065827637,3.4799658617791263,2477
2024-07-31,3.483877765674026,3.482108176744239,2479
2024-08-01,3.4593415907960976,3.4840239272368683,2479
2024-08-02,3.4290501241772033,3.4367804501214,2480
2024-08-05,3.3984727240289225,3.3848733154914674,2481
2024-08-06,3.4067617164389445,3.4002349309035593,2483
2024-08-07,3.3951409564466157,3.420255325057474,2485
2024-08-08,3.415608330491392,3.4044471584698623,2485
2024-08-09,3.4129791794305064,3.4150269780861877,2484
2024-08-12,3.407077855533694,3.413191965901273,2483
2024-08-13,3.4217063721634124,3.412478084990198,2483
2024-08-14,3.4183949108146416,3.4230456440909878,2485
2024-08-15,3.4405548791599347,3.4337406857735235,2483
2024-08-16,3.444269786423103,3.437889519990489,2484
2024-08-19,3.4559763934852072,3.4460613579764936,2484
2024-08-20,3.4448484986538483,3.4519812880325045,2486
2024-08-21,3.455571627500025,3.4485242597013754,2489
2024-08-22,3.447088750001141,3.455449538480947,2489
2024-08-23,3.4723004174366765,3.4542076722287844,2492
2024-08-26,3.471566596252527,3.476944067812839,2492
2024-08-27,3.4668349342539586,3.4667594344378276,2492
2024-08-28,3.460158258049982,3.4646509715240144,2493
2024-08-29,3.464167587217878,3.4635744381580937,2493
2024-08-30,3.470255201391673,3.468049695030951,2492
2024-09-03,3.444941650535842,3.462841177318161,2492
2024-09-04,3.4414713514140147,3.4409755588683595,2494
2024-09-05,3.4368711683620674,3.442551386510034,2495
2024-09-06,3.4248090240795594,3.4406944526649528,2495
2024-09-09,3.4294975348404293,3.4291944289589926,2493
2024-09-10,3.4299939916161453,3.431528294340797,2493
2024-09-11,3.4330036763175444,3.4260148812943534,2494
2024-09-12,3.4446362624311817,3.4384072208940197,2493
2024-09-13,3.4626280850387303,3.451887520646994,2493
2024-09-16,3.465342540558085,3.464683597988282,2493
2024-09-17,3.468068995564678,3.468291757060922,2494
2024-09-18,3.4664247540643225,3.468769866868395,2494
2024-09-19,3.482482639072356,3.4858349529571426,2494
2024-09-20,3.4721983583232987,3.4780796127825853,2494
2024-09-23,3.4695061004169427,3.4736651142219777,2495
2024-09-24,3.4719509491715668,3.472468622707782,2494
2024-09-25,3.4616621338613682,3.4720514278575823,2495
2024-09-26,3.471517505998445,3.4713490853651066,2499
2024-09-27,3.477652724452027,3.478283464700477,2501
2024-09-30,3.479041876472887,3.4753342535675795,2501
2024-10-01,3.46716733547425,3.476127633332172,2501
2024-10-02,3.467386901675423,3.465968209719145,2501
2024-10-03,3.4610345694080324,3.462117990068656,2502
2024-10-04,3.4725317796413284,3.4707579013010155,2503
2024-10-07,3.4625559063266906,3.467804593905939,2508
2024-10-08,3.458841617625911,3.460365596843163,2508
2024-10-09,3.4606381878863837,3.4560279989787435,2508
2024-10-10,3.456568991704878,3.4542365951139957,2511
2024-10-11,3.4721895752946734,3.4569610333019023,2510
2024-10-14,3.476443072778083,3.473200039545452,2509
2024-10-15,3.4740615006685895,3.475993538342965,2509
2024-10-16,3.490227439569358,3.481741229144523,2507
2024-10-17,3.4885455074899747,3.4900238413048665,2507
2024-10-18,3.491266351515002,3.4916592770149077,2507
2024-10-21,3.479686208735982,3.4907292831390317,2508
2024-10-22,3.4724701809122864,3.4730693925371003,2509
2024-10-23,3.4640830090788164,3.4694694948744322,2510
2024-10-24,3.464250326692214,3.467773261348165,2509
2024-10-25,3.4620881183467263,3.468876808229001,2507
2024-10-28,3.47339746836246,3.466789104582165,2509
2024-10-29,3.46929281214572,3.46864940657351,2509
2024-10-30,3.467388267462582,3.466512809967438,2508
2024-10-31,3.450923084340513,3.4635284961573443,2509
2024-11-01,3.454699953696941,3.458481619219223,2509
2024-11-04,3.4552647255007845,3.453750196049755,2508
2024-11-05,3.470281716785754,3.4549002120761436,2506
2024-11-06,3.5037413978999346,3.4953214361741343,2506
2024-11-07,3.500000378518719,3.5032092112549242,2507
2024-11-08,3.5010747690919413,3.498687212895653,2507
2024-11-11,3.5084795860190727,3.5064090335619067,2507
2024-11-12,3.494986792001358,3.5023158922375592,2508
2024-11-13,3.4868782483763887,3.4973840685000885,2510
2024-11-14,3.4793295928728916,3.4886723004221682,2510
2024-11-15,3.4663476247106946,3.4801144216040814,2509
2024-11-18,3.467870584207941,3.4675407445395305,2509
2024-11-19,3.4694034423877795,3.460218803292409,2510
2024-11-20,3.4712555417630098,3.4686576351896616,2510
2024-11-21,3.482308716528326,3.472125113966699,2512
2024-11-22,3.4961343592178813,3.484931540067348,2512
2024-11-25,3.508424874616043,3.503028115170143,2512
2024-11-26,3.5032704277478617,3.506680888143442,2513
2024-11-27,3.5056952411788433,3.507609566778583,2513
2024-11-29,3.514197017001094,3.5121260419066282,2510
2024-12-02,3.518367484718328,3.517242175662081,2508
2024-12-03,3.5110747327029745,3.5174908263181575,2510
2024-12-04,3.509569008746337,3.5103885420555487,2512
2024-12-05,3.501207252194945,3.5093336852106964,2512
2024-12-06,3.5033843092989314,3.5067448167387982,2511
2024-12-09,3.5030685104525325,3.507027530707395,2512
2024-12-10,3.49797894665781,3.502750840002848,2512
2024-12-11,3.4984654190440057,3.5027198980107666,2513
2024-12-12,3.4879876334402784,3.4956249908367263,2513
2024-12-13,3.481049658531925,3.485544574704475,2513
2024-12-16,3.478800741002075,3.4776289258497752,2512
2024-12-17,3.471652639853851,3.474212574147621,2512
2024-12-18,3.4346038379095067,3.472958652608184,2512
2024-12-19,3.42856051475108,3.4399686485574827,2514
2024-12-20,3.4377838159278773,3.4199266703228712,2515
2024-12-23,3.4384364543661374,3.434317963350597,2517
2024-12-24,3.4464127058027207,3.43793941315327,2518
2024-12-26,3.455842119695427,3.4420188639098286,2515
2024-12-27,3.446858525744304,3.450936329541678,2517
2024-12-30,3.442047408394858,3.4395498292741187,2518
2024-12-31,3.4439468705519056,3.445202870378978,2519
2025-01-02,3.4466249936132467,3.449967562933594,2523
2025-01-03,3.4593780798794986,3.4503292807868435,2524
2025-01-06,3.4600293285523787,3.4653146891791806,2525
2025-01-07,3.4508862802718974,3.4605706528721587,2529
2025-01-08,3.442455154859035,3.445292918134955,2530
2025-01-10,3.423399398349696,3.4313437614806754,2530
2025-01-13,3.424889207547236,3.4165710859600664,2529
2025-01-14,3.432259347345443,3.4309369924707314,2529
2025-01-15,3.448250898320368,3.451759855772788,2529
2025-01-16,3.449622542906231,3.4467788093813683,2530
2025-01-17,3.4546080922133453,3.45568963701476,2529
2025-01-21,3.4696584472002954,3.4626222696119666,2529
2025-01-22,3.4618836348015996,3.4674560890018156,2530
2025-01-23,3.465992339754871,3.4584893448230036,2531
2025-01-24,3.4654010822031305,3.4644967268477833,2531
2025-01-27,3.456012092005558,3.4573809575582426,2532
2025-01-28,3.4543026670464543,3.4552725676699514,2532
2025-01-29,3.4506703831688994,3.4518737948421023,2532
2025-01-30,3.4600589905757904,3.4576913611500424,2532
2025-01-31,3.448730434582025,3.458631561122514,2532
2025-02-03,3.4345739130501425,3.4268650991563168,2534
2025-02-04,3.445508622014959,3.4335044798521848,2535
2025-02-05,3.452688707906049,3.4467334747921368,2537
2025-02-06,3.451716612507168,3.456150786767549,2536
2025-02-07,3.4412831558323913,3.452939681102848,2535
2025-02-10,3.4448841383975184,3.446550488454011,2535
2025-02-11,3.4411383674070795,3.4380730039849174,2538
2025-02-12,3.4345454871583816,3.428884569361434,2538
2025-02-13,3.4453367662509926,3.437387681722333,2539
2025-02-14,3.445739096528139,3.4488703762320023,2542
2025-02-18,3.449225694329376,3.4472470467209164,2543
2025-02-19,3.445811920430191,3.4432711130683757,2544
2025-02-20,3.438532524802758,3.4427314893191316,2545
2025-02-21,3.4176984191768605,3.441931956851508,2547
2025-02-24,3.4100556282608827,3.420011262548127,2549
2025-02-25,3.404174385141884,3.4070752730405602,2551
2025-02-26,3.4060326065026967,3.4067380374898417,2551
2025-02-27,3.389950116963997,3.4026245790410887,2552
2025-02-28,3.3965149954514557,3.3860225753932722,2552
2025-03-03,3.3674445270351843,3.397057004638398,2554
2025-03-04,3.353764158643373,3.3526861550201654,2557
2025-03-05,3.3672265095318976,3.355090572620259,2558
2025-03-06,3.35588946764203,3.3534306758231476,2558
2025-03-07,3.3622832167254457,3.352957201854108,2559
2025-03-10,3.3367864583165345,3.353277753202138,2558
2025-03-11,3.3348073640471814,3.337506844256712,2559
2025-03-12,3.337221088460285,3.340607385626598,2559
2025-03-13,3.3224427918129638,3.3359616307223057,2559
2025-03-14,3.3426343901957156,3.329002735722101,2559
2025-03-17,3.3554829273376447,3.341081785753034,2560
2025-03-18,3.3480887448903394,3.3519692587132957,2560
2025-03-19,3.3586805953474204,3.348171514125082,2561
2025-03-20,3.3536782139074366,3.349292995628798,2561
2025-03-21,3.347675390072145,3.344494609544334,2560
2025-03-24,3.3636176939304683,3.356999972294606,2560
2025-03-25,3.3562685555465626,3.36323457822611,2560
2025-03-26,3.3510445936976367,3.357784577868098,2559
2025-03-27,3.3497193611488667,3.3467821589533484,2560
2025-03-28,3.3286361459900875,3.3479537481108936,2560
2025-03-31,3.320503504677112,3.313415079393413,2563
2025-04-01,3.3207222855531313,3.3178225076011674,2563
2025-04-02,3.3328335399980356,3.310767015172475,2562
2025-04-03,3.272438950347845,3.2940628654218065,2562
2025-04-04,3.2249842364103776,3.2413795390440923,2563
2025-04-07,3.2109785891343847,3.188421211768738,2566
2025-04-08,3.1842436857445566,3.240446400942298,2566
2025-04-09,3.260450447906563,3.1759387125680787,2566
2025-04-10,3.222214853502969,3.2361028562757683,2566
2025-04-11,3.238018281716129,3.222922548715405,2565
2025-04-14,3.253558806394164,3.253840755615654,2563
2025-04-15,3.2539406334908625,3.252795654145289,2562
2025-04-16,3.243102633836564,3.2473732149718506,2560
2025-04-17,3.251860411615124,3.2429065757117073,2561
2025-04-21,3.234109244605606,3.2415690255830754,2562
2025-04-22,3.2593929632271292,3.244844492713391,2562
2025-04-23,3.273293882024735,3.281586668887057,2561
2025-04-24,3.2925615814186964,3.2751884638723125,2564
2025-04-25,3.2925851359679554,3.2838232525312177,2564
2025-04-28,3.295528832689066,3.2918189007845946,2563
2025-04-29,3.300560958019453,3.2927319370823165,2560
2025-04-30,3.2973487310026295,3.2860872165566506,2560
2025-05-01,3.299412079989551,3.298719754140764,2560
2025-05-02,3.319063725789312,3.3091110020949643,2560
2025-05-05,3.312119711060911,3.312768294824681,2560
2025-05-06,3.3033716745480337,3.3056573862556724,2559
2025-05-07,3.305697756934781,3.3063658343268476,2557
2025-05-08,3.319658768304399,3.308958574630415,2559
2025-05-09,3.3195104912838382,3.319304030454403,2560
2025-05-12,3.3477815368802366,3.3480176940191506,2560
2025-05-13,3.352511109025806,3.3503730388701585,2560
2025-05-14,3.3454029102155602,3.3513711218885507,2559
2025-05-15,3.3503790400072955,3.34025990066805,2559
2025-05-16,3.3570453965913005,3.3475376684109945,2560
2025-05-19,3.3565547865115444,3.3449191366378557,2561
2025-05-20,3.3561514186398624,3.3532140085370292,2560
2025-05-21,3.3305218700001,3.3462285975331327,2560
2025-05-22,3.329951775507374,3.3290935679876954,2560
2025-05-23,3.325780021239841,3.3142108197965867,2563
2025-05-27,3.347393234121919,3.3360815408691806,2563
2025-05-28,3.337746340683626,3.345708533444867,2563
2025-05-29,3.344458176876585,3.3459110563121617,2563
2025-05-30,3.339073871930563,3.339753011178723,2564
2025-06-02,3.339248724366516,3.339052180408843,2563
2025-06-03,3.351912632087061,3.339181382220949,2561
2025-06-04,3.35256795928199,3.351730320003391,2559
2025-06-05,3.3498717417574544,3.353467230809959,2561
2025-06-06,3.364047088536107,3.359001249120547,2561
2025-06-09,3.3696542214232696,3.3700458946863177,2561
2025-06-10,3.3753639536334568,3.372559568837904,2561
2025-06-11,3.3721047638526556,3.378098713350064,2561
2025-06-12,3.369259122020902,3.366191009993272,2561
2025-06-13,3.3501244328486046,3.356665635577227,2561
2025-06-16,3.3614012975093712,3.3600417888905154,2561
2025-06-17,3.3524921604634472,3.3566248739755276,2560
2025-06-18,3.355585418149455,3.351725148200194,2560
2025-06-20,3.351362381319376,3.3607281887815303,2560
2025-06-23,3.3580332522040894,3.3502238702000358,2561
2025-06-24,3.3716240508149653,3.364193565150878,2561
2025-06-25,3.3609162617683817,3.367975603801519,2563
2025-06-26,3.374235015467229,3.3657772745082055,2561
2025-06-27,3.373770107598576,3.3758185214201117,2561
2025-06-30,3.376105839042177,3.3765863859871805,2561
2025-07-01,3.388973000574038,3.3729006560684955,2562
2025-07-02,3.401716114408615,3.3885766254052063,2562
2025-07-03,3.4089215415149536,3.4039629766673127,2563
2025-07-07,3.395949674677666,3.4031064330990697,2563
2025-07-08,3.4036939091894096,3.398866861591152,2563
2025-07-09,3.4106740592753635,3.4079668914963186,2562
2025-07-10,3.419415359416275,3.4119786328659996,2559
2025-07-11,3.4103994847160055,3.413313699360178,2559
2025-07-14,3.4125704359845077,3.4093076906898685,2558
2025-07-15,3.393651777196407,3.4143254926959297,2558
2025-07-16,3.400355529696725,3.399702445902101,2558
2025-07-17,3.40897287927555,3.4003535859885674,2560
2025-07-18,3.4039523370997493,3.4156553261705493,2561
2025-07-21,3.404448448375108,3.4106294144343874,2561
2025-07-22,3.4174404543254697,3.4057383238952634,2561
2025-07-23,3.4322696770044896,3.423630662384293,2561
2025-07-24,3.420258579283391,3.4289241614353974,2561
2025-07-25,3.422082006327255,3.423348247424671,2562
2025-07-28,3.418968230102637,3.4239159912375507,2561
2025-07-29,3.4088415277244586,3.4218352029202586,2563
2025-07-30,3.396145103297769,3.4098300988588592,2564
2025-07-31,3.386222033176873,3.39332045928165,2564
2025-08-01,3.3696965252192626,3.3761811914480218,2564
2025-08-04,3.386798077647721,3.375931065286955,2564
2025-08-05,3.3913856043049653,3.3898456734451208,2562
2025-08-06,3.3898945494331896,3.392090752079662,2563
2025-08-07,3.3870560418386897,3.3967544963426466,2563
2025-08-08,3.3885633383983818,3.389357893366168,2562
2025-08-11,3.3864485695401254,3.3914821839184586,2561
2025-08-12,3.4113491027285323,3.3923114878874867,2563
2025-08-13,3.427720474232319,3.412531735857361,2563
2025-08-14,3.4169983682061433,3.4160117617367383,2564
2025-08-15,3.413797011985715,3.4203836194521178,2564
2025-08-18,3.414843017797649,3.4132881103679704,2566
2025-08-19,3.4099748067679942,3.416362841761063,2565
2025-08-20,3.409012388027405,3.4109739270294437,2564
2025-08-21,3.4092213582661595,3.403046012712901,2564
2025-08-22,3.4413458690194307,3.4153335156771423,2565
2025-08-25,3.4326756925223227,3.4348841930944354,2567
2025-08-26,3.435677592165044,3.4317745398432513,2568
2025-08-27,3.4395004535439146,3.4331711560175187,2568
2025-08-28,3.4398861380927994,3.44173718383702,2569
2025-08-29,3.4366842285167367,3.4394506129308278,2571
2025-09-02,3.4299835183842275,3.4252472127399316,2571
2025-09-03,3.428588853472161,3.426991132362382,2571
2025-09-04,3.434977357136614,3.4274267367149416,2571
2025-09-05,3.4397597817256633,3.438139393958121,2571
2025-09-08,3.4406833123766383,3.4415662720937155,2569
2025-09-09,3.435811806833434,3.4383880828323004,2570
2025-09-10,3.433773587040314,3.435965459424321,2570
2025-09-11,3.4510066823772085,3.4349586605555915,2570
2025-09-12,3.4429104422926584,3.4496494196126024,2569
2025-09-15,3.4429748854618025,3.4469142750901964,2568
2025-09-16,3.4417556622174614,3.4431434294546963,2569
2025-09-17,3.439805093125214,3.4431309558152337,2570
2025-09-18,3.45455179619274,3.444632882878797,2572
2025-09-19,3.4466408120048526,3.454398932089107,2572
2025-09-22,3.451734108981621,3.4468819268639654,2573
2025-09-23,3.449046042621871,3.453479216790353,2574
2025-09-24,3.447213064106228,3.4511258464399694,2574
2025-09-25,3.4370600943304246,3.44050580966301,2575
2025-09-26,3.4444661176691187,3.4377940166419125,2573
2025-09-29,3.4420341410855366,3.4472173269551085,2573
2025-09-30,3.4406926705302996,3.4394512231558143,2575
2025-10-01,3.4434345592074704,3.436699016417587,2575
2025-10-02,3.4458958847256644,3.444627142244082,2575
2025-10-03,3.454349463972784,3.4517882678220446,2574
2025-10-06,3.453927277787209,3.4568307713036646,2575
2025-10-07,3.443550106153963,3.4558166683915323,2576
2025-10-08,3.4515447947944735,3.448890097582368,2576
2025-10-09,3.4432165631861618,3.452773578348588,2575
2025-10-10,3.410031727127504,3.4445056595240757,2577
2025-10-13,3.4263118576070606,3.424124330631743,2579
2025-10-14,3.43816059511299,3.414074978712747,2578
2025-10-15,3.4416339671655822,3.443201159914908,2578
2025-10-16,3.4252530370422427,3.4452620002066014,2578
2025-10-17,3.4205988978732536,3.422080033812104,2578
2025-10-20,3.436730409025624,3.426608794772226,2578
2025-10-21,3.4356203169793527,3.4324040807098597,2580
2025-10-22,3.427654732533216,3.433114568595038,2579
2025-10-23,3.436727745652046,3.4308179730782666,2579
2025-10-24,3.4436476802075724,3.4437789478996543,2579
2025-10-27,3.443259461003807,3.449103151373522,2578
2025-10-28,3.4357813652130407,3.439831631654563,2580
2025-10-29,3.421794884498775,3.4329939578463944,2580
2025-10-30,3.414536258964228,3.4182369251822857,2580
2025-10-31,3.417432381641359,3.4124895467521426,2580
2025-11-03,3.4127241656039207,3.415051656508146,2580
2025-11-04,3.396547509098055,3.3999735642009385,2579
2025-11-05,3.4062103011456215,3.396802417448032,2581
2025-11-06,3.388984080432842,3.403567218161206,2582
2025-11-07,3.394522174095191,3.3848190127810316,2581
2025-11-10,3.4021631691942518,3.402413806775135,2582
2025-11-11,3.4053838766278117,3.4016818675925573,2584
2025-11-12,3.4075561421607485,3.4086343711108325,2578
2025-11-13,3.389729346914758,3.404322621239738,2578
2025-11-14,3.386532043606006,3.377762981023294,2578
2025-11-17,3.366362151765099,3.3839270653335847,2578
2025-11-18,3.3684713202341117,3.3613754493419097,2577
2025-11-19,3.361814807946691,3.367221174141229,2577
2025-11-20,3.345211818786157,3.371273072303876,2577
2025-11-21,3.367934972351964,3.3487390857850077,2578
2025-11-24,3.376641783117042,3.3664829018266853,2579
2025-11-25,3.3957804482556035,3.3788946705290925,2577
2025-11-26,3.4042750950251226,3.393973949983604,2577
2025-11-28,3.410297245066891,3.406313139753405,2577
2025-12-01,3.3997799348135445,3.400573931464416,2577
2025-12-02,3.396450640623934,3.4028281415110158,2578
2025-12-03,3.413174057763899,3.3985371178926838,2578
2025-12-04,3.4167209120889517,3.4099257268190994,2578
2025-12-05,3.4127632375831976,3.415599465192144,2579
2025-12-08,3.4110416601823674,3.4182793329769368,2578
2025-12-09,3.414836612357918,3.409216888096971,2579
2025-12-10,3.428803650055642,3.4121501364566202,2579
2025-12-11,3.4348928067533877,3.4252847413330216,2579
2025-12-12,3.4234182095068855,3.435128574003371,2581
2025-12-15,3.4154103274281318,3.4284291915019396,2581
2025-12-16,3.411044489459501,3.413450437101093,2581
2025-12-17,3.4042034532156378,3.412623897837206,2580
2025-12-18,3.4078242736469293,3.4120297673360778,2579
2025-12-19,3.409122314978622,3.407627761929093,2579
2025-12-22,3.4153013161335846,3.411800004524455,2579
2025-12-23,3.410336360093591,3.4139155699433297,2579
2025-12-24,3.4134388985669486,3.4109406152343373,2583
2025-12-26,3.412515558751909,3.4141273164442607,2582
2025-12-29,3.4035066438438917,3.405855709578407,2583
2025-12-30,3.3977857286503226,3.402651625580195,2586
2025-12-31,3.3906151030817084,3.3958240234530366,2587
