date,log_actual_mean_close,log_simulated_mean_close,count
2019-01-02,3.6703810071374705,3.633272193168066,5
2019-01-03,3.6340933042539274,3.674179831023621,5
2019-01-04,3.689273866088474,3.642318907164663,5
2019-01-07,3.7113612114164822,3.6910883289545295,5
2019-01-08,3.725041100063016,3.7285571587658266,5
2019-01-09,3.7284386952910293,3.717251931715417,5
2019-01-10,3.7297706139515663,3.7007931000837724,5
2019-01-11,3.7278024825848703,3.7388149785512583,5
2019-01-14,3.7144664538742385,3.7157827649050934,5
2019-01-15,3.749703436819105,3.713307656130398,5
2019-01-16,3.75319324198019,3.772084263898408,5
2019-01-17,3.7596598894331,3.7458124708352125,5
2019-01-18,3.757377805546825,3.7799586014604674,5
2019-01-22,3.724120064934501,3.7391143857533162,5
2019-01-23,3.7264607027495806,3.73973699455106,5
2019-01-24,3.7315200439258462,3.718867973640518,5
2019-01-25,3.7506129487737323,3.728412150598636,5
2019-01-28,3.7325744568730213,3.711973478508389,5
2019-01-29,3.71379116216853,3.7462010175633367,5
2019-01-30,3.757034178719496,3.740931971169469,5
2019-01-31,3.775962530834581,3.7512967534738864,5
2019-02-01,3.75360075854057,3.7577259840379846,5
2019-02-04,3.7713759678355836,3.7496188894143376,5
2019-02-05,3.785497617022932,3.7909207088076844,5
2019-02-06,3.773058125713835,3.7999499766187586,5
2019-02-07,3.75552545302818,3.784822970042995,5
2019-02-08,3.75019704480302,3.7432794807993974,5
2019-02-11,3.7486751589100438,3.7592732243190765,5
2019-02-12,3.7744538995766153,3.751133180218479,5
2019-02-13,3.7702814562363725,3.7741255624223338,5
2019-02-14,3.7708610737728843,3.7574874613253817,5
2019-02-15,3.7645156664365667,3.7813979412961216,5
2019-02-19,3.7729807939519007,3.7537310179657695,5
2019-02-20,3.771133076260144,3.776062731257705,5
2019-02-21,3.7639213356755272,3.7765038214749973,5
2019-02-22,3.775057014740742,3.7587436035849415,5
2019-02-25,3.7768927750057677,3.7783925683079316,5
2019-02-26,3.779381663934673,3.7739719011381743,5
2019-02-27,3.7800974068278257,3.7747894214980304,5
2019-02-28,3.776520360947172,3.770647125219478,5
2019-03-01,3.7903860155891977,3.7915576208427586,5
2019-03-04,3.7955630340555535,3.8020201078948834,5
2019-03-05,3.7989779580232135,3.787272589615399,5
2019-03-06,3.7935854043561195,3.799929200780513,5
2019-03-07,3.774848693920834,3.795893761984925,5
2019-03-08,3.7726706035179918,3.7552149696468913,5
2019-03-11,3.8032789987178797,3.776611599131569,5
2019-03-12,3.808800567628722,3.801946146781905,5
2019-03-13,3.816430915621155,3.8010558482322523,5
2019-03-14,3.8144559918342815,3.8118127592223696,5
2019-03-15,3.824073419348424,3.8261503951800484,5
2019-03-18,3.8332412316835973,3.812342593781786,5
2019-03-19,3.8377944806943454,3.84093818151228,5
2019-03-20,3.859169296952263,3.8459912847276887,5
2019-03-21,3.8743439528840877,3.8592490694525816,5
2019-03-22,3.8456000336401006,3.8784029984270045,5
2019-03-25,3.8444673681966477,3.843184579018336,5
2019-03-26,3.840377490012483,3.8652402815108218,5
2019-03-27,3.8328432998123247,3.8474637218745613,5
2019-03-28,3.834416794514308,3.8190608723166934,5
2019-03-29,3.8393771007523756,3.8440610306554883,5
2019-04-01,3.85699709930419,3.8547952151440117,5
2019-04-02,3.8614053687862726,3.8568632854179214,5
2019-04-03,3.866709360659857,3.852357642658944,5
2019-04-04,3.8677249330019987,3.863840326804197,5
2019-04-05,3.8705296671092153,3.867601617462696,5
2019-04-08,3.873925838868971,3.8675372363717635,5
2019-04-09,3.870166655438073,3.8726989281343256,5
2019-04-10,3.8746435054418398,3.872383527069171,5
2019-04-11,3.8743128155937643,3.876115244898842,5
2019-04-12,3.8697241217601044,3.8741895965331423,5
2019-04-15,3.8696305231442385,3.8818307273478596,5
2019-04-16,3.8794226123830473,3.875911100509792,5
2019-04-17,3.883440094647443,3.8845726827256257,5
2019-04-18,3.885722968639272,3.887665764160362,5
2019-04-22,3.9012517479547104,3.877432877221145,5
2019-04-23,3.916551241123024,3.901843687310848,5
2019-04-24,3.9071324996333368,3.9175632739338404,5
2019-04-25,3.904116551251239,3.908543051135674,5
2019-04-26,3.9163442504024717,3.9083274156202052,5
2019-04-29,3.916166233436507,3.9112672964018116,5
2019-04-30,3.889811386884047,3.886654845030762,5
2019-05-01,3.8955147821592484,3.8987196335875014,5
2019-05-02,3.8912778606613365,3.902025795340208,5
2019-05-03,3.913180311641407,3.913074412559288,5
2019-05-06,3.905597506456495,3.8963010711175374,5
2019-05-07,3.887065715241347,3.9055285564525795,5
2019-05-08,3.882425870313845,3.8938055689430664,5
2019-05-09,3.874728138668037,3.8841153374931654,5
2019-05-10,3.8694500288648377,3.8727771257435433,5
2019-05-13,3.828834179753909,3.8428182186674524,5
2019-05-14,3.8337106853622096,3.831797315590811,5
2019-05-15,3.8556876187491755,3.8299831601991077,5
2019-05-16,3.8674626390746565,3.8484729705541634,5
2019-05-17,3.852336478080896,3.868862946166394,5
2019-05-20,3.8359493642441698,3.836559256612783,5
2019-05-21,3.8445376835595284,3.8413966743644004,5
2019-05-22,3.8435050007109948,3.83648634883301,5
2019-05-23,3.8246684344140247,3.83644997786176,5
2019-05-24,3.8247894253807755,3.8297626120520807,5
2019-05-28,3.827127096942317,3.827560028100147,5
2019-05-29,3.8157302206043253,3.83744595940272,5
2019-05-30,3.8174446807459868,3.816404618304102,5
2019-05-31,3.7974998339657473,3.8047142062097237,5
2019-06-03,3.758222283972215,3.788030728964416,5
2019-06-04,3.786270945759733,3.750140139717491,5
2019-06-05,3.789866037463027,3.794099724793001,5
2019-06-06,3.7977020365888006,3.7797978722348216,5
2019-06-07,3.8205485266956343,3.797955454575021,5
2019-06-10,3.8349428375525445,3.829744080929128,5
2019-06-11,3.837479234316668,3.830422117510185,5
2019-06-12,3.8317102103612632,3.8265623122149215,5
2019-06-13,3.836721619512822,3.8377069056068707,5
2019-06-14,3.8324093340343404,3.8300012203287523,5
2019-06-17,3.843375444402979,3.8327896662796865,5
2019-06-18,3.857209176154927,3.8439319486313224,5
2019-06-19,3.8606487378012853,3.8553250208356027,5
2019-06-20,3.866918330415892,3.871813088627027,5
2019-06-21,3.868394416034619,3.868321500045187,5
2019-06-24,3.868279546262452,3.865509073040878,5
2019-06-25,3.8469547592535513,3.8678997003697555,5
2019-06-26,3.8556578625867286,3.8580198832793475,5
2019-06-27,3.859884884702932,3.872301515757269,5
2019-06-28,3.855789037508416,3.8657861862045713,5
2019-07-01,3.8722220614124554,3.8776072348383903,5
2019-07-02,3.8785786919429124,3.8782275291635333,5
2019-07-03,3.8859531298248173,3.882632992718414,5
2019-07-05,3.8878758460627942,3.8888323968788687,5
2019-07-08,3.880454097567292,3.876650032657541,5
2019-07-09,3.8923145616810233,3.87749417841832,5
2019-07-10,3.9040013769678703,3.8873291774079246,5
2019-07-11,3.9000354655467073,3.9033872126510314,5
2019-07-12,3.9012860870482733,3.903219201686089,5
2019-07-15,3.9035154390795013,3.8947126347576364,5
2019-07-16,3.9009729775318123,3.906776635456247,5
2019-07-17,3.8936003963472494,3.893282061278028,5
2019-07-18,3.8777204032781127,3.8712827513752432,5
2019-07-19,3.8641301825156322,3.8899740214673204,5
2019-07-22,3.8732375992789376,3.8647885429291664,5
2019-07-23,3.8774246361297333,3.87314586343984,5
2019-07-24,3.881547673835312,3.8675287712554702,5
2019-07-25,3.8761528376269445,3.8705472197282527,5
2019-07-26,3.898564472340265,3.89191722802466,5
2019-07-29,3.8907278924773516,3.896657764220429,5
2019-07-30,3.881370958202305,3.8814121478080503,5
2019-07-31,3.875374885164472,3.8892714361762803,5
2019-08-01,3.864955955206239,3.8724769150606333,5
2019-08-02,3.8499108372236246,3.860255548053765,5
2019-08-05,3.811293318777473,3.824029549927676,5
2019-08-06,3.82521392009887,3.837318118695457,5
2019-08-07,3.8270592043241436,3.8080378264434542,5
2019-08-08,3.852084372370585,3.8423743736191973,5
2019-08-09,3.8379870377879377,3.8433561716229154,5
2019-08-12,3.830238879153414,3.8385565288662,5
2019-08-13,3.853342738751542,3.8331517836140074,5
2019-08-14,3.8203108366274194,3.8489591293430006,5
2019-08-15,3.821167815648561,3.826843988621277,5
2019-08-16,3.8361601613686602,3.833745106729837,5
2019-08-19,3.8535719887434325,3.845922080871694,5
2019-08-20,3.842371436948686,3.846863265120624,5
2019-08-21,3.851100493167886,3.8575906374097935,5
2019-08-22,3.8461817603002286,3.8554112188538143,5
2019-08-23,3.812399792584664,3.8316054245069537,5
2019-08-26,3.826383087322332,3.818502953885287,5
2019-08-27,3.820050753254778,3.8259605647928288,5
2019-08-28,3.8229879055950624,3.8188307979337144,5
2019-08-29,3.8388997589850162,3.830149541489111,5
2019-08-30,3.83417249847628,3.8490553138995365,5
2019-09-03,3.827417390385559,3.8285426993112983,5
2019-09-04,3.837630547269562,3.8358199326592604,5
2019-09-05,3.858593678423117,3.8343462029853383,5
2019-09-06,3.8542811304101505,3.856187225353358,5
2019-09-09,3.856598616356003,3.8682932951947713,5
2019-09-10,3.8548097333904705,3.857359928322821,5
2019-09-11,3.8654827435366923,3.853666474940851,5
2019-09-12,3.8724272561372906,3.8688424670599586,5
2019-09-13,3.8702711456097485,3.870524754863507,5
2019-09-16,3.8629996363112906,3.8583206339937424,5
2019-09-17,3.8683344846728964,3.869630081481044,5
2019-09-18,3.866965077349334,3.870323315358059,5
2019-09-19,3.864905464414298,3.8691490003135844,5
2019-09-20,3.846850561480133,3.8564988891517142,5
2019-09-23,3.845004464560811,3.853122239766572,5
2019-09-24,3.826089157436786,3.8363669798333295,5
2019-09-25,3.8462505894034593,3.830487179802743,5
2019-09-26,3.8371606015995967,3.839327352727228,5
2019-09-27,3.8287398066896956,3.8424538148268734,5
2019-09-30,3.8372601728336044,3.8324715689390265,5
2019-10-01,3.835713709715046,3.8296555153643874,5
2019-10-02,3.8180276594744815,3.8304057187249443,5
2019-10-03,3.825809792542286,3.8268280379268553,5
2019-10-04,3.8421373913627828,3.8293518859082445,5
2019-10-07,3.841376732112211,3.8376761580229233,5
2019-10-08,3.8263912388604604,3.8344278036845565,5
2019-10-09,3.834529527040231,3.8309203858281142,5
2019-10-10,3.8444868990940213,3.8294125180444105,5
2019-10-11,3.8559988440784534,3.846785188439147,5
2019-10-14,3.858116285154765,3.843584570796399,5
2019-10-15,3.8699229962007458,3.8580708149817275,5
2019-10-16,3.871820006248418,3.8638471867327633,5
2019-10-17,3.8796877388679336,3.8818684533641328,5
2019-10-18,3.8651126735508976,3.8787928606485975,5
2019-10-21,3.8769310071454894,3.864551208431853,5
2019-10-22,3.866769686844923,3.8818250603129654,5
2019-10-23,3.8744758512680293,3.877488372681811,5
2019-10-24,3.8793874728538005,3.872953567273175,5
2019-10-25,3.882173301064992,3.869296306656051,5
2019-10-28,3.8951602077921526,3.879887916512426,5
2019-10-29,3.8803341926219304,3.890074714266734,5
2019-10-30,3.8878078349774055,3.876731652669405,5
2019-10-31,3.8904326212641225,3.895826730341435,5
2019-11-01,3.9029705317641565,3.899562135140599,5
2019-11-04,3.913964515092549,3.9132178281409415,5
2019-11-05,3.911131246692919,3.906401884011011,5
2019-11-06,3.9100289302632536,3.9139666102581434,5
2019-11-07,3.9152033389962777,3.9167878924368718,5
2019-11-08,3.916658699739532,3.917344799353891,5
2019-11-11,3.9144737562160525,3.905086632049308,5
2019-11-12,3.914709034864236,3.9132232053676153,5
2019-11-13,3.9083218572943363,3.9163712252891743,5
2019-11-14,3.9122572099489785,3.9041010768120428,5
2019-11-15,3.9184631150567277,3.909337445036156,5
2019-11-18,3.9233300134583584,3.925236413500023,5
2019-11-19,3.9211720422130116,3.9251061080696603,5
2019-11-20,3.9156537829563005,3.9249567237081013,5
2019-11-21,3.914533449114203,3.9236156107066065,5
2019-11-22,3.914908852012829,3.920353328293007,5
2019-11-25,3.930092798220345,3.9225801978280117,5
2019-11-26,3.932383133673433,3.9232455973112605,5
2019-11-27,3.9412943140940495,3.941637217513579,5
2019-11-29,3.935100675427125,3.928535329056954,5
2019-12-02,3.9229029612318227,3.934304387834187,5
2019-12-03,3.915466920329316,3.908278019805603,5
2019-12-04,3.9202328512208044,3.9213535856094954,5
2019-12-05,3.9207347210244547,3.9339795673511,5
2019-12-06,3.932338219081385,3.916996656841064,5
2019-12-09,3.927009742906109,3.9290441460999115,5
2019-12-10,3.9231478676074634,3.9303937913973126,5
2019-12-11,3.929884900917589,3.93176630044644,5
2019-12-12,3.9342950323996146,3.925769488812458,5
2019-12-13,3.9374257722190293,3.9409029528829045,5
2019-12-16,3.948314232094164,3.942734720446796,5
2019-12-17,3.95642148487833,3.960526040912344,5
2019-12-18,3.9562140102271877,3.959891420672536,5
2019-12-19,3.963608025619724,3.9603350548797973,5
2019-12-20,3.9629132407502508,3.9721947996286935,5
2019-12-23,3.9666749726692627,3.958973085163932,5
2019-12-24,3.9652309632891884,3.96619535254734,5
2019-12-26,3.988200845737397,3.9703482902436664,5
2019-12-27,3.9852008877912866,3.993654790402898,5
2019-12-30,3.9769775269377177,3.9902849045302036,5
2019-12-31,3.9796116784974473,3.975739434964398,5
2020-01-02,4.003120167608725,3.992257047005115,5
2020-01-03,3.99330962026654,3.990146932910204,5
2020-01-06,4.0102945134842205,3.9835108010004108,5
2020-01-07,4.008044005981471,4.012529013996632,5
2020-01-08,4.014623210491236,4.010127929636627,5
2020-01-09,4.023527032622032,4.022764832570672,5
2020-01-10,4.02042951933309,4.024846251230901,5
2020-01-13,4.033445509691205,4.021355266095008,5
2020-01-14,4.023919136960248,4.033789354037089,5
2020-01-15,4.02289628816548,4.02698334135805,5
2020-01-16,4.031423956948566,4.026225808092228,5
2020-01-17,4.037488264349952,4.032496869863942,5
2020-01-21,4.0404953443552065,4.039539319124665,5
2020-01-22,4.036846519827955,4.043678285745469,5
2020-01-23,4.04628918204889,4.03951206102323,5
2020-01-24,4.03906129822087,4.047177039264897,5
2020-01-27,4.014721190592448,4.023072536790149,5
2020-01-28,4.03271445437077,4.028570710629278,5
2020-01-29,4.0381659545330075,4.041459960671169,5
2020-01-30,4.041149554095777,4.025477523518203,5
2020-01-31,4.047730145479826,4.073717858633438,5
2020-02-03,4.059943808464824,4.041385545616909,5
2020-02-04,4.073888370855468,4.064827996119135,5
2020-02-05,4.075076132693873,4.081222544402626,5
2020-02-06,4.08395472651441,4.066870395329049,5
2020-02-07,4.085480359083159,4.075978024666837,5
2020-02-10,4.103047135421618,4.079779173605592,5
2020-02-11,4.105576241278445,4.1165913046718865,5
2020-02-12,4.117071986335097,4.099471709543902,5
2020-02-13,4.1133110691920605,4.118817454401753,5
2020-02-14,4.113124714557943,4.118638720459814,5
2020-02-18,4.1146232214739245,4.108748798011054,5
2020-02-19,4.122695209181513,4.122487281083628,5
2020-02-20,4.11538497494005,4.121008757697363,5
2020-02-21,4.091609758714079,4.110677190399119,5
2020-02-24,4.048161289353203,4.056103339010059,5
2020-02-25,4.023259842133379,4.051652699783296,5
2020-02-26,4.036532317720151,4.040009888030377,5
2020-02-27,3.9850017713466452,3.9936244853483185,5
2020-02-28,3.989278125308379,3.9495226936598433,5
2020-03-02,4.037963523235232,3.998407005493877,5
2020-03-03,4.007925615995108,4.042564844549368,5
2020-03-04,4.046352089208065,4.042350948050927,5
2020-03-05,4.011909294908546,4.01432413668765,5
2020-03-06,3.9985415410232443,3.993293060619991,5
2020-03-09,3.9325750427064308,3.9103745351608494,5
2020-03-10,3.9880186371386097,3.9750281177890705,5
2020-03-11,3.946611257458904,3.9940919020358607,5
2020-03-12,3.8536744118555046,3.886011696026441,5
2020-03-13,3.9370274106730467,3.9077154896538313,5
2020-03-16,3.834512760391316,3.8489776335870904,5
2020-03-17,3.8886503103190018,3.8786861194140694,5
2020-03-18,3.8791400561681932,3.8648581037050125,5
2020-03-19,3.899253367777172,3.869173690803419,5
2020-03-20,3.867484869872901,3.9037086206578864,5
2020-03-23,3.8832578182445596,3.8737156795449224,5
2020-03-24,3.930538784624435,3.910149445442539,5
2020-03-25,3.905868126168098,3.9204252875031647,5
2020-03-26,3.952584955763866,3.951730663544025,5
2020-03-27,3.919083813597838,3.9279362837438407,5
2020-03-30,3.951865150545894,3.948046691341559,5
2020-03-31,3.9532463354181715,3.938673589031306,5
2020-04-01,3.9148497882469147,3.92757144525232,5
2020-04-02,3.9274871333192265,3.8948505176436163,5
2020-04-03,3.912735948931649,3.9318525969102236,5
2020-04-06,3.9764887800270823,3.952159559386049,5
2020-04-07,3.9725277236725884,3.9660040647237973,5
2020-04-08,3.9890694126663755,3.9981498173807655,5
2020-04-09,3.9904369924129353,3.989856960943192,5
2020-04-13,4.0290628620277085,3.9959630915737177,5
2020-04-14,4.076469029674794,4.0471262531150245,5
2020-04-15,4.081525750417242,4.072717826995049,5
2020-04-16,4.105567279377506,4.124401319723057,5
2020-04-17,4.094636382126323,4.095993768210425,5
2020-04-20,4.094677685568451,4.0840687270850635,5
2020-04-21,4.065494443414216,4.125388799644276,5
2020-04-22,4.0829329528808,4.07355588367816,5
2020-04-23,4.09187324295006,4.084721912246324,5
2020-04-24,4.100424333976942,4.0906255512601915,5
2020-04-27,4.093751502969284,4.1172134153576065,5
2020-04-28,4.066051673439532,4.092649742431571,5
2020-04-29,4.104598606382968,4.105037612572255,5
2020-04-30,4.129127560928791,4.097740856138216,5
2020-05-01,4.087642211340721,4.108114008308458,5
2020-05-04,4.101936541935969,4.066670219134493,5
2020-05-05,4.108760352119494,4.11141712449209,5
2020-05-06,4.1194909479340565,4.140474353311332,5
2020-05-07,4.1299093290890045,4.129909901527491,5
2020-05-08,4.140209952971184,4.135344808931535,5
2020-05-11,4.153292450833357,4.151521811270176,5
2020-05-12,4.134360088445725,4.161560131274149,5
2020-05-13,4.131003450513914,4.152083750686839,5
2020-05-14,4.138869614742649,4.126944830605331,5
2020-05-15,4.148801807400355,4.105041446398645,5
2020-05-18,4.1588744078659925,4.156606991631253,5
2020-05-19,4.159175895987045,4.173957944036591,5
2020-05-20,4.175832025341193,4.178898920631466,5
2020-05-21,4.161393448683775,4.170703519986964,5
2020-05-22,4.161189407339671,4.167025873225946,5
2020-05-26,4.152709307023418,4.161176215332713,5
2020-05-27,4.153090706433889,4.161831776735469,5
2020-05-28,4.149410607693759,4.157293209979185,5
2020-05-29,4.160728170452833,4.1447356669520685,5
2020-06-01,4.1702675318478,4.153451312260337,5
2020-06-02,4.1732085176962,4.159683700776259,5
2020-06-03,4.173208012386998,4.186743634221325,5
2020-06-04,4.1622777925756616,4.1783136608255145,5
2020-06-05,4.178705028217766,4.15530502168195,5
2020-06-08,4.187273199014276,4.1795468125461825,5
2020-06-09,4.212928936763921,4.201625123853976,5
2020-06-10,4.228533487800467,4.216383891116592,5
2020-06-11,4.189594046039027,4.223660986272268,5
2020-06-12,4.189301828932621,4.206873599040806,5
2020-06-15,4.200485059450466,4.19180943472239,5
2020-06-16,4.219543955362782,4.206363793211226,5
2020-06-17,4.2280770840029795,4.220831932893496,5
2020-06-18,4.2284416943963405,4.216509522231553,5
2020-06-19,4.230722805567867,4.237567959233703,5
2020-06-22,4.250441420266282,4.24170062769269,5
2020-06-23,4.263893549117825,4.251385298420954,5
2020-06-24,4.2476507530092045,4.265468805218005,5
2020-06-25,4.25814155953085,4.2516752432388465,5
2020-06-26,4.222380473644197,4.248466257872668,5
2020-06-29,4.232628760545268,4.2234429187837295,5
2020-06-30,4.251754379718629,4.229934401037976,5
2020-07-01,4.280192729381523,4.23282523539267,5
2020-07-02,4.2832532517350295,4.304788651197484,5
2020-07-06,4.321547137997185,4.307472162191208,5
2020-07-07,4.311724761976674,4.334700831897821,5
2020-07-08,4.332926435022612,4.321757242905305,5
2020-07-09,4.351152448527178,4.343586602154267,5
2020-07-10,4.368079896332737,4.34863387705179,5
2020-07-13,4.343748752176984,4.386969549463803,5
2020-07-14,4.346983755235661,4.3499895473468335,5
2020-07-15,4.337186250067435,4.335175175635861,5
2020-07-16,4.334371711828007,4.33600789369807,5
2020-07-17,4.319632642630014,4.313066241541969,5
2020-07-20,4.3650004390287265,4.335847575693502,5
2020-07-21,4.349587195809272,4.39087481432666,5
2020-07-22,4.346807588342437,4.346330230880652,5
2020-07-23,4.30961489543378,4.3358203973475105,5
2020-07-24,4.312455093543631,4.321649019294142,5
2020-07-27,4.331284868681268,4.298857324272142,5
2020-07-28,4.3136431941685185,4.333618116448112,5
2020-07-29,4.325111720336991,4.3160516707324215,5
2020-07-30,4.332433660488518,4.31482240173735,5
2020-07-31,4.366748864274641,4.3676355598825705,5
2020-08-03,4.369022935302848,4.382733485423087,5
2020-08-04,4.3763403034672,4.3754283512955725,5
2020-08-05,4.384922779735479,4.377842326051037,5
2020-08-06,4.40166017384133,4.377090615981168,5
2020-08-07,4.383776506563237,4.39539299349265,5
2020-08-10,4.382554299332254,4.39107726451219,5
2020-08-11,4.358879394224629,4.382535622190963,5
2020-08-12,4.385004581344467,4.368179538682122,5
2020-08-13,4.39258296936902,4.385832474263942,5
2020-08-14,4.390044546473331,4.400081851841109,5
2020-08-17,4.396651507349148,4.404230082283442,5
2020-08-18,4.421753226603277,4.402307010410934,5
2020-08-19,4.412426166281913,4.415946311790709,5
2020-08-20,4.430134959515194,4.423866911817588,5
2020-08-21,4.442423558216522,4.428225755653255,5
2020-08-24,4.448642132580659,4.461393663495383,5
2020-08-25,4.453656056042224,4.455936349668277,5
2020-08-26,4.4864342874730445,4.455960672222155,5
2020-08-27,4.471178615389247,4.473364629883841,5
2020-08-28,4.472714338676094,4.482374946558349,5
2020-08-31,4.4882243747203425,4.476936040838013,5
2020-09-01,4.514518044581815,4.492777402333496,5
2020-09-02,4.519806296471212,4.536639952998269,5
2020-09-03,4.459925878468251,4.517246726707759,5
2020-09-04,4.442501940336177,4.464504756318617,5
2020-09-08,4.395175665880395,4.412870853865102,5
2020-09-09,4.423472031030233,4.44805878395028,5
2020-09-10,4.394327818745723,4.4201601082588455,5
2020-09-11,4.382006736061293,4.4173005822760025,5
2020-09-14,4.388610412755763,4.4059163210750345,5
2020-09-15,4.403454142840274,4.4117219712932325,5
2020-09-16,4.378902852336888,4.411009731969886,5
2020-09-17,4.3589519162137975,4.374117057004294,5
2020-09-18,4.337906004304214,4.379440574984682,5
2020-09-21,4.348446650553822,4.319384377732505,5
2020-09-22,4.379760384394722,4.390967335497157,5
2020-09-23,4.338691266946842,4.361760908072345,5
2020-09-24,4.346960828305337,4.323332928550759,5
2020-09-25,4.372601407900447,4.341960849972074,5
2020-09-28,4.3937014111549875,4.395054300950699,5
2020-09-29,4.389763643567455,4.396277675586935,5
2020-09-30,4.396762593600159,4.388419703783698,5
2020-10-01,4.4172992479807025,4.4122596316699365,5
2020-10-02,4.385347768034305,4.38470345315283,5
2020-10-05,4.411869559088778,4.389766621049311,5
2020-10-06,4.3843240510020145,4.403448939567995,5
2020-10-07,4.409184656701299,4.380021917580117,5
2020-10-08,4.41038747412995,4.4261942960654785,5
2020-10-09,4.431745167087449,4.426944343170454,5
2020-10-12,4.474091158438179,4.451831312645541,5
2020-10-13,4.470464513643078,4.483609608887908,5
2020-10-14,4.457790493362624,4.476677078588081,5
2020-10-15,4.452592116096278,4.462329197415582,5
2020-10-16,4.439648488153419,4.458323420023535,5
2020-10-19,4.419522723331254,4.450721354697481,5
2020-10-20,4.425873829237252,4.432890290786319,5
2020-10-21,4.415943786273406,4.4397951013628845,5
2020-10-22,4.413604686424427,4.42380487876573,5
2020-10-23,4.41968220090647,4.415792606381149,5
2020-10-26,4.412886163921338,4.422693807295174,5
2020-10-27,4.4284576160795375,4.436981589011078,5
2020-10-28,4.387569138903467,4.422666755432667,5
2020-10-29,4.414801235508381,4.402566441341086,5
2020-10-30,4.376138802368226,4.406457178756524,5
2020-11-02,4.374786113089313,4.373645381293798,5
2020-11-03,4.389185333803246,4.376340932189967,5
2020-11-04,4.439177123581313,4.404851348837459,5
2020-11-05,4.46423459038771,4.46398229448587,5
2020-11-06,4.4636690348459425,4.455883906628078,5
2020-11-09,4.426178652086193,4.4458787677453335,5
2020-11-10,4.409830850696895,4.442057385170889,5
2020-11-11,4.435853932900303,4.423401004938831,5
2020-11-12,4.430795449934658,4.450689872909244,5
2020-11-13,4.434999164418113,4.438022499023233,5
2020-11-16,4.437796341816632,4.440668087008515,5
2020-11-17,4.435075388026072,4.442900890227127,5
2020-11-18,4.425868927693968,4.442362610277566,5
2020-11-19,4.431401430086592,4.4178147793898495,5
2020-11-20,4.423725736945839,4.434354094806018,5
2020-11-23,4.411878183649773,4.4342228744724,5
2020-11-24,4.422484971312267,4.416914042304758,5
2020-11-25,4.4339420622281365,4.430651310375245,5
2020-11-27,4.440559646465044,4.433059330336829,5
2020-11-30,4.439355428180596,4.437522958918372,5
2020-12-01,4.4612847372691,4.453842741174346,5
2020-12-02,4.4636706586265005,4.461059435522823,5
2020-12-03,4.4595974837739645,4.469509054082538,5
2020-12-04,4.455944103818687,4.472395886008646,5
2020-12-07,4.4619651773471904,4.462159932798869,5
2020-12-08,4.4641836588374115,4.460999811398747,5
2020-12-09,4.440398145243103,4.460206364303189,5
2020-12-10,4.444249550663031,4.430598242011699,5
2020-12-11,4.445455268617933,4.4306651975980325,5
2020-12-14,4.45143207115253,4.468997440912504,5
2020-12-15,4.466476042510565,4.4619223775179195,5
2020-12-16,4.475340236651631,4.463926980903778,5
2020-12-17,4.477109146504494,4.468572920685493,5
2020-12-18,4.4669360303627395,4.4714476037497946,5
2020-12-21,4.470765528791054,4.469477105602813,5
2020-12-22,4.476610876419711,4.477630418087621,5
2020-12-23,4.46960695413863,4.480003729697735,5
2020-12-24,4.470992957153268,4.469720767104076,5
2020-12-28,4.498985807845216,4.488800656244358,5
2020-12-29,4.500081337357456,4.507123255852669,5
2020-12-30,4.490479729470025,4.520140225170858,5
2020-12-31,4.489783881388474,4.48428538231626,5
2021-01-04,4.46800246187196,4.4840252751216685,5
2021-01-05,4.476817289008528,4.466394624448606,5
2021-01-06,4.450588461520186,4.452218221882908,5
2021-01-07,4.472575059292946,4.453399548797477,5
2021-01-08,4.479848462142115,4.473011400780504,5
2021-01-11,4.458777986762272,4.475925653542628,5
2021-01-12,4.455382811738955,4.468196283875508,5
2021-01-13,4.469389616254136,4.460097083911401,5
2021-01-14,4.456545820542647,4.456386363506631,5
2021-01-15,4.447912764468963,4.465578224415261,5
2021-01-19,4.458962974898634,4.458406676251261,5
2021-01-20,4.514700122312357,4.487136120138288,5
2021-01-21,4.529789580790735,4.505721804423156,5
2021-01-22,4.530354147604186,4.528193490330349,5
2021-01-25,4.536470392206368,4.532184143212548,5
2021-01-26,4.542921206967966,4.537575151402445,5
2021-01-27,4.511774870497609,4.533083021830802,5
2021-01-28,4.508899992180654,4.5173809210122515,5
2021-01-29,4.489805105515075,4.499344150799385,5
2021-02-01,4.51880961133528,4.505403491222908,5
2021-02-02,4.5300998471158715,4.531045884085346,5
2021-02-03,4.5339109358665795,4.542296348300431,5
2021-02-04,4.5452202969823094,4.538459240504756,5
2021-02-05,4.54987935512286,4.537429823194369,5
2021-02-08,4.547743433679903,4.564107124058159,5
2021-02-09,4.544991476877128,4.546279876393803,5
2021-02-10,4.545023503986856,4.549196284912218,5
2021-02-11,4.541692946381323,4.534588868022347,5
2021-02-12,4.543873091537255,4.544648096184185,5
2021-02-16,4.541248060126372,4.550192093393758,5
2021-02-17,4.5391151550162165,4.525714574821678,5
2021-02-18,4.53685190890104,4.522670966110997,5
2021-02-19,4.525525555714146,4.5476781272226905,5
2021-02-22,4.503122258548687,4.519077318443888,5
2021-02-23,4.507260431179015,4.503339104937148,5
2021-02-24,4.507351510517406,4.5221782400523995,5
2021-02-25,4.4751316790497295,4.49837183943132,5
2021-02-26,4.479549351639435,4.48524155017987,5
2021-03-01,4.507560145589405,4.491894062791058,5
2021-03-02,4.493854799477535,4.5178208723798035,5
2021-03-03,4.463910977639573,4.501444389927193,5
2021-03-04,4.455785489172393,4.45803370924714,5
2021-03-05,4.469494965197222,4.444680977886623,5
2021-03-08,4.435255187241663,4.464950820911438,5
2021-03-09,4.467432856480645,4.482053942675376,5
2021-03-10,4.464061923855489,4.465969623236767,5
2021-03-11,4.486959714910416,4.480759060332483,5
2021-03-12,4.474803160566648,4.479466361697116,5
2021-03-15,4.482227948283199,4.461126097752865,5
2021-03-16,4.490812562997921,4.496753653234281,5
2021-03-17,4.494003827609126,4.474976120205784,5
2021-03-18,4.4603676083538835,4.48142539170965,5
2021-03-19,4.467349692360563,4.4642362881028435,5
2021-03-22,4.481719534115467,4.466380235358508,5
2021-03-23,4.48690993634933,4.47653429047266,5
2021-03-24,4.470686027701953,4.478430836723653,5
2021-03-25,4.462666041165269,4.474402512878226,5
2021-03-26,4.465606440218246,4.47689524411077,5
2021-03-29,4.472639079827762,4.460561736965252,5
2021-03-30,4.46663115887723,4.47778961737918,5
2021-03-31,4.480495105344385,4.474920592168942,5
2021-04-01,4.502529591899202,4.492805392408284,5
2021-04-05,4.526084974810965,4.490576755080292,5
2021-04-06,4.526900093074413,4.534694278933406,5
2021-04-07,4.5401851336924555,4.5297715293827165,5
2021-04-08,4.551010525774278,4.5525931440043355,5
2021-04-09,4.566471685243572,4.545264251638668,5
2021-04-12,4.561598105595889,4.563988761294877,5
2021-04-13,4.572638056501475,4.573001526000947,5
2021-04-14,4.555821404918119,4.576776512993076,5
2021-04-15,4.573636225672864,4.560009367935741,5
2021-04-16,4.574151081822274,4.58684629698655,5
2021-04-19,4.5736573016798285,4.568887474835984,5
2021-04-20,4.563994105012161,4.571987878943536,5
2021-04-21,4.5595040029186515,4.5572568318001165,5
2021-04-22,4.546985385311787,4.561509081059622,5
2021-04-23,4.560342152740639,4.550310665886774,5
2021-04-26,4.570846796367845,4.571296783257907,5
2021-04-27,4.567857583788834,4.578951845893886,5
2021-04-28,4.577904160314464,4.581937225330339,5
2021-04-29,4.584693553677972,4.587790342702736,5
2021-04-30,4.578540807853661,4.588277872336016,5
2021-05-03,4.56957611264906,4.586678593672111,5
2021-05-04,4.545678213369186,4.569134163934199,5
2021-05-05,4.540777349225015,4.568721142321657,5
2021-05-06,4.551420255226688,4.538019621052901,5
2021-05-07,4.554602099668625,4.549847206447859,5
2021-05-10,4.525979751046339,4.548013370038072,5
2021-05-11,4.525991254563935,4.489727065205457,5
2021-05-12,4.500417652060588,4.510552009965635,5
2021-05-13,4.508883147147483,4.517505696718549,5
2021-05-14,4.5294097194213,4.502311118665022,5
2021-05-17,4.531489709220754,4.536589027394868,5
2021-05-18,4.521549439501558,4.539164361341917,5
2021-05-19,4.5221440084164986,4.51455499097232,5
2021-05-20,4.538597994339843,4.522213836264174,5
2021-05-21,4.528704315737429,4.533351937908621,5
2021-05-24,4.545595905438406,4.526092348960285,5
2021-05-25,4.54667090327695,4.5489437527319145,5
2021-05-26,4.5501052559275115,4.557093089576904,5
2021-05-27,4.539740968819388,4.546576867254658,5
2021-05-28,4.539938333731726,4.554017271841265,5
2021-06-01,4.539956436935452,4.538236157401295,5
2021-06-02,4.543434321464674,4.5379048286269725,5
2021-06-03,4.5317827652850875,4.541817278077215,5
2021-06-04,4.546146455627666,4.5376067859215805,5
2021-06-07,4.5468709732972705,4.546461801230653,5
2021-06-08,4.5565021705013935,4.549208750526035,5
2021-06-09,4.558396215510695,4.566796415132036,5
2021-06-10,4.567035223221334,4.552064500775265,5
2021-06-11,4.569599163855605,4.567650752145539,5
2021-06-14,4.583704709792108,4.5648858170102935,5
2021-06-15,4.57920007508115,4.580239979633391,5
2021-06-16,4.5829738509500615,4.580588669508695,5
2021-06-17,4.597996686893773,4.582960303609731,5
2021-06-18,4.593992731218877,4.588328090863178,5
2021-06-21,4.594874974388962,4.589395328679284,5
2021-06-22,4.607703473527352,4.591683527892141,5
2021-06-23,4.607055355570617,4.608292985949172,5
2021-06-24,4.604002722388438,4.618396617503529,5
2021-06-25,4.599526827860432,4.604386190131627,5
2021-06-28,4.609773618106177,4.5998514178900125,5
2021-06-29,4.611796608730582,4.6133646227243865,5
2021-06-30,4.609739165726474,4.613026784110108,5
2021-07-01,4.613171192526876,4.604720320739979,5
2021-07-02,4.631195264377983,4.6181374072334815,5
2021-07-06,4.654810444599322,4.62607237093259,5
2021-07-07,4.660381543936813,4.660246043519495,5
2021-07-08,4.657665421748458,4.63109452333219,5
2021-07-09,4.661983793905613,4.644351670573949,5
2021-07-12,4.663758876551767,4.671637951163781,5
2021-07-13,4.662914720080919,4.663649355061747,5
2021-07-14,4.672369410871166,4.677215089166985,5
2021-07-15,4.6623011092581885,4.67069490598386,5
2021-07-16,4.650125097953706,4.669213755046044,5
2021-07-19,4.637051572842984,4.646223466534824,5
2021-07-20,4.649227214355902,4.645963626677132,5
2021-07-21,4.650008157181859,4.644234763698626,5
2021-07-22,4.659000520634253,4.643257032312877,5
2021-07-23,4.672961270554867,4.657834704003578,5
2021-07-26,4.680843149508795,4.6757218640534965,5
2021-07-27,4.664959260934923,4.685049840826436,5
2021-07-28,4.66189340119659,4.675270542412167,5
2021-07-29,4.659876417412989,4.653217311505172,5
2021-07-30,4.6319588215840515,4.624294619625469,5
2021-08-02,4.633190115118136,4.6357441597548,5
2021-08-03,4.639876167136402,4.628302394574289,5
2021-08-04,4.63965591211885,4.6392759286366525,5
2021-08-05,4.645799451976458,4.637562102282332,5
2021-08-06,4.640322509103459,4.641080490923105,5
2021-08-09,4.641530395831317,4.641513033086994,5
2021-08-10,4.6372502663812565,4.6418555279249,5
2021-08-11,4.633061231125833,4.643942682567979,5
2021-08-12,4.641304253764082,4.634327667168062,5
2021-08-13,4.642358311827912,4.644662325078986,5
2021-08-16,4.6475271224874115,4.638102094630663,5
2021-08-17,4.636442496119063,4.6417468210608295,5
2021-08-18,4.623533184118351,4.635632339530937,5
2021-08-19,4.62928518338796,4.61650262329163,5
2021-08-20,4.638814036538716,4.634505830369208,5
2021-08-23,4.65644721723528,4.658247980641248,5
2021-08-24,4.662203048776331,4.668197076341612,5
2021-08-25,4.65997697055739,4.664582206848148,5
2021-08-26,4.658710338225378,4.664179582689809,5
2021-08-27,4.671081192942268,4.6647153808601765,5
2021-08-30,4.689069580469768,4.676817600908594,5
2021-08-31,4.691270881875205,4.68843530025451,5
2021-09-01,4.696384725776291,4.702626910458417,5
2021-09-02,4.6951303902691786,4.700500066216021,5
2021-09-03,4.699825799248965,4.691255379661014,5
2021-09-07,4.710804896152609,4.696405532344069,5
2021-09-08,4.7076542270191615,4.7057717399360826,5
2021-09-09,4.700290687992486,4.711047195223551,5
2021-09-10,4.685134978075581,4.706244236899817,5
2021-09-13,4.68555622320137,4.684180033140331,5
2021-09-14,4.680236311680565,4.686057762438078,5
2021-09-15,4.68867919144443,4.691021402383657,5
2021-09-16,4.688362872053043,4.68936353647395,5
2021-09-17,4.675606767326715,4.6838298865520755,5
2021-09-20,4.651109855080396,4.6687386743778845,5
2021-09-21,4.651873809727144,4.6597284118685485,5
2021-09-22,4.666849757238796,4.645717450025985,5
2021-09-23,4.6751513359550705,4.6695101286193825,5
2021-09-24,4.676783633013292,4.66306501925358,5
2021-09-27,4.669282650590485,4.667427310746946,5
2021-09-28,4.640798734975823,4.654529977516237,5
2021-09-29,4.64050439622097,4.645455449647981,5
2021-09-30,4.636599816472503,4.649969897962654,5
2021-10-01,4.645296116778984,4.639185738346702,5
2021-10-04,4.620481407693599,4.637354357417133,5
2021-10-05,4.639473019113682,4.629654633628973,5
2021-10-06,4.648633191918659,4.625852758179881,5
2021-10-07,4.657673486205302,4.64698806248824,5
2021-10-08,4.656969704456495,4.666152757693243,5
2021-10-11,4.649156056887587,4.646825671176745,5
2021-10-12,4.642309743368361,4.647791213225674,5
2021-10-13,4.64843302855931,4.652552375607975,5
2021-10-14,4.664103649022943,4.654807140678709,5
2021-10-15,4.675980791195766,4.666139155659122,5
2021-10-18,4.687382495535155,4.667662247214537,5
2021-10-19,4.692985708674468,4.694308950539495,5
2021-10-20,4.685754892702751,4.694349789469741,5
2021-10-21,4.6948710893447645,4.689602472253717,5
2021-10-22,4.6789026298762275,4.688457934441803,5
2021-10-25,4.679766985016203,4.672070167236035,5
2021-10-26,4.6900544867312,4.686012758615206,5
2021-10-27,4.701434676999578,4.691204288254254,5
2021-10-28,4.71521350831904,4.702239047066147,5
2021-10-29,4.711556500560094,4.689555167598975,5
2021-11-01,4.695890380133271,4.7084741188424,5
2021-11-02,4.70146848051796,4.698488674242373,5
2021-11-03,4.714404223190651,4.710217954893864,5
2021-11-04,4.727252306757962,4.711926806260555,5
2021-11-05,4.728778648421261,4.726342748877287,5
2021-11-08,4.727735381877151,4.735332090991282,5
2021-11-09,4.736418970465506,4.737947824306171,5
2021-11-10,4.7147308199740445,4.7200035508223985,5
2021-11-11,4.717575796144979,4.7267155161841155,5
2021-11-12,4.735426139169566,4.718442170270042,5
2021-11-15,4.735583022006538,4.724984257074604,5
2021-11-16,4.738043203151902,4.742368759532055,5
2021-11-17,4.742103560705887,4.745483558028409,5
2021-11-18,4.767421431727806,4.753982625348253,5
2021-11-19,4.7706092134626505,4.775224183559529,5
2021-11-22,4.752524069532819,4.7922553252937155,5
2021-11-23,4.752027901879302,4.756809307067808,5
2021-11-24,4.755208909854981,4.756091372974233,5
2021-11-26,4.73238269433113,4.759641917638127,5
2021-11-29,4.751854109255976,4.7488246895941995,5
2021-11-30,4.74439663371445,4.745464235636293,5
2021-12-01,4.730100332628703,4.744614780606867,5
2021-12-02,4.732555329617461,4.734098525190283,5
2021-12-03,4.717724545665314,4.7273279401363375,5
2021-12-06,4.7300583692781295,4.734170623717954,5
2021-12-07,4.762007437115755,4.747592811623342,5
2021-12-08,4.769046121468279,4.754801660001219,5
2021-12-09,4.758561609845155,4.763292012324178,5
2021-12-10,4.763961565988023,4.768851643088406,5
2021-12-13,4.745081195621315,4.752381549501296,5
2021-12-14,4.738009404529823,4.7324040721417635,5
2021-12-15,4.762698784155033,4.738843748144846,5
2021-12-16,4.732713039532675,4.7726470604404625,5
2021-12-17,4.727450938144579,4.733532609915222,5
2021-12-20,4.720213459143735,4.693619423250684,5
2021-12-21,4.739238469925916,4.736091345391848,5
2021-12-22,4.751696671423728,4.747761790624035,5
2021-12-23,4.7535478010288195,4.757547025278638,5
2021-12-27,4.761574022528138,4.764253649706802,5
2021-12-28,4.757310687667876,4.77427944810283,5
2021-12-29,4.754467048807005,4.758332369495855,5
2021-12-30,4.7502116269371975,4.764910727507599,5
2021-12-31,4.7415365270075025,4.754780498878409,5
2022-01-03,4.756460721105009,4.74995886913688,5
2022-01-04,4.743933794952014,4.765209568313771,5
2022-01-05,4.711058616321072,4.727705436548033,5
2022-01-06,4.702190363373147,4.699342955604632,5
2022-01-07,4.69631709686745,4.70131427672908,5
2022-01-10,4.69729847414002,4.70057543240113,5
2022-01-11,4.712941270070903,4.687846041978326,5
2022-01-12,4.716023545777043,4.715435408341061,5
2022-01-13,4.692530949185618,4.713548804429978,5
2022-01-14,4.698829699021075,4.675658291365841,5
2022-01-18,4.675983424645657,4.684411848094483,5
2022-01-19,4.662730990400452,4.6892831853536725,5
2022-01-20,4.643453460194972,4.665210518026275,5
2022-01-21,4.591488984291301,4.631192005422441,5
2022-01-24,4.592238268509342,4.5658216033909715,5
2022-01-25,4.56538996697536,4.569544305951561,5
2022-01-26,4.567581600577592,4.591772688660604,5
2022-01-27,4.571855608373834,4.577485060466563,5
2022-01-28,4.61234112951294,4.5959094170624555,5
2022-01-31,4.647934208345897,4.648400034045461,5
2022-02-01,4.660812618918753,4.628479244321119,5
2022-02-02,4.676802393119387,4.688954416348767,5
2022-02-03,4.631769043728889,4.656652359830183,5
2022-02-04,4.66941588266535,4.658156034195033,5
2022-02-07,4.660264644843568,4.676135476242256,5
2022-02-08,4.6741229687808765,4.676557541100419,5
2022-02-09,4.685152363734777,4.684935303205465,5
2022-02-10,4.6653527832821,4.672780732976621,5
2022-02-11,4.632991648232253,4.650206135957007,5
2022-02-14,4.640954948279101,4.649997116253907,5
2022-02-15,4.659296317699948,4.662467909822521,5
2022-02-16,4.662106416503218,4.652485105024862,5
2022-02-17,4.632761373576235,4.667274488330144,5
2022-02-18,4.621372926555289,4.651623351768979,5
2022-02-22,4.605473217767077,4.602832619268215,5
2022-02-23,4.578481532129341,4.62208821140595,5
2022-02-24,4.614385475640446,4.55224611559577,5
2022-02-25,4.627785551487685,4.598057047961428,5
2022-02-28,4.629750394532468,4.597294986021973,5
2022-03-01,4.616494219811914,4.6329306964818295,5
2022-03-02,4.6261342935066665,4.6324186161610434,5
2022-03-03,4.613091003829495,4.636916964689663,5
2022-03-04,4.595424058717851,4.60240422714286,5
2022-03-07,4.553554622237997,4.591960011144255,5
2022-03-08,4.546920426545524,4.540580186632709,5
2022-03-09,4.585140705417487,4.576084344522757,5
2022-03-10,4.588147836101861,4.604277569265435,5
2022-03-11,4.568867048810489,4.607543888982698,5
2022-03-14,4.5413450496539784,4.571501822566481,5
2022-03-15,4.574244953818219,4.531908759643394,5
2022-03-16,4.608766532723941,4.591712010796017,5
2022-03-17,4.623994725440468,4.602806018773482,5
2022-03-18,4.647427591463334,4.625820122224435,5
2022-03-21,4.649284438181183,4.63733695520141,5
2022-03-22,4.6703956900033745,4.649392239546956,5
2022-03-23,4.663610049911212,4.662984599634864,5
2022-03-24,4.681241929646722,4.677949283808391,5
2022-03-25,4.683694091140843,4.675756111770806,5
2022-03-28,4.695629073852548,4.66665897164515,5
2022-03-29,4.707732937027141,4.701655391787569,5
2022-03-30,4.695426971543148,4.694329090341902,5
2022-03-31,4.676142634193369,4.7007627337986415,5
2022-04-01,4.67730712551721,4.671524887486322,5
2022-04-04,4.703368909545746,4.6752426036026975,5
2022-04-05,4.680052654491733,4.706572867372465,5
2022-04-06,4.6518068635188925,4.673819139246017,5
2022-04-07,4.647615602036475,4.651045749754651,5
2022-04-08,4.629289733868752,4.638147993991886,5
2022-04-11,4.602090061222973,4.611896642827674,5
2022-04-12,4.600731213944564,4.6133433143648235,5
2022-04-13,4.621913827189644,4.611894984214257,5
2022-04-14,4.594580776761291,4.609658182867451,5
2022-04-18,4.598134295925655,4.608544728620665,5
2022-04-19,4.621315918492312,4.59190837147707,5
2022-04-20,4.582177264692786,4.600161483830261,5
2022-04-21,4.557599119230031,4.581326734499856,5
2022-04-22,4.526316386850156,4.5452088312761205,5
2022-04-25,4.539680353936549,4.539595135360749,5
2022-04-26,4.499152321857457,4.529171379355275,5
2022-04-27,4.482898640296282,4.48116911144159,5
2022-04-28,4.527444208350169,4.481840152909626,5
2022-04-29,4.454079654991903,4.476545547836936,5
2022-05-02,4.464688013224689,4.44046137798379,5
2022-05-03,4.469998358183434,4.464535298366418,5
2022-05-04,4.500702360210787,4.456317608950656,5
2022-05-05,4.437946472667114,4.4761923746583445,5
2022-05-06,4.431092123043724,4.425035676494315,5
2022-05-09,4.391879440491046,4.39390530049143,5
2022-05-10,4.4043158655068195,4.427582193146798,5
2022-05-11,4.369383111578666,4.408442705305776,5
2022-05-12,4.362389213704903,4.377001217135955,5
2022-05-13,4.4042412411722465,4.362169594257974,5
2022-05-16,4.389355872145419,4.400830328374048,5
2022-05-17,4.417226939708577,4.390525373419893,5
2022-05-18,4.359257544838749,4.401521149686323,5
2022-05-19,4.34892849387138,4.359483631963171,5
2022-05-20,4.346201814440563,4.372944400926549,5
2022-05-23,4.366761283365805,4.380811892814848,5
2022-05-24,4.332445646277261,4.325078661508108,5
2022-05-25,4.3437141968866415,4.3321350411272945,5
2022-05-26,4.372290104758982,4.332513272634172,5
2022-05-27,4.4109296356450605,4.389652504457287,5
2022-05-31,4.424425277171774,4.408414027543864,5
2022-06-01,4.4259583109077765,4.421947898644817,5
2022-06-02,4.45504813873512,4.40661945696066,5
2022-06-03,4.423162801028403,4.438344109658289,5
2022-06-06,4.436248034623424,4.438305662441535,5
2022-06-07,4.439158278517455,4.42184603669605,5
2022-06-08,4.4334815306596385,4.427085347068232,5
2022-06-09,4.399319470959769,4.431211432400959,5
2022-06-10,4.355601971707078,4.388055811111914,5
2022-06-13,4.307544668264295,4.293913185082431,5
2022-06-14,4.306978791256205,4.333969423619684,5
2022-06-15,4.341640617649856,4.3359786388635895,5
2022-06-16,4.302926410123834,4.322157675028569,5
2022-06-17,4.3183419892981,4.312701245173585,5
2022-06-21,4.347270923288948,4.3448557291345855,5
2022-06-22,4.348233631552056,4.312864702758391,5
2022-06-23,4.366533376962345,4.359337719650267,5
2022-06-24,4.403793000260499,4.370917001722473,5
2022-06-27,4.390086981023065,4.4438652869903015,5
2022-06-28,4.3501029519617775,4.388354675914916,5
2022-06-29,4.356274512245872,4.328179212114599,5
2022-06-30,4.333556376227846,4.348992871131589,5
2022-07-01,4.346849912320518,4.347391793611304,5
2022-07-05,4.3782285087518495,4.352494419206206,5
2022-07-06,4.386873176647196,4.367321537742175,5
2022-07-07,4.4130503899315,4.370244649816599,5
2022-07-08,4.414240459244017,4.379229829344655,5
2022-07-11,4.3868149404166035,4.411636334496578,5
2022-07-12,4.377876874876707,4.382684193682398,5
2022-07-13,4.374035767661714,4.361433322614935,5
2022-07-14,4.380161509778293,4.380550379894696,5
2022-07-15,4.399316853478072,4.379581397580408,5
2022-07-18,4.386612959414302,4.4016693900649315,5
2022-07-19,4.423080741841314,4.369649946434027,5
2022-07-20,4.4442841568426985,4.4454293718634394,5
2022-07-21,4.456995573274508,4.4764856401921325,5
2022-07-22,4.4308306270252915,4.442306801575383,5
2022-07-25,4.423584477470964,4.450769614260737,5
2022-07-26,4.395997316138993,4.403576779144592,5
2022-07-27,4.448497462896368,4.4170607859580855,5
2022-07-28,4.455397042127049,4.439522063337122,5
2022-07-29,4.500416057214226,4.492371642922526,5
2022-08-01,4.49756853119398,4.474397857884149,5
2022-08-02,4.491587475499502,4.484878964945981,5
2022-08-03,4.524869865331713,4.504338745265801,5
2022-08-04,4.532350887555602,4.5378641524658905,5
2022-08-05,4.525491766087312,4.525185132025714,5
2022-08-08,4.520145514943476,4.543492938689153,5
2022-08-09,4.5130982757724665,4.519270796587915,5
2022-08-10,4.5447036811241714,4.533995184511876,5
2022-08-11,4.536375725831324,4.556367384913388,5
2022-08-12,4.5589972944161214,4.535683403893118,5
2022-08-15,4.5615702688914626,4.540804335892434,5
2022-08-16,4.562785337101088,4.557171038748173,5
2022-08-17,4.553656590654069,4.550369125140696,5
2022-08-18,4.556141147846819,4.5465608432341735,5
2022-08-19,4.533438690167883,4.53954641597261,5
2022-08-22,4.502494880960689,4.519426232634746,5
2022-08-23,4.501867268141969,4.505792763366756,5
2022-08-24,4.5039758522340945,4.49193592211254,5
2022-08-25,4.525929445344218,4.513249954881441,5
2022-08-26,4.477412234267841,4.535964075685041,5
2022-08-29,4.46727819940128,4.458290180368318,5
2022-08-30,4.456585903384702,4.478449206641363,5
2022-08-31,4.446200732184181,4.469937986832865,5
2022-09-01,4.452410740957852,4.452722613770752,5
2022-09-02,4.440801701029351,4.458461660591381,5
2022-09-06,4.429427679752945,4.455463520953943,5
2022-09-07,4.450784697330138,4.42375176185424,5
2022-09-08,4.445970047673888,4.428505787980794,5
2022-09-09,4.468350862299103,4.446123084650256,5
2022-09-12,4.490187090601764,4.477512814542232,5
2022-09-13,4.423517279194084,4.462925208414452,5
2022-09-14,4.433831163891509,4.421827427881975,5
2022-09-15,4.419058125292561,4.431529858649442,5
2022-09-16,4.409588587026751,4.421808356437778,5
2022-09-19,4.423089771381671,4.416622206979553,5
2022-09-20,4.41736055723004,4.416592085942966,5
2022-09-21,4.395192247624722,4.424851192236733,5
2022-09-22,4.38945970429213,4.405898880720547,5
2022-09-23,4.368669805525483,4.374134269328701,5
2022-09-26,4.370759481957671,4.350206134331115,5
2022-09-27,4.370079767418543,4.373525887170572,5
2022-09-28,4.387008826579608,4.36329426466327,5
2022-09-29,4.351258152929648,4.348269199068482,5
2022-09-30,4.329291384604415,4.329574994391823,5
2022-10-03,4.357614991030413,4.334127363161238,5
2022-10-04,4.389617182075057,4.386495716534422,5
2022-10-05,4.3886414827860545,4.362698977549924,5
2022-10-06,4.385329465752665,4.379502447166088,5
2022-10-07,4.34412302422651,4.363239840208269,5
2022-10-10,4.340741131472212,4.34806821414256,5
2022-10-11,4.32715604389995,4.344015819623182,5
2022-10-12,4.329483057428673,4.332336627932295,5
2022-10-13,4.3483036376393205,4.295759361637593,5
2022-10-14,4.312396813323737,4.370398743863111,5
2022-10-17,4.355872493490652,4.297047107542438,5
2022-10-18,4.36644931652519,4.3861999343638125,5
2022-10-19,4.3688942059747635,4.34968376441532,5
2022-10-20,4.368076700167407,4.34778063753527,5
2022-10-21,4.396146078528602,4.357510286358734,5
2022-10-24,4.404821659744063,4.4050229702251045,5
2022-10-25,4.421959431637494,4.401514751922775,5
2022-10-26,4.379033241110757,4.386044416487533,5
2022-10-27,4.350416513478161,4.393863008974243,5
2022-10-28,4.369982238076027,4.333551628212623,5
2022-10-31,4.354822245419892,4.350732157886779,5
2022-11-01,4.321183729939318,4.378423783472849,5
2022-11-02,4.279745106458641,4.332872678130408,5
2022-11-03,4.244254967147701,4.282682624628169,5
2022-11-04,4.257086379984723,4.279305805645683,5
2022-11-07,4.262560816475915,4.244876709216081,5
2022-11-08,4.265552817734055,4.259651215698149,5
2022-11-09,4.232460972702108,4.250359324822946,5
2022-11-10,4.323917842991601,4.299792654912523,5
2022-11-11,4.354107627884295,4.341763649997648,5
2022-11-14,4.345052386957658,4.329324459762059,5
2022-11-15,4.361281397408886,4.372608928627843,5
2022-11-16,4.351141134863245,4.3648027130494675,5
2022-11-17,4.345541469022659,4.330249663894743,5
2022-11-18,4.340757162487905,4.356271490191315,5
2022-11-21,4.321717615837272,4.328836121857542,5
2022-11-22,4.335538999390827,4.307681621733945,5
2022-11-23,4.346585307424821,4.323886652120824,5
2022-11-25,4.331761103759127,4.340266954689641,5
2022-11-28,4.31720192706071,4.319240299424275,5
2022-11-29,4.30232096267651,4.333221306778048,5
2022-11-30,4.356479894197423,4.294033448050839,5
2022-12-01,4.3575569436400645,4.358608509254318,5
2022-12-02,4.351854677858642,4.321897930722641,5
2022-12-05,4.335547531284376,4.319791096696692,5
2022-12-06,4.3082682583897585,4.356262543436327,5
2022-12-07,4.298949134216929,4.292260895992677,5
2022-12-08,4.308713333263843,4.300844377659491,5
2022-12-09,4.3038437131600835,4.299229601793607,5
2022-12-12,4.315359099118144,4.313126139972795,5
2022-12-13,4.331852743772959,4.354713995035652,5
2022-12-14,4.320449478554428,4.305871427496058,5
2022-12-15,4.2734832360532184,4.3040049128739595,5
2022-12-16,4.264435835320639,4.25559437593012,5
2022-12-19,4.243713023358555,4.250620451383846,5
2022-12-20,4.245139129844395,4.246253508996017,5
2022-12-21,4.264110820260505,4.245181596292213,5
2022-12-22,4.237616377421841,4.245078056282381,5
2022-12-23,4.24400900361892,4.239295524947162,5
2022-12-27,4.220687685578282,4.216071450012607,5
2022-12-28,4.198678641850829,4.2322589765735685,5
2022-12-29,4.229210884979875,4.218274532068264,5
2022-12-30,4.230094355875711,4.204030044665428,5
2023-01-03,4.223421712530656,4.24882937020792,5
2023-01-04,4.227764960864804,4.246234445137834,5
2023-01-05,4.210961969592525,4.232360873250947,5
2023-01-06,4.240292635437121,4.200631381494077,5
2023-01-09,4.249365684920601,4.2493108538110285,5
2023-01-10,4.263631247726986,4.246457074316021,5
2023-01-11,4.294082931675352,4.263451112294198,5
2023-01-12,4.295584765034267,4.309601491571218,5
2023-01-13,4.311039652802165,4.282102276820332,5
2023-01-17,4.307265934568393,4.302818855477849,5
2023-01-18,4.301871439159212,4.323599642789293,5
2023-01-19,4.298407460051377,4.313121405253322,5
2023-01-20,4.338858717799903,4.300807697670681,5
2023-01-23,4.360057749962313,4.339850376470406,5
2023-01-24,4.357311215775055,4.352687749112647,5
2023-01-25,4.352728814504001,4.34748179865987,5
2023-01-26,4.369777455587925,4.356243665074362,5
2023-01-27,4.38644895258206,4.358282555888685,5
2023-01-30,4.36310828054234,4.394470957400074,5
2023-01-31,4.378777213718544,4.348814585505791,5
2023-02-01,4.3959384661570144,4.381625853582403,5
2023-02-02,4.4478476077093365,4.430717990247307,5
2023-02-03,4.423784083244166,4.414404418358544,5
2023-02-06,4.40900602580803,4.401714846173569,5
2023-02-07,4.429609286071835,4.406242376733821,5
2023-02-08,4.39988228830463,4.4111143282567475,5
2023-02-09,4.380941303368798,4.387125658640151,5
2023-02-10,4.372284779326344,4.393368441882906,5
2023-02-13,4.3885755732881275,4.377496546878502,5
2023-02-14,4.3905363522400735,4.379050353813113,5
2023-02-15,4.404383788303182,4.391413949698976,5
2023-02-16,4.385272893378146,4.4062008239855075,5
2023-02-17,4.3748579084919035,4.381381133963195,5
2023-02-21,4.346980782295574,4.365022240586717,5
2023-02-22,4.350140361529635,4.346999368678983,5
2023-02-23,4.354183181144703,4.352074328295489,5
2023-02-24,4.334196672681388,4.328313010976045,5
2023-02-27,4.342023118949003,4.339550233754187,5
2023-02-28,4.341481619344996,4.336887562281769,5
2023-03-01,4.327586816292624,4.323404819304975,5
2023-03-02,4.334920188097488,4.3104682902394735,5
2023-03-03,4.361826243419877,4.340166815672373,5
2023-03-06,4.368184119088416,4.367092347136931,5
2023-03-07,4.356946341635669,4.361847837258863,5
2023-03-08,4.365416836350652,4.368908023190222,5
2023-03-09,4.344796365571922,4.3735992285191845,5
2023-03-10,4.3286223490629565,4.334837571392296,5
2023-03-13,4.340050301426066,4.310625945284218,5
2023-03-14,4.361559739273175,4.356779771831801,5
2023-03-15,4.374342491610384,4.3323100399742405,5
2023-03-16,4.406736720285903,4.362617233111761,5
2023-03-17,4.404241437043931,4.41511073343749,5
2023-03-20,4.406522850155611,4.398088438687861,5
2023-03-21,4.428211065806271,4.4086724518642555,5
2023-03-22,4.4141184489028396,4.441822726768429,5
2023-03-23,4.4296891154815485,4.4304476558609815,5
2023-03-24,4.431859701689763,4.442006969635018,5
2023-03-27,4.419123728555742,4.429673555525627,5
2023-03-28,4.410319563908016,4.411926643569365,5
2023-03-29,4.429667324203631,4.430195424804965,5
2023-03-30,4.438632910213921,4.437473495101045,5
2023-03-31,4.4562941557330635,4.447443798874012,5
2023-04-03,4.460321678012197,4.441632536714823,5
2023-04-04,4.461598696039059,4.473256449264246,5
2023-04-05,4.447955127813465,4.453183454902182,5
2023-04-06,4.4610048730726914,4.440432137515052,5
2023-04-10,4.451948378748012,4.457913450642452,5
2023-04-11,4.440767302356032,4.46314732443366,5
2023-04-12,4.428764958508362,4.430137977922754,5
2023-04-13,4.462471733946451,4.431392141785306,5
2023-04-14,4.463767498416417,4.458803202321431,5
2023-04-17,4.456578563208558,4.4493843308563825,5
2023-04-18,4.457167787751722,4.468030051129541,5
2023-04-19,4.462366859143538,4.4470005228155625,5
2023-04-20,4.4596296192569165,4.455412683226944,5
2023-04-21,4.463863474258155,4.472034253874503,5
2023-04-24,4.464885638702612,4.4736274608775535,5
2023-04-25,4.4444954778991965,4.461626326761646,5
2023-04-26,4.451085419414126,4.44344964301048,5
2023-04-27,4.483313890599681,4.47432726919364,5
2023-04-28,4.4780155871685245,4.477776040483596,5
2023-05-01,4.470226585380839,4.478414004758669,5
2023-05-02,4.464435983095915,4.470904446680994,5
2023-05-03,4.461794216413586,4.458088219720167,5
2023-05-04,4.456525766347501,4.457702841770553,5
2023-05-05,4.483143379858146,4.480447004040871,5
2023-05-08,4.490846142194896,4.479681054120167,5
2023-05-09,4.487037861909172,4.479461210023826,5
2023-05-10,4.509894442388929,4.503503335847056,5
2023-05-11,4.526002138603041,4.524125990817654,5
2023-05-12,4.520444340765284,4.516618916551393,5
2023-05-15,4.519808643838685,4.521862210103707,5
2023-05-16,4.531386377103397,4.520750561422166,5
2023-05-17,4.543524802349417,4.537002079267357,5
2023-05-18,4.567954746695201,4.546863353536153,5
2023-05-19,4.561571540008935,4.576348052873564,5
2023-05-22,4.561752647770921,4.556950025907576,5
2023-05-23,4.548366295281563,4.561563171876077,5
2023-05-24,4.55077178292836,4.549195268156542,5
2023-05-25,4.5694121062482465,4.57905528997317,5
2023-05-26,4.5930427689076865,4.584524725131031,5
2023-05-30,4.603479739739084,4.623454790015239,5
2023-05-31,4.594555740082305,4.6044872471991605,5
2023-06-01,4.6119904040837705,4.586324726763778,5
2023-06-02,4.616887312820578,4.625163597530184,5
2023-06-05,4.619331983040113,4.614759656398601,5
2023-06-06,4.621838073166548,4.6205145829573775,5
2023-06-07,4.596343557270104,4.6218896840316805,5
2023-06-08,4.61127400962653,4.58957749427567,5
2023-06-09,4.613432210661667,4.621870451021459,5
2023-06-12,4.630152152671895,4.609636775343292,5
2023-06-13,4.634840889631137,4.631176042007025,5
2023-06-14,4.640311161927737,4.637429195048416,5
2023-06-15,4.648415657529819,4.642625603474389,5
2023-06-16,4.637438349510225,4.659226636200189,5
2023-06-20,4.640451812144432,4.646724425194243,5
2023-06-21,4.628142159745976,4.644778483118166,5
2023-06-22,4.648809691967566,4.633793106027053,5
2023-06-23,4.643746682748632,4.641960337665239,5
2023-06-26,4.624974234444988,4.643766489899685,5
2023-06-27,4.6364287570478355,4.629944215615088,5
2023-06-28,4.643385947877142,4.62794968653333,5
2023-06-29,4.638911160858027,4.645339725339971,5
2023-06-30,4.65887618977981,4.65496249571514,5
2023-07-03,4.655404981978812,4.6592635046115385,5
2023-07-05,4.658154054562534,4.650377333449404,5
2023-07-06,4.650249876105782,4.655443090009523,5
2023-07-07,4.649961560153443,4.6380166028253464,5
2023-07-10,4.634757305474614,4.648918030293953,5
2023-07-11,4.63869969046597,4.649961445474053,5
2023-07-12,4.653015850244669,4.647624664830607,5
2023-07-13,4.67586745032272,4.672613883901831,5
2023-07-14,4.675933857051118,4.669443216643473,5
2023-07-17,4.682067173480037,4.690863591355934,5
2023-07-18,4.684931705074581,4.681608974649556,5
2023-07-19,4.689454960863547,4.687086335455752,5
2023-07-20,4.659351045852913,4.683253392484905,5
2023-07-21,4.654488368283498,4.657580439280155,5
2023-07-24,4.65742107189414,4.665734873655484,5
2023-07-25,4.663262925952201,4.662249382215936,5
2023-07-26,4.674453117535717,4.674711419407506,5
2023-07-27,4.671732303052846,4.700310635216904,5
2023-07-28,4.6934836641455435,4.690439223569487,5
2023-07-31,4.699831490323582,4.697895394156633,5
2023-08-01,4.692009048123321,4.695543338393462,5
2023-08-02,4.668238417585352,4.680651448951815,5
2023-08-03,4.667890976437241,4.66092165980124,5
2023-08-04,4.670913570757144,4.686815315461492,5
2023-08-07,4.679446381405166,4.677800586318045,5
2023-08-08,4.674904369955999,4.689091861065689,5
2023-08-09,4.659118691651607,4.669516156507969,5
2023-08-10,4.660056198287409,4.678106604600782,5
2023-08-11,4.6553264007349044,4.654143483855806,5
2023-08-14,4.672219587926243,4.657754230399178,5
2023-08-15,4.6597042983056,4.667521065110242,5
2023-08-16,4.648476336089661,4.651783406589914,5
2023-08-17,4.64141283188375,4.6496036993153265,5
2023-08-18,4.636586013021629,4.619271040424422,5
2023-08-21,4.651287095192855,4.630738067242127,5
2023-08-22,4.652977535577973,4.668526216546634,5
2023-08-23,4.674626314819501,4.65253559087478,5
2023-08-24,4.649812493440144,4.697190600850352,5
2023-08-25,4.656778887020117,4.650044587241309,5
2023-08-28,4.663493455669257,4.66526839514471,5
2023-08-29,4.686713108202772,4.668028463807612,5
2023-08-30,4.697742704578988,4.6965223980453334,5
2023-08-31,4.704221078711211,4.702491270462282,5
2023-09-01,4.705867378654205,4.713627083758242,5
2023-09-05,4.706258980961411,4.708942011489663,5
2023-09-06,4.684865160526926,4.714647298140836,5
2023-09-07,4.679222341568577,4.663840534004521,5
2023-09-08,4.681597867942558,4.68663185565552,5
2023-09-11,4.69344474569188,4.688616116716403,5
2023-09-12,4.678840778853266,4.674900438076689,5
2023-09-13,4.681333524287313,4.6804572529393385,5
2023-09-14,4.684620423639647,4.673030485365475,5
2023-09-15,4.670169587994821,4.680478538346109,5
2023-09-18,4.6757318011251705,4.675493138070132,5
2023-09-19,4.672635820675404,4.67326826620346,5
2023-09-20,4.649293519520557,4.663974948932598,5
2023-09-21,4.6258000807955995,4.625853489965896,5
2023-09-22,4.627145875087475,4.635909695253236,5
2023-09-25,4.637740999057295,4.6312980387997715,5
2023-09-26,4.612421101900921,4.636175414876749,5
2023-09-27,4.614149994961068,4.614725528476786,5
2023-09-28,4.61891107754675,4.611859863167134,5
2023-09-29,4.6207210360987565,4.635191978572343,5
2023-10-02,4.639619385579699,4.624832206856779,5
2023-10-03,4.621003419944516,4.6453026262705865,5
2023-10-04,4.63469595907232,4.62315281791674,5
2023-10-05,4.634949734838071,4.6397880333775,5
2023-10-06,4.652697826039939,4.620122334156421,5
2023-10-09,4.657451867340113,4.644762686448542,5
2023-10-10,4.656676776260491,4.658744732627998,5
2023-10-11,4.66892013916562,4.66009209015587,5
2023-10-12,4.6682948324234115,4.675029917396836,5
2023-10-13,4.6529644509430375,4.674538747031276,5
2023-10-16,4.663718406101357,4.645621175454113,5
2023-10-17,4.65462925335664,4.6584730774139755,5
2023-10-18,4.6373141049121225,4.641129105867125,5
2023-10-19,4.647068383420754,4.655657569387046,5
2023-10-20,4.630069455660441,4.644641574459855,5
2023-10-23,4.6394488124565045,4.625378982932687,5
2023-10-24,4.650994997089288,4.64302010082822,5
2023-10-25,4.602194579482052,4.631902629968136,5
2023-10-26,4.579071785898505,4.592503082102234,5
2023-10-27,4.597478556467309,4.599789577655354,5
2023-10-30,4.61984208516323,4.6036852640656925,5
2023-10-31,4.620213554224188,4.622801666506777,5
2023-11-01,4.6430180967751,4.621559610762525,5
2023-11-02,4.656889369667649,4.6615543050969706,5
2023-11-03,4.663810044197139,4.655155450026716,5
2023-11-06,4.674574398643913,4.653859369503108,5
2023-11-07,4.686919517136177,4.675626390211443,5
2023-11-08,4.690781347726219,4.6919373905566575,5
2023-11-09,4.684734848320155,4.69216546961168,5
2023-11-10,4.7067985045659295,4.68742008985206,5
2023-11-13,4.701464725012845,4.708187907223548,5
2023-11-14,4.717731059513212,4.705250510170094,5
2023-11-15,4.716777404731975,4.737251483085444,5
2023-11-16,4.725148929430054,4.72009783162437,5
2023-11-17,4.725682965537209,4.7219434843476895,5
2023-11-20,4.735605482054523,4.71469276642611,5
2023-11-21,4.730761053509302,4.742929933546263,5
2023-11-22,4.737683744931048,4.7387980371024,5
2023-11-24,4.730900238674517,4.737930249866012,5
2023-11-27,4.7327853830649,4.732047298059514,5
2023-11-28,4.732838365631895,4.731611042318179,5
2023-11-29,4.726145657287144,4.729496405773454,5
2023-11-30,4.719383231044878,4.727690742162164,5
2023-12-01,4.7207955271138955,4.731698619584422,5
2023-12-04,4.704486736631508,4.7088674551939365,5
2023-12-05,4.720490597145775,4.702462953312937,5
2023-12-06,4.709197889407677,4.731910860106731,5
2023-12-07,4.732110049307537,4.72813680539392,5
2023-12-08,4.734316628758282,4.71570980625908,5
2023-12-11,4.723331113830148,4.718223161488163,5
2023-12-12,4.72933865474815,4.719363466528331,5
2023-12-13,4.74167344512761,4.738460881689841,5
2023-12-14,4.73679692243073,4.754909598004449,5
2023-12-15,4.7427624377903905,4.737914643115582,5
2023-12-18,4.75721030929414,4.744045321406504,5
2023-12-19,4.760771503804929,4.770524708335725,5
2023-12-20,4.753427329734315,4.769056231057849,5
2023-12-21,4.761675904776752,4.760601705299093,5
2023-12-22,4.759586632062359,4.768607233480298,5
2023-12-26,4.76033511308116,4.754659260528225,5
2023-12-27,4.758380043829628,4.766322085545073,5
2023-12-28,4.758865756077913,4.75127847626446,5
2023-12-29,4.753384682772577,4.761235094222461,5
2024-01-02,4.730069328265902,4.751698733921125,5
2024-01-03,4.725712770502264,4.728040858530531,5
2024-01-04,4.712073882125849,4.718962013739867,5
2024-01-05,4.712686492408198,4.724822709335101,5
2024-01-08,4.740224922396635,4.718528140916721,5
2024-01-09,4.747983280204712,4.741624673245665,5
2024-01-10,4.7574013982985175,4.743625282500298,5
2024-01-11,4.761839333135092,4.767898469419398,5
2024-01-12,4.762201595860999,4.768444141453671,5
2024-01-16,4.756538108287264,4.75415578866277,5
2024-01-17,4.7496609268197405,4.746986763688362,5
2024-01-18,4.769029467804051,4.76537126675566,5
2024-01-19,4.785581254257123,4.772313426966998,5
2024-01-22,4.788787353413043,4.791062278214035,5
2024-01-23,4.795988638021564,4.792085292044047,5
2024-01-24,4.8100792443424885,4.8136296035728,5
2024-01-25,4.819454338692957,4.81665731410168,5
2024-01-26,4.819529763100062,4.825263042902707,5
2024-01-29,4.826714033164683,4.829341932669271,5
2024-01-30,4.812731685949061,4.820046976188201,5
2024-01-31,4.78026118341676,4.795206913363864,5
2024-02-01,4.795668953399134,4.798357264802688,5
2024-02-02,4.82047719736846,4.809111591837227,5
2024-02-05,4.827856906896961,4.835278366483808,5
2024-02-06,4.8265609875338695,4.829837549902677,5
2024-02-07,4.834481772967761,4.833825155175561,5
2024-02-08,4.831669422708374,4.831682036767813,5
2024-02-09,4.849230969193553,4.837787737434692,5
2024-02-12,4.840575901321454,4.851743097383927,5
2024-02-13,4.826925854472317,4.819567254742382,5
2024-02-14,4.837242434344343,4.847522311989159,5
2024-02-15,4.83013888954582,4.832834464948524,5
2024-02-16,4.822155636594955,4.842380375304993,5
2024-02-20,4.811191321668419,4.820414139767041,5
2024-02-21,4.814006380285328,4.814247784136127,5
2024-02-22,4.849157190226238,4.840179049141305,5
2024-02-23,4.846549040700671,4.849545617715252,5
2024-02-26,4.834854179345801,4.8413313728683205,5
2024-02-27,4.838999434503449,4.832454852822764,5
2024-02-28,4.829812266046655,4.829670563769779,5
2024-02-29,4.841495059808084,4.8414282484230915,5
2024-03-01,4.847008238023601,4.841682359234532,5
2024-03-04,4.836918649639827,4.850032520025402,5
2024-03-05,4.821241817463749,4.830080412515643,5
2024-03-06,4.82098805018186,4.827869211389995,5
2024-03-07,4.838388384810956,4.828796899900932,5
2024-03-08,4.831682209236556,4.836573273978943,5
2024-03-11,4.830235479659916,4.824127784207555,5
2024-03-12,4.84878130700162,4.837523441909464,5
2024-03-13,4.84728420501145,4.841985923547642,5
2024-03-14,4.85509293741249,4.8478525691547345,5
2024-03-15,4.843064761677069,4.839890702841881,5
2024-03-18,4.857568994682876,4.875879272444936,5
2024-03-19,4.864345996127517,4.87505341047214,5
2024-03-20,4.876957086611998,4.854999728496715,5
2024-03-21,4.8653233273506435,4.881504044476268,5
2024-03-22,4.877584051480746,4.8749952800312055,5
2024-03-25,4.876773530452485,4.873729636425137,5
2024-03-26,4.870271549428079,4.87954169202145,5
2024-03-27,4.872495217192623,4.879006052636549,5
2024-03-28,4.8702615236623,4.880340010719534,5
2024-04-01,4.876472668524969,4.866753694979267,5
2024-04-02,4.871886731460114,4.875263724167552,5
2024-04-03,4.878172462843604,4.863976091314155,5
2024-04-04,4.859788244320471,4.888516544842075,5
2024-04-05,4.877927716851048,4.86921648851221,5
2024-04-08,4.877213415796621,4.87765261821478,5
2024-04-09,4.878539800413788,4.891879403584827,5
2024-04-10,4.878014758836613,4.871924776345963,5
2024-04-11,4.905009782935257,4.886845748381815,5
2024-04-12,4.896030800989088,4.909302027175333,5
2024-04-15,4.87653737546628,4.904030952165167,5
2024-04-16,4.874320152272561,4.887423324198706,5
2024-04-17,4.864661293075605,4.884744253228889,5
2024-04-18,4.861395533310985,4.854648310290128,5
2024-04-19,4.8262025687029135,4.855754117662952,5
2024-04-22,4.840384946562973,4.842466811148859,5
2024-04-23,4.856886033120007,4.839143974906147,5
2024-04-24,4.84956957250312,4.854846055083513,5
2024-04-25,4.84759098318727,4.830252014264506,5
2024-04-26,4.887127414281348,4.8778230542209755,5
2024-04-29,4.886534386182145,4.903841882195173,5
2024-04-30,4.864306360643727,4.889312856914839,5
2024-05-01,4.865315610457071,4.857992474407324,5
2024-05-02,4.890269630212687,4.87918845813784,5
2024-05-03,4.914985192429988,4.913657495965563,5
2024-05-06,4.924880994639984,4.9148615352512595,5
2024-05-07,4.929493928445068,4.91651942753538,5
2024-05-08,4.926566715282864,4.912594166318035,5
2024-05-09,4.9299346840308,4.926603777961888,5
2024-05-10,4.924792007927167,4.937184039677443,5
2024-05-13,4.930566199813609,4.9388324345233805,5
2024-05-14,4.935352985312071,4.930499494831873,5
2024-05-15,4.944475053952072,4.949819586681163,5
2024-05-16,4.942655370925584,4.949023808268685,5
2024-05-17,4.945681278666774,4.934934072304661,5
2024-05-20,4.953373337729145,4.9494648892614785,5
2024-05-21,4.95838910830046,4.945697957995278,5
2024-05-22,4.952144647726435,4.956177425943762,5
2024-05-23,4.951266783828641,4.9741948507849525,5
2024-05-24,4.962245538034047,4.9653194818642,5
2024-05-28,4.977147391029144,4.9577923329062115,5
2024-05-29,4.978576620408924,4.97722098933552,5
2024-05-30,4.963977460301372,4.978091434914135,5
2024-05-31,4.959774292153242,4.971823088708289,5
2024-06-03,4.971896776272936,4.963899074733169,5
2024-06-04,4.976374343885539,4.975409639044355,5
2024-06-05,4.994457984360608,4.982670752909756,5
2024-06-06,4.997159825456321,4.992295067446106,5
2024-06-07,4.995123795235735,4.997784450592159,5
2024-06-10,4.996614703352686,4.99060615684285,5
2024-06-11,5.016894331568701,4.991747256143596,5
2024-06-12,5.031777812135395,5.016044910032564,5
2024-06-13,5.031810499372264,5.039441634765202,5
2024-06-14,5.03648761648986,5.0242178770068335,5
2024-06-17,5.042567549921747,5.019417542747007,5
2024-06-18,5.042125996588017,5.048052668212094,5
2024-06-20,5.035016747699881,5.068231776092634,5
2024-06-21,5.034815784895657,5.024174859805571,5
2024-06-24,5.018417969502638,5.025736127224784,5
2024-06-25,5.037741012398441,5.030930089638097,5
2024-06-26,5.0532439435507435,5.040507915510611,5
2024-06-27,5.059381928594947,5.058634342722907,5
2024-06-28,5.042924010886336,5.058286673223343,5
2024-07-01,5.057934576170213,5.0622782777127915,5
2024-07-02,5.067249674003812,5.042800647082139,5
2024-07-03,5.074187067190267,5.069244359161101,5
2024-07-05,5.086689797274822,5.090326887813868,5
2024-07-08,5.088126249342908,5.081918112581828,5
2024-07-09,5.09309521579816,5.093331968641703,5
2024-07-10,5.10484507064982,5.075767412278225,5
2024-07-11,5.073535405979304,5.1167031889647205,5
2024-07-12,5.077519228113525,5.067609748850296,5
2024-07-15,5.081921920988848,5.089167228085979,5
2024-07-16,5.076891642055209,5.079253061343166,5
2024-07-17,5.047678066500502,5.058252140360646,5
2024-07-18,5.035325782859423,5.068620873555956,5
2024-07-19,5.0295237615104265,5.0405108032188854,5
2024-07-22,5.0425452034629785,5.032884704266388,5
2024-07-23,5.047345104932447,5.047959217941751,5
2024-07-24,5.007828645109249,5.026384440246396,5
2024-07-25,4.9952564486700926,4.99575637783661,5
2024-07-26,4.999507425939113,4.999575549769203,5
2024-07-29,5.001525802977286,5.012621427155535,5
2024-07-30,4.990027778450178,4.996416035139741,5
2024-07-31,5.021701884628235,5.013221701437507,5
2024-08-01,5.001136680966456,5.027427069797331,5
2024-08-02,4.971410953006706,4.9677930862451785,5
2024-08-05,4.924013029292162,4.904561407801971,5
2024-08-06,4.929357813071584,4.892392887766445,5
2024-08-07,4.92714784658584,4.9565250692297775,5
2024-08-08,4.952180308582017,4.959292874562389,5
2024-08-09,4.960232036836318,4.959198039647923,5
2024-08-12,4.9660235425778225,4.962187266167091,5
2024-08-13,4.990399182966955,4.97300347625942,5
2024-08-14,4.990060680663021,5.014221471653778,5
2024-08-15,5.012298643849447,5.003176761778923,5
2024-08-16,5.019128099268962,5.01101730031215,5
2024-08-19,5.034201903794982,5.024329788828658,5
2024-08-20,5.034313663078815,5.030483658131226,5
2024-08-21,5.035495069495777,5.030537181157414,5
2024-08-22,5.017747959844134,5.0430826974984235,5
2024-08-23,5.03158248312961,5.020977718007725,5
2024-08-26,5.0270792632571375,5.042690614394744,5
2024-08-27,5.026411108401519,5.020265770154754,5
2024-08-28,5.013750908750328,5.0270220362402105,5
2024-08-29,5.0088994642776346,5.020095535902551,5
2024-08-30,5.022110220207776,5.011009028133977,5
2024-09-03,4.983369403014088,5.008228133437621,5
2024-09-04,4.973775258333286,4.979914808922425,5
2024-09-05,4.985127998341916,4.9699838218643615,5
2024-09-06,4.956516989616596,4.998037322091519,5
2024-09-09,4.965379676527029,4.9693833347536005,5
2024-09-10,4.9727057075294265,4.9629713787839,5
2024-09-11,4.998954082893847,4.991480036788167,5
2024-09-12,5.010655425322658,4.992492052124504,5
2024-09-13,5.014672067399791,5.022312855951251,5
2024-09-16,5.001995816650882,4.986348614923683,5
2024-09-17,5.006812342436641,5.002953313719397,5
2024-09-18,5.006923998841033,5.0132265902752575,5
2024-09-19,5.033133524879551,5.034484858882133,5
2024-09-20,5.0334721163650915,5.037475428686474,5
2024-09-23,5.033079585087218,5.027215758169857,5
2024-09-24,5.043236589115605,5.047184591209137,5
2024-09-25,5.042589403250757,5.047335061155492,5
2024-09-26,5.042745397318687,5.050111227311881,5
2024-09-27,5.03689690628255,5.048611608119353,5
2024-09-30,5.044202461665423,5.025976261382206,5
2024-10-01,5.029317498296941,5.043539531634031,5
2024-10-02,5.031195078970727,5.011508851086219,5
2024-10-03,5.030626304813295,5.028497963617886,5
2024-10-04,5.04408568301886,5.0441573283308845,5
2024-10-07,5.025998184592713,5.047793259156253,5
2024-10-08,5.044745665588112,5.031072057661481,5
2024-10-09,5.0497515769045505,5.042379691754503,5
2024-10-10,5.054287839372183,5.0439036330870275,5
2024-10-11,5.0558987291603374,5.053830494094718,5
2024-10-14,5.064200879751399,5.077230524488999,5
2024-10-15,5.059213081812255,5.067169862835232,5
2024-10-16,5.060106669176192,5.067415760177692,5
2024-10-17,5.0582846710966205,5.061974448668783,5
2024-10-18,5.075320203062917,5.07055289674671,5
2024-10-21,5.086272918489147,5.081799979894714,5
2024-10-22,5.08642764879565,5.076975009420922,5
2024-10-23,5.064067098174049,5.0822964915759465,5
2024-10-24,5.067733369473081,5.079409953719549,5
2024-10-25,5.075094924182557,5.073171956119867,5
2024-10-28,5.077965572761369,5.095986945817163,5
2024-10-29,5.086961236108545,5.085442440327835,5
2024-10-30,5.088008077636438,5.103869187845166,5
2024-10-31,5.062698246648043,5.081692685064743,5
2024-11-01,5.076722107892237,5.061862815121934,5
2024-11-04,5.071204413070353,5.0671336091442605,5
2024-11-05,5.084378481968282,5.080448879524632,5
2024-11-06,5.110126774296343,5.093778584547948,5
2024-11-07,5.129848720824254,5.106902362198187,5
2024-11-08,5.122794799911077,5.151469608083172,5
2024-11-11,5.1188763037514615,5.125398829392304,5
2024-11-12,5.128215744852917,5.125195969968002,5
2024-11-13,5.130989836132404,5.121897186931605,5
2024-11-14,5.129224157330118,5.129521176889514,5
2024-11-15,5.103305504690132,5.123607401968066,5
2024-11-18,5.109919113714537,5.102268787297969,5
2024-11-19,5.128109959728851,5.10056238953603,5
2024-11-20,5.124410444533485,5.137410335826403,5
2024-11-21,5.111393125480927,5.127946808112922,5
2024-11-22,5.102611072784682,5.115816252656852,5
2024-11-25,5.103835919106665,5.097663025774263,5
2024-11-26,5.11754706869808,5.111816890370028,5
2024-11-27,5.113761005478239,5.118302220354738,5
2024-11-29,5.12340491551107,5.117803491915163,5
2024-12-02,5.134078514006,5.121839709028849,5
2024-12-03,5.143320011100853,5.142087283849479,5
2024-12-04,5.1594056813456755,5.137270655964287,5
2024-12-05,5.160856213132048,5.1672505974635,5
2024-12-06,5.169444157664124,5.167054356371182,5
2024-12-09,5.1671864108805785,5.170580690826115,5
2024-12-10,5.17351602286253,5.190787342784471,5
2024-12-11,5.196613309947635,5.183223545560936,5
2024-12-12,5.189992587327827,5.201979372961202,5
2024-12-13,5.181788736552447,5.181964366690976,5
2024-12-16,5.196371559919541,5.191095945654031,5
2024-12-17,5.193939008999302,5.191299770134825,5
2024-12-18,5.163068278127729,5.207490715363448,5
2024-12-19,5.171125482009825,5.17421647477389,5
2024-12-20,5.1871812318988635,5.158698494364968,5
2024-12-23,5.197331989238592,5.207700257848395,5
2024-12-24,5.209521264116129,5.203232243779356,5
2024-12-26,5.2065214740615025,5.207520332020178,5
2024-12-27,5.190697890973554,5.189321353193554,5
2024-12-30,5.182433706203119,5.170018771151962,5
2024-12-31,5.171118437984925,5.18385929299778,5
2025-01-02,5.168902932293176,5.1755222884790815,5
2025-01-03,5.1819650362611736,5.179315182867379,5
2025-01-06,5.198539299747285,5.190158995698332,5
2025-01-07,5.177267129011312,5.201130667155326,5
2025-01-08,5.175849891214354,5.184110621245015,5
2025-01-10,5.153990731789956,5.174722198894282,5
2025-01-13,5.146798531503714,5.145407943051063,5
2025-01-14,5.1401421782393735,5.15520774537111,5
2025-01-15,5.166158662424058,5.153132930876914,5
2025-01-16,5.145353987683126,5.174508266371683,5
2025-01-17,5.1636164670747124,5.153086358161569,5
2025-01-21,5.167982502296398,5.173060052649813,5
2025-01-22,5.191113145201728,5.199980202023246,5
2025-01-23,5.194481067438809,5.194357068542875,5
2025-01-24,5.18952373875017,5.19975196155846,5
2025-01-27,5.161005022697161,5.164642851669607,5
2025-01-28,5.189167960775794,5.166823171578749,5
2025-01-29,5.184104177634196,5.183170887404418,5
2025-01-30,5.185995309430598,5.186167016908787,5
2025-01-31,5.186211169781312,5.194496483494753,5
2025-02-03,5.170060265806719,5.177006645542714,5
2025-02-04,5.190334728181647,5.186940853261994,5
2025-02-05,5.176030267223417,5.150526913964482,5
2025-02-06,5.1847119205342125,5.18194609287154,5
2025-02-07,5.161614752180472,5.186848780997454,5
2025-02-10,5.173471749776377,5.149737127287006,5
2025-02-11,5.174281934250344,5.152607279581863,5
2025-02-12,5.173182128478123,5.16282844211153,5
2025-02-13,5.189246277166087,5.1786569453239215,5
2025-02-14,5.1952535921917695,5.180402345419144,5
2025-02-18,5.189752437365343,5.201709465771757,5
2025-02-19,5.1922885384943305,5.188187893090763,5
2025-02-20,5.18751473003502,5.198227747785468,5
2025-02-21,5.1655811376077745,5.180721393476151,5
2025-02-24,5.15602433135482,5.1651024507811805,5
2025-02-25,5.1461354683247045,5.145426736661561,5
2025-02-26,5.144015798974676,5.151622322772567,5
2025-02-27,5.11209136810881,5.143422338114266,5
2025-02-28,5.1318475740990355,5.097731153873985,5
2025-03-03,5.100515738966606,5.1383559598931985,5
2025-03-04,5.103478916825672,5.079721404447229,5
2025-03-05,5.115411975415548,5.0911705927358035,5
2025-03-06,5.086148386916646,5.096823754654088,5
2025-03-07,5.091561325466827,5.078523608252645,5
2025-03-10,5.051317347184541,5.064760834398319,5
2025-03-11,5.049072611595568,5.040097824025379,5
2025-03-12,5.062970714959067,5.059564567668169,5
2025-03-13,5.037836240733741,5.065186199251059,5
2025-03-14,5.0629346862016265,5.047072334519797,5
2025-03-17,5.0608024704385866,5.072214296638614,5
2025-03-18,5.042628921290873,5.044861470668592,5
2025-03-19,5.060401176449283,5.043343522850057,5
2025-03-20,5.056838108271746,5.049904674206134,5
2025-03-21,5.065350880764449,5.0448337960719085,5
2025-03-24,5.087858799052645,5.081216142303786,5
2025-03-25,5.10025753458036,5.085036004119144,5
2025-03-26,5.073081058402554,5.101275526186996,5
2025-03-27,5.070284342539449,5.055832962300614,5
2025-03-28,5.033723231290978,5.051965517749933,5
2025-03-31,5.034365589291728,5.0297118563430665,5
2025-04-01,5.04337889648681,5.046917405844599,5
2025-04-02,5.050450189865888,5.01887434335931,5
2025-04-03,4.977608519645588,4.993605449367816,5
2025-04-04,4.920038506607877,4.940770396686919,5
2025-04-07,4.9249858931378165,4.869004718169539,5
2025-04-08,4.899515461422419,4.9572766838558815,5
2025-04-09,5.020923426686079,4.908594835156756,5
2025-04-10,4.976255807140687,4.95496745362991,5
2025-04-11,5.001345193952942,5.010728258395908,5
2025-04-14,5.0076944200070015,5.040113314489028,5
2025-04-15,5.008099978405617,5.011811313966406,5
2025-04-16,4.973542093201182,4.987982213175675,5
2025-04-17,4.9693651735850795,4.981813803155983,5
2025-04-21,4.94737115590019,4.940697811392018,5
2025-04-22,4.98039962648048,4.966501140245395,5
2025-04-23,5.008572774276712,5.034411447110803,5
2025-04-24,5.037363940333912,5.012487009929342,5
2025-04-25,5.051239305875624,5.04871698210447,5
2025-04-28,5.047069237687579,5.069879023924303,5
2025-04-29,5.049907386967362,5.024543721627209,5
2025-04-30,5.046897533716731,5.044240482469112,5
2025-05-01,5.061383089079084,5.056788376406229,5
2025-05-02,5.061449620444061,5.059809078273879,5
2025-05-05,5.0451809637093215,5.048092135460189,5
2025-05-06,5.041981075722752,5.032676766271953,5
2025-05-07,5.034717289339969,5.029900431593425,5
2025-05-08,5.043464976019646,5.049270133937758,5
2025-05-09,5.042832595221525,5.05015902864383,5
2025-05-12,5.088923167049164,5.101803496905341,5
2025-05-13,5.108370758723213,5.096328022883016,5
2025-05-14,5.121384299180499,5.114691406634898,5
2025-05-15,5.1151951566753295,5.115118048586027,5
2025-05-16,5.120197383366448,5.122551680282483,5
2025-05-19,5.1186674026644985,5.097309888507386,5
2025-05-20,5.109422485751742,5.127204645098375,5
2025-05-21,5.103006403794757,5.10419740757138,5
2025-05-22,5.107285037783885,5.102475626716757,5
2025-05-23,5.092228238083989,5.08634319282403,5
2025-05-27,5.117872008796478,5.100982542806698,5
2025-05-28,5.114657772036404,5.096498289123554,5
2025-05-29,5.117176932632463,5.122694934820123,5
2025-05-30,5.115111865112957,5.131196150126243,5
2025-06-02,5.119234240182776,5.113502086072523,5
2025-06-03,5.121272279102261,5.1208415148904285,5
2025-06-04,5.127952744677551,5.12454209507101,5
2025-06-05,5.12567036266871,5.135856252256583,5
2025-06-06,5.1431564465788435,5.14367498749197,5
2025-06-09,5.1467346376262295,5.1495008150551875,5
2025-06-10,5.150752769389813,5.155218246886405,5
2025-06-11,5.140279161898646,5.1498664145225295,5
2025-06-12,5.14066146230592,5.135868175367883,5
2025-06-13,5.130923850782787,5.118096144189116,5
2025-06-16,5.145068689665201,5.13743661962017,5
2025-06-17,5.138295317248849,5.133243487188098,5
2025-06-18,5.134670760374424,5.13391669421754,5
2025-06-20,5.128319664946191,5.148521044949462,5
2025-06-23,5.128433674325304,5.139214579741805,5
2025-06-24,5.141516998925743,5.13430321429392,5
2025-06-25,5.153408339469421,5.146939706744872,5
2025-06-26,5.1664468950298605,5.166059032786037,5
2025-06-27,5.182807798985813,5.191415040312564,5
2025-06-30,5.1840687269628285,5.198567469056549,5
2025-07-01,5.177311001895463,5.1763161488475005,5
2025-07-02,5.188499009405542,5.1784514035656555,5
2025-07-03,5.198163288624879,5.183158090027031,5
2025-07-07,5.188883250636731,5.206441568860531,5
2025-07-08,5.182037439739668,5.194132008942777,5
2025-07-09,5.1942836883509,5.183106520662395,5
2025-07-10,5.193695044409208,5.18276038307244,5
2025-07-11,5.198554962404601,5.185637838224891,5
2025-07-14,5.199076469726012,5.194953129184788,5
2025-07-15,5.207751676313742,5.212714634736316,5
2025-07-16,5.205807337519327,5.216994308844761,5
2025-07-17,5.2118127442375926,5.210133395440931,5
2025-07-18,5.209146391126107,5.214322113621618,5
2025-07-21,5.221132921247631,5.212350121075779,5
2025-07-22,5.212861090242592,5.217930415659848,5
2025-07-23,5.215459088333437,5.219581884719699,5
2025-07-24,5.224747963235434,5.228638647101343,5
2025-07-25,5.22468300541439,5.22240246879935,5
2025-07-28,5.228462827960041,5.226066065161226,5
2025-07-29,5.2248408184923605,5.226738456741175,5
2025-07-30,5.228362739911029,5.234137041551402,5
2025-07-31,5.221912559845006,5.230649433585556,5
2025-08-01,5.187153095019184,5.2046581696015,5
2025-08-04,5.199543422003665,5.1864819753441065,5
2025-08-05,5.196441170726898,5.208537997413701,5
2025-08-06,5.223373472646246,5.2020214834371385,5
2025-08-07,5.233521634600226,5.226052973432178,5
2025-08-08,5.25325897956038,5.247252794300769,5
2025-08-11,5.24935627445644,5.247411139274142,5
2025-08-12,5.256625990293293,5.25219012299561,5
2025-08-13,5.258686580312609,5.259037566406868,5
2025-08-14,5.268728867973227,5.243603207194866,5
2025-08-15,5.26792678193273,5.267873303373786,5
2025-08-18,5.269283179326995,5.262180263439758,5
2025-08-19,5.253660145125063,5.264418801444591,5
2025-08-20,5.241780196320274,5.253799633434906,5
2025-08-21,5.237834039718782,5.2377924417066595,5
2025-08-22,5.257472102103718,5.235853211717401,5
2025-08-25,5.261726942979256,5.246934221930174,5
2025-08-26,5.266348389752663,5.259159622406199,5
2025-08-27,5.2678092904175,5.266863770650738,5
2025-08-28,5.2760792543498605,5.279839268896085,5
2025-08-29,5.265631721749662,5.266513692456775,5
2025-09-02,5.254812228942562,5.2563473716080065,5
2025-09-03,5.2851164658012815,5.274280485380987,5
2025-09-04,5.30191507404201,5.292726552474473,5
2025-09-05,5.29497772020425,5.302762274742642,5
2025-09-08,5.2972737771540555,5.294218158752497,5
2025-09-09,5.306186954716815,5.285876249048239,5
2025-09-10,5.295399807418558,5.300938916801931,5
2025-09-11,5.294892264718979,5.295257471714015,5
2025-09-12,5.296863895303976,5.308527764589971,5
2025-09-15,5.314301831361731,5.300105204744108,5
2025-09-16,5.314974981679893,5.303986606151335,5
2025-09-17,5.3101006592688345,5.318712317337559,5
2025-09-18,5.314880457391126,5.3190331505822686,5
2025-09-19,5.32767599936903,5.3201465164899595,5
2025-09-22,5.338597329430057,5.329819778470367,5
2025-09-23,5.323923005419496,5.334997729293128,5
2025-09-24,5.314107742596627,5.334913295808763,5
2025-09-25,5.31644237204585,5.321773328637405,5
2025-09-26,5.317982962025964,5.311397888865651,5
2025-09-29,5.319733109355321,5.321424681223162,5
2025-09-30,5.3204829554176145,5.3250441849360275,5
2025-10-01,5.322162809701908,5.3050044002231935,5
2025-10-02,5.327181170965544,5.324111777025654,5
2025-10-03,5.3231091786768125,5.334778685196815,5
2025-10-06,5.327036086339671,5.323945339482123,5
2025-10-07,5.325653220144532,5.321340262694436,5
2025-10-08,5.335078568605945,5.333031133986717,5
2025-10-09,5.335474482209574,5.337707517573519,5
2025-10-10,5.300857784717649,5.340197844955385,5
2025-10-13,5.318908592132559,5.343188584985538,5
2025-10-14,5.308399156069464,5.302113206629031,5
2025-10-15,5.3131832108653185,5.319628773288099,5
2025-10-16,5.310414757441585,5.305478658780819,5
2025-10-17,5.318564292400842,5.323081170514707,5
2025-10-20,5.337892783632143,5.305229101427261,5
2025-10-21,5.337136759054221,5.331371250825827,5
2025-10-22,5.317147588706859,5.331193362527752,5
2025-10-23,5.324054229058326,5.329122777882709,5
2025-10-24,5.338870069441462,5.324688099384056,5
2025-10-27,5.361029142668718,5.3498570524356355,5
2025-10-28,5.3715817539628405,5.356792591999843,5
2025-10-29,5.384750257969155,5.3923638574553046,5
2025-10-30,5.380780559792886,5.408832100558947,5
2025-10-31,5.401595044438446,5.413266790203852,5
2025-11-03,5.413488541573137,5.428182091112991,5
2025-11-04,5.396745509539687,5.398857508384847,5
2025-11-05,5.401019914919602,5.390026499100441,5
2025-11-06,5.388118437359223,5.3910744989416655,5
2025-11-07,5.38370577399587,5.396012537180756,5
2025-11-10,5.409622106516642,5.392799213919253,5
2025-11-11,5.412664411542563,5.396180097292037,5
2025-11-12,5.405297728908312,5.429445208801699,5
2025-11-13,5.384703547507567,5.407288945208591,5
2025-11-14,5.378757632185383,5.37767418974997,5
2025-11-17,5.376308107000939,5.38767253833454,5
2025-11-18,5.364761276859849,5.369822083573121,5
2025-11-19,5.374380279064195,5.37790322412994,5
2025-11-20,5.354671378947731,5.395200449263962,5
2025-11-21,5.369032011361265,5.384142241276911,5
2025-11-24,5.401216172432185,5.369687004005261,5
2025-11-25,5.403288914203115,5.406492148124159,5
2025-11-26,5.404093535251084,5.4109066478890435,5
2025-11-28,5.4071305650381705,5.428400348475069,5
2025-12-01,5.411049316499199,5.399614384277926,5
2025-12-02,5.416641698548211,5.419676623884715,5
2025-12-03,5.410632211447596,5.422542408544242,5
2025-12-04,5.405363524311245,5.393828737388564,5
2025-12-05,5.403787021605167,5.421556530173801,5
2025-12-08,5.393605302952014,5.406234426119778,5
2025-12-09,5.396289135954909,5.408989256857969,5
2025-12-10,5.399467208612628,5.4024792177605985,5
2025-12-11,5.389475497575181,5.405655695584775,5
2025-12-12,5.378629212429723,5.386130358673526,5
2025-12-15,5.37014209388763,5.40552421268852,5
2025-12-16,5.371221134171588,5.374119428351534,5
2025-12-17,5.3522103758990776,5.371830241909711,5
2025-12-18,5.365317631146332,5.380995736703419,5
2025-12-19,5.378462180824923,5.377696169419884,5
2025-12-22,5.380894661329468,5.376284006499759,5
2025-12-23,5.394811994762798,5.38941896474441,5
2025-12-24,5.395916268224548,5.3842490149182165,5
2025-12-26,5.397520521514971,5.388036475477902,5
2025-12-29,5.394539515802148,5.400802513861621,5
2025-12-30,5.393532923511948,5.382209473182435,5
2025-12-31,5.3892196176547245,5.394680053284529,5
