date,actual_close,simulated_close,count
2019-01-02,39.26686396598816,37.82800069406703,5
2019-01-03,37.867503023147584,39.529794349134185,5
2019-01-04,40.01577959060669,38.130130356508246,5
2019-01-07,40.90945506095886,40.22518777729654,5
2019-01-08,41.47293725013733,41.664874589746105,5
2019-01-09,41.61408514976502,41.14429571144265,5
2019-01-10,41.66954865455627,40.486875624040955,5
2019-01-11,41.5876181602478,42.09217709563448,5
2019-01-14,41.03668627738953,41.101291041604455,5
2019-01-15,42.50847368240356,40.99320065073398,5
2019-01-16,42.65707912445068,43.55059901432813,5
2019-01-17,42.933821249008176,42.344308569082564,5
2019-01-18,42.8359543800354,43.85605106298859,5
2019-01-22,41.43475680351257,42.031817218922846,5
2019-01-23,41.53185415267944,42.00698904758885,5
2019-01-24,41.74251041412354,41.198110536771125,5
2019-01-25,42.54715323448181,41.63141064366525,5
2019-01-28,41.78654747009277,40.97195523173303,5
2019-01-29,41.00898389816284,42.350973330299425,5
2019-01-30,42.821237325668335,42.080285759393085,5
2019-01-31,43.639492464065555,42.66441874631472,5
2019-02-01,42.674466133117676,42.895686409758284,5
2019-02-04,43.43979549407959,42.49850512083155,5
2019-02-05,44.05758891105652,44.36400743516903,5
2019-02-06,43.512929582595824,44.74737343081348,5
2019-02-07,42.75668053627014,43.983925774378974,5
2019-02-08,42.52946138381958,42.21231237776574,5
2019-02-11,42.46478562355041,42.94324433436871,5
2019-02-12,43.573706197738645,42.5473619855898,5
2019-02-13,43.39227614402771,43.636003539319404,5
2019-02-14,43.4174343585968,42.82106045098285,5
2019-02-15,43.14280529022217,43.90582838435289,5
2019-02-19,43.50956478118896,42.631536439787986,5
2019-02-20,43.42924561500549,43.70181291300393,5
2019-02-21,43.11717181205749,43.6477745070029,5
2019-02-22,43.59999408721924,42.86624623517259,5
2019-02-25,43.680106735229494,43.780874933137845,5
2019-02-26,43.788957071304324,43.530071185745754,5
2019-02-27,43.82030992507934,43.62121290139006,5
2019-02-28,43.66384267807007,43.43881871989437,5
2019-03-01,44.2734872341156,44.328211541683814,5
2019-03-04,44.50328621864319,44.82514713362365,5
2019-03-05,44.65552134513855,44.14010844382789,5
2019-03-06,44.415362167358396,44.71288844783184,5
2019-03-07,43.5909122467041,44.49341528844592,5
2019-03-08,43.49607062339783,42.6675998952659,5
2019-03-11,44.84800019264221,43.739288227839275,5
2019-03-12,45.09631643295288,44.925757641331245,5
2019-03-13,45.44173316955566,44.77220131826711,5
2019-03-14,45.35207777023315,45.24588498142741,5
2019-03-15,45.790352249145506,45.863538003509426,5
2019-03-18,46.21207981109619,45.267522132234454,5
2019-03-19,46.42297468185425,46.61082334634368,5
2019-03-20,47.42593812942505,46.80693971126051,5
2019-03-21,48.151098537445066,47.53675230090296,5
2019-03-22,46.78674955368042,48.431857225832985,5
2019-03-25,46.73378582000733,46.54315415702161,5
2019-03-26,46.543040657043456,47.72408527987939,5
2019-03-27,46.19369421005249,46.810806825084015,5
2019-03-28,46.26643695831299,45.505725567354915,5
2019-03-29,46.496502780914305,46.71294365510907,5
2019-04-01,47.323031425476074,47.2148328014053,5
2019-04-02,47.53210458755493,47.3526959954358,5
2019-04-03,47.78488426208496,47.12588514483663,5
2019-04-04,47.8334379196167,47.66202786270388,5
2019-04-05,47.96778631210327,47.836753070138414,5
2019-04-08,48.130970096588136,47.817315972337404,5
2019-04-09,47.95037660598755,48.09036112189206,5
2019-04-10,48.16552448272705,48.0557878674672,5
2019-04-11,48.14959926605225,48.25106696142681,5
2019-04-12,47.929161643981935,48.140249151513856,5
2019-04-15,47.92467575073242,48.49034828961951,5
2019-04-16,48.39626359939575,48.22492343945947,5
2019-04-17,48.591085815429686,48.676237506161186,5
2019-04-18,48.70213985443115,48.78133648263748,5
2019-04-22,49.46432723999023,48.30525817051097,5
2019-04-23,50.22692518234253,49.58516122675109,5
2019-04-24,49.75607166290283,50.34984827307323,5
2019-04-25,49.60623598098755,49.76853952405574,5
2019-04-26,50.21652975082397,49.77410418318263,5
2019-04-29,50.20759115219116,50.000758813819466,5
2019-04-30,48.90166215896606,48.74552029259897,5
2019-05-01,49.1813645362854,49.335822472529784,5
2019-05-02,48.97342777252197,49.46748624633497,5
2019-05-03,50.05789880752563,50.03532303303213,5
2019-05-06,49.6797550201416,49.25957090969252,5
2019-05-07,48.76757841110229,49.769941996020094,5
2019-05-08,48.5418285369873,49.03376894349388,5
2019-05-09,48.16960105895996,48.61580818800039,5
2019-05-10,47.91602640151977,48.08634047347114,5
2019-05-13,46.008868885040286,46.647862225435304,5
2019-05-14,46.23377933502197,46.084995287053616,5
2019-05-15,47.26110339164734,46.0500079528119,5
2019-05-16,47.820893144607545,47.08077365878534,5
2019-05-17,47.10298986434937,47.93801736224448,5
2019-05-20,46.33739786148071,46.335647291079695,5
2019-05-21,46.73707203865051,46.58008982106235,5
2019-05-22,46.68883237838745,46.36264086015869,5
2019-05-23,45.81760630607605,46.36618918428216,5
2019-05-24,45.82315015792847,46.022323411539446,5
2019-05-28,45.93039493560791,45.90942783204327,5
2019-05-29,45.40990352630615,46.406941926447544,5
2019-05-30,45.48782377243042,45.417242892117066,5
2019-05-31,44.58956370353699,44.910296277238196,5
2019-06-03,42.87214369773865,44.141124073124885,5
2019-06-04,44.09167308807373,42.398965981391086,5
2019-06-05,44.25047197341919,44.54101777633627,5
2019-06-06,44.59858074188232,43.772644965795656,5
2019-06-07,45.62923030853271,44.649510445681585,5
2019-06-10,46.29078149795532,46.14694227821578,5
2019-06-11,46.40834231376648,46.112500797741966,5
2019-06-12,46.14138226509094,45.85693728315047,5
2019-06-13,46.37319598197937,46.40375714648033,5
2019-06-14,46.17365207672119,46.066364811408576,5
2019-06-17,46.682783937454225,46.200432776386236,5
2019-06-18,47.33306860923767,46.754019042771134,5
2019-06-19,47.49615392684937,47.26340686980244,5
2019-06-20,47.794870901107785,48.02452397888898,5
2019-06-21,47.86547231674194,47.82612792701525,5
2019-06-24,47.85997433662415,47.74874823696171,5
2019-06-25,46.8501757144928,47.839485968531335,5
2019-06-26,47.259697103500365,47.24856622794377,5
2019-06-27,47.4598876953125,48.06864941088425,5
2019-06-28,47.265896797180176,47.74447279921251,5
2019-07-01,48.049035453796385,48.29013724892125,5
2019-07-02,48.355438232421875,48.322376493320846,5
2019-07-03,48.713350486755374,48.58925622678755,5
2019-07-05,48.80710253715515,48.876591542567645,5
2019-07-08,48.44620938301087,48.30436512052596,5
2019-07-09,49.02422490119934,48.30459890471495,5
2019-07-10,49.600522947311404,48.853578967697295,5
2019-07-11,49.40420122146607,49.60655422230258,5
2019-07-12,49.466025829315186,49.53727110393265,5
2019-07-15,49.57642602920532,49.14170189818917,5
2019-07-16,49.45053997039795,49.733098264001676,5
2019-07-17,49.08730249404907,49.07388785373097,5
2019-07-18,48.31395311355591,47.983008018564306,5
2019-07-19,47.66179733276367,48.92627017365864,5
2019-07-22,48.09785585403442,47.605852826717246,5
2019-07-23,48.29966554641724,48.13313889110804,5
2019-07-24,48.49921798706055,47.82534101279372,5
2019-07-25,48.23827714920044,48.03348857834194,5
2019-07-26,49.33158140182495,48.97798159077379,5
2019-07-29,48.94650135040283,49.29414664599414,5
2019-07-30,48.49064817428589,48.468207757172834,5
2019-07-31,48.200764656066895,48.87772452142426,5
2019-08-01,47.70117139816284,47.98661729144352,5
2019-08-02,46.988873386383055,47.41317095897034,5
2019-08-05,45.208870553970335,45.757110804675534,5
2019-08-06,45.84260597229004,46.338212815907234,5
2019-08-07,45.92727670669556,45.070056422512586,5
2019-08-08,47.091116428375244,46.71423026159044,5
2019-08-09,46.4319146156311,46.77221784643376,5
2019-08-12,46.07354292869568,46.4078769455102,5
2019-08-13,47.15041160583496,46.206223264773996,5
2019-08-14,45.61838598251343,47.0762987272586,5
2019-08-15,45.657496738433835,45.84143855662745,5
2019-08-16,46.34716668128967,46.215036218767736,5
2019-08-19,47.16122207641602,46.818902933914686,5
2019-08-20,46.63593759536743,46.87346976676131,5
2019-08-21,47.044807243347165,47.30041014197694,5
2019-08-22,46.81397457122803,47.243542164937956,5
2019-08-23,45.258920669555664,46.098318562697536,5
2019-08-26,45.89623498916626,45.399801769704816,5
2019-08-27,45.606522941589354,45.90145521168735,5
2019-08-28,45.74067316055298,45.48938873242273,5
2019-08-29,46.47431335449219,46.11039462654004,5
2019-08-30,46.25513563156128,46.985356603749075,5
2019-09-03,45.943730163574216,45.939608494200634,5
2019-09-04,46.415365028381345,46.34123227392384,5
2019-09-05,47.39864673614502,46.276120730781955,5
2019-09-06,47.194677925109865,47.37295611715352,5
2019-09-09,47.30417776107788,47.83863454637326,5
2019-09-10,47.21963176727295,47.32930882940593,5
2019-09-11,47.726306438446045,47.19128731373531,5
2019-09-12,48.058895874023435,47.960673051961834,5
2019-09-13,47.95538721084595,47.98338823855052,5
2019-09-16,47.6079439163208,47.401655040663485,5
2019-09-17,47.862603759765626,47.91792641512466,5
2019-09-18,47.79710521697998,47.98939524707884,5
2019-09-19,47.69876298904419,47.90984049595643,5
2019-09-20,46.845294284820554,47.291106285436285,5
2019-09-23,46.75889310836792,47.063769210690495,5
2019-09-24,45.88274669647217,46.3739855571746,5
2019-09-25,46.8171968460083,45.97103910543172,5
2019-09-26,46.393557453155516,46.60814886601116,5
2019-09-27,46.00452709197998,46.60319383885846,5
2019-09-30,46.39817714691162,46.10805930124857,5
2019-10-01,46.326479530334474,46.08153438766749,5
2019-10-02,45.514349937438965,46.054028266633956,5
2019-10-03,45.86993045806885,45.86866759717685,5
2019-10-04,46.62502393722534,46.084705983389014,5
2019-10-07,46.58957166671753,46.47444483668068,5
2019-10-08,45.89660911560058,46.2813751022028,5
2019-10-09,46.27165298461914,46.055485880184264,5
2019-10-10,46.734698581695554,46.04148557446916,5
2019-10-11,47.27581453323364,46.88566651923891,5
2019-10-14,47.37602434158325,46.673963367365076,5
2019-10-15,47.9386944770813,47.40150787195057,5
2019-10-16,48.02972097396851,47.723549896727164,5
2019-10-17,48.40909643173218,48.537758258865,5
2019-10-18,47.708647632598876,48.32875558263389,5
2019-10-21,48.27582931518555,47.59197442214422,5
2019-10-22,47.787767028808595,48.55476121375482,5
2019-10-23,48.15745000839233,48.24043363143098,5
2019-10-24,48.39456300735473,48.13072724348288,5
2019-10-25,48.529569911956784,47.90986721010573,5
2019-10-28,49.16392917633057,48.529672024236035,5
2019-10-29,48.440400791168216,48.97016361238171,5
2019-10-30,48.80378322601318,48.216614819282434,5
2019-10-31,48.93205099105835,49.22820593904469,5
2019-11-01,49.54941883087158,49.37666675504339,5
2019-11-04,50.0971697807312,50.07937942768137,5
2019-11-05,49.95543193817139,49.7436901838917,5
2019-11-06,49.90039558410645,50.08244918595586,5
2019-11-07,50.1592698097229,50.23641268524893,5
2019-11-08,50.23232278823853,50.26170754455564,5
2019-11-11,50.12268781661987,49.65934131124015,5
2019-11-12,50.1344820022583,50.05997247755222,5
2019-11-13,49.81528463363647,50.210259670534825,5
2019-11-14,50.01171159744263,49.574892577840544,5
2019-11-15,50.32304458618164,49.88347302919088,5
2019-11-18,50.56855869293213,50.6536271329206,5
2019-11-19,50.459550857543945,50.690311231180154,5
2019-11-20,50.18186883926391,50.622702859168164,5
2019-11-21,50.125679874420165,50.587826146145375,5
2019-11-22,50.144500732421875,50.408470817434726,5
2019-11-25,50.91170196533203,50.52914297394152,5
2019-11-26,51.02844047546387,50.59714847408057,5
2019-11-27,51.48519620895386,51.511863513317465,5
2019-11-29,51.16730098724365,50.856137992900116,5
2019-12-02,50.54696788787842,51.109815542993275,5
2019-12-03,50.172492599487306,49.773424602115746,5
2019-12-04,50.41218194961548,50.496000400471324,5
2019-12-05,50.437488651275636,51.09471046106445,5
2019-12-06,51.02614860534668,50.24796000747581,5
2019-12-09,50.75498008728027,50.85165028699605,5
2019-12-10,50.55934867858887,50.93603661054745,5
2019-12-11,50.90111865997314,50.99929328678623,5
2019-12-12,51.1260950088501,50.68434031790582,5
2019-12-13,51.28640832901001,51.45696126543887,5
2019-12-16,51.84788961410523,51.550299405909286,5
2019-12-17,52.269942092895505,52.47434507710683,5
2019-12-18,52.259098529815674,52.442763642847616,5
2019-12-19,52.64693517684937,52.46645687868356,5
2019-12-20,52.61036958694458,53.09163766821651,5
2019-12-23,52.80864839553833,52.38045411695966,5
2019-12-24,52.73244724273682,52.785616106388225,5
2019-12-26,53.957723712921144,53.012758683827805,5
2019-12-27,53.79609537124634,54.303743435852745,5
2019-12-30,53.35552463531494,54.0506642156477,5
2019-12-31,53.49625644683838,53.2680573150815,5
2020-01-02,54.768771457672116,54.19582134006389,5
2020-01-03,54.23408689498901,54.07362255815593,5
2020-01-06,55.16311445236206,53.71308815480495,5
2020-01-07,55.03910903930664,55.289291947575826,5
2020-01-08,55.40241641998291,55.153475738956125,5
2020-01-09,55.89791231155395,55.85914319886258,5
2020-01-10,55.725035667419434,55.968458692621084,5
2020-01-13,56.45509309768677,55.766868053708095,5
2020-01-14,55.91983442306518,56.48344511897621,5
2020-01-15,55.86266613006592,56.0866153022446,5
2020-01-16,56.34108142852783,56.04571652519331,5
2020-01-17,56.68378915786743,56.39982905944093,5
2020-01-21,56.85449838638306,56.79430069225458,5
2020-01-22,56.64742431640625,57.032086438135266,5
2020-01-23,57.18486022949219,56.7849452217681,5
2020-01-24,56.77302484512329,57.275252343414664,5
2020-01-27,55.40784502029419,55.869092667407884,5
2020-01-28,56.41383638381958,56.177655524419855,5
2020-01-29,56.72221622467041,56.920626262830055,5
2020-01-30,56.89170532226562,56.00165645703443,5
2020-01-31,57.26732091903686,58.79417940010626,5
2020-02-03,57.971053504943846,56.86562101324849,5
2020-02-04,58.78509702682495,58.28858072969582,5
2020-02-05,58.854961204528806,59.24175870578754,5
2020-02-06,59.379837131500246,58.34544372416635,5
2020-02-07,59.47049808502197,58.91749129103696,5
2020-02-10,60.524433040618895,59.14293004162308,5
2020-02-11,60.67769947052002,61.3932043141055,5
2020-02-12,61.37925958633423,60.297744067203226,5
2020-02-13,61.14885082244873,61.50674799117259,5
2020-02-14,61.13745651245117,61.48160323502957,5
2020-02-18,61.22914009094238,60.86517037712999,5
2020-02-19,61.72538108825684,61.742818229886424,5
2020-02-20,61.27579936981201,61.634817903685004,5
2020-02-21,59.836135959625246,60.97292068749478,5
2020-02-24,57.292016696929934,57.72623908661321,5
2020-02-25,55.88297891616821,57.49764819498906,5
2020-02-26,56.629628372192386,56.776519886789444,5
2020-02-27,53.78538475036621,54.296307454183236,5
2020-02-28,54.01588258743286,51.87593733603984,5
2020-03-02,56.71073503494263,54.722692480590084,5
2020-03-03,55.03259334564209,57.02330515107151,5
2020-03-04,57.18845767974854,56.79894047503372,5
2020-03-05,55.25226278305054,55.472148043224095,5
2020-03-06,54.518578910827635,54.1620098882485,5
2020-03-09,51.0382342338562,49.99516572522312,5
2020-03-10,53.94789304733276,53.30800695721878,5
2020-03-11,51.75966911315918,54.378089897671614,5
2020-03-12,47.16605272293091,48.616091019905916,5
2020-03-13,51.2659818649292,49.662218845598964,5
2020-03-16,46.27087717056274,47.11072438667729,5
2020-03-17,48.84491653442383,48.34428658537003,5
2020-03-18,48.38259086608887,47.82513089552676,5
2020-03-19,49.365577411651614,48.026797685238975,5
2020-03-20,47.82195625305176,49.60960939349796,5
2020-03-23,48.58222961425781,47.90254885850736,5
2020-03-24,50.93441295623779,49.94984692236738,5
2020-03-25,49.69320116043091,50.50415228550891,5
2020-03-26,52.06979112625122,51.90315452484949,5
2020-03-27,50.35428972244263,51.02854627616939,5
2020-03-30,52.0323245048523,51.735503333094506,5
2020-03-31,52.10424041748047,51.473362627777966,5
2020-04-01,50.141539096832275,50.7859725275957,5
2020-04-02,50.779215812683105,49.016259106198866,5
2020-04-03,50.035659885406496,51.11256536738316,5
2020-04-06,53.32945365905762,51.960058487703336,5
2020-04-07,53.118630504608156,53.07154949357706,5
2020-04-08,54.004609966278075,54.24607988888196,5
2020-04-09,54.07851610183716,54.09830182313552,5
2020-04-13,56.208211708068845,54.31785939326945,5
2020-04-14,58.93699722290039,57.49348422440859,5
2020-04-15,59.23577995300293,58.89498376551588,5
2020-04-16,60.67715568542481,61.91017257669754,5
2020-04-17,60.01751174926758,60.07650645600027,5
2020-04-20,60.01999073028564,59.33920720039329,5
2020-04-21,58.293724346160886,61.870525145096316,5
2020-04-22,59.31919536590576,58.57931208668348,5
2020-04-23,59.85190391540527,59.476245122040936,5
2020-04-24,60.365897464752194,59.77170487375415,5
2020-04-27,59.96442699432373,61.48170524543125,5
2020-04-28,58.32621641159058,59.85677792521337,5
2020-04-29,60.618407821655275,60.426956225156744,5
2020-04-30,62.12370014190674,60.24264610040107,5
2020-05-01,59.59920358657837,60.904549984094594,5
2020-05-04,60.45725231170654,58.36454921089046,5
2020-05-05,60.8712119102478,61.138306930702505,5
2020-05-06,61.52791337966919,62.85860792145979,5
2020-05-07,62.17228546142578,62.14809632982767,5
2020-05-08,62.816008472442626,62.518460519076676,5
2020-05-11,63.6431978225708,63.58026978890956,5
2020-05-12,62.449616050720216,64.2982359793811,5
2020-05-13,62.24034671783447,63.38332162272816,5
2020-05-14,62.73187017440796,61.8920330625333,5
2020-05-15,63.358039665222165,60.73651514540241,5
2020-05-18,63.999444770812985,64.02283231121683,5
2020-05-19,64.0187427520752,65.02244619711873,5
2020-05-20,65.0939769744873,65.24030645716434,5
2020-05-21,64.16086521148682,64.79637415546553,5
2020-05-22,64.14777507781983,64.44299657090403,5
2020-05-26,63.606095504760745,64.18587189455846,5
2020-05-27,63.63035945892334,64.03328321028656,5
2020-05-28,63.39662380218506,63.9139846119201,5
2020-05-29,64.11819458007812,63.14152557933678,5
2020-06-01,64.73276786804199,63.674211722307994,5
2020-06-02,64.92342624664306,64.10711552501922,5
2020-06-03,64.92339344024658,65.84405348694683,5
2020-06-04,64.2176305770874,65.2330105738287,5
2020-06-05,65.28126106262206,63.70134596438388,5
2020-06-08,65.84300518035889,65.4785295701827,5
2020-06-09,67.55411205291747,66.86205347440665,5
2020-06-10,68.61653137207031,67.93026202433012,5
2020-06-11,65.99599418640136,68.3297397835517,5
2020-06-12,65.97671184539794,66.92587621473751,5
2020-06-15,66.71868572235107,66.03408404808752,5
2020-06-16,68.00246505737304,67.26168949816292,5
2020-06-17,68.58522167205811,68.0858639647489,5
2020-06-18,68.6102331161499,67.77602838584025,5
2020-06-19,68.76691932678223,69.2056266286573,5
2020-06-22,70.13636512756348,69.45953495840376,5
2020-06-23,71.08622303009034,70.32531582306864,5
2020-06-24,69.9409107208252,71.21070484804392,5
2020-06-25,70.67850952148437,70.08481700655445,5
2020-06-26,68.19562911987305,70.05768401437226,5
2020-06-29,68.89811096191406,67.96747885749005,5
2020-06-30,70.22851181030273,68.85670622977733,5
2020-07-01,72.25436420440674,69.01120295061571,5
2020-07-02,72.47583904266358,74.11635051715609,5
2020-07-06,75.30504550933838,74.22680765996071,5
2020-07-07,74.56899185180664,76.38425074918122,5
2020-07-08,76.16685810089112,75.2515864845543,5
2020-07-09,77.56780433654785,77.05214649109408,5
2020-07-10,78.89200534820557,77.3667770553878,5
2020-07-13,76.99563655853271,80.51786873570195,5
2020-07-14,77.24512100219727,77.1532187316003,5
2020-07-15,76.49200687408447,76.50104213966678,5
2020-07-16,76.27701988220215,76.31066724611568,5
2020-07-17,75.1610122680664,74.70310797817658,5
2020-07-20,78.64943447113038,76.31089595164556,5
2020-07-21,77.44648609161376,81.01350779280911,5
2020-07-22,77.23151416778565,76.91134886018216,5
2020-07-23,74.41182708740234,76.39094158904251,5
2020-07-24,74.62347183227538,74.91411010040635,5
2020-07-27,76.04192771911622,73.79859295250598,5
2020-07-28,74.712184715271,76.31074117394033,5
2020-07-29,75.57395553588867,74.70840464754376,5
2020-07-30,76.1293342590332,74.8452892234536,5
2020-07-31,78.78706741333008,79.04889559457669,5
2020-08-03,78.96643867492676,80.06117646723808,5
2020-08-04,79.54638442993163,79.44215700582419,5
2020-08-05,80.23202743530274,79.70874400716022,5
2020-08-06,81.58620357513428,79.64715767946862,5
2020-08-07,80.1401123046875,81.29824373888417,5
2020-08-10,80.04222431182862,80.52322114706604,5
2020-08-11,78.1694881439209,79.98893607888718,5
2020-08-12,80.2385908126831,78.68098495783794,5
2020-08-13,80.84897994995117,80.50328329504957,5
2020-08-14,80.64401130676269,81.46200385555889,5
2020-08-17,81.17858715057373,81.74102181887712,5
2020-08-18,83.24209976196289,81.59401393959341,5
2020-08-19,82.46930522918701,82.92796544041799,5
2020-08-20,83.94274501800537,83.30204602489225,5
2020-08-21,84.98064785003662,84.03016851259456,5
2020-08-24,85.51075286865235,86.80643686313518,5
2020-08-25,85.94057388305664,85.940782569356,5
2020-08-26,88.80423030853271,86.2216038288224,5
2020-08-27,87.45974369049073,87.95677585587268,5
2020-08-28,87.5941608428955,88.19514038129974,5
2020-08-31,88.9633399963379,87.8892291503399,5
2020-09-01,91.33353672027587,89.43896694974174,5
2020-09-02,91.8178108215332,93.55891491402085,5
2020-09-03,86.48109874725341,91.37508341359683,5
2020-09-04,84.98730907440185,86.3044558373795,5
2020-09-08,81.05886878967286,82.41173037236283,5
2020-09-09,83.38529968261719,85.43253070310026,5
2020-09-10,80.99017238616943,83.09464981757863,5
2020-09-11,79.99840812683105,82.35258209028558,5
2020-09-14,80.52843990325928,81.72490068959259,5
2020-09-15,81.73269805908203,82.32061184096645,5
2020-09-16,79.75048732757568,82.29145539853337,5
2020-09-17,78.1751573562622,79.08819128089884,5
2020-09-18,76.54708213806153,79.79869074378821,5
2020-09-21,77.3582052230835,74.89605442447223,5
2020-09-22,79.81890525817872,80.99247859102589,5
2020-09-23,76.60721530914307,78.42039787538982,5
2020-09-24,77.2433500289917,75.0737626754413,5
2020-09-25,79.24952411651611,77.01816044659778,5
2020-09-28,80.93945541381837,81.24459303934158,5
2020-09-29,80.62136135101318,81.13016397223593,5
2020-09-30,81.18760547637939,80.4859126099281,5
2020-10-01,82.87216567993164,82.54685957586477,5
2020-10-02,80.26613235473633,80.23647660600456,5
2020-10-05,82.42341499328613,80.5400635884625,5
2020-10-06,80.1840045928955,81.92831452802888,5
2020-10-07,82.20241298675538,79.61126997062175,5
2020-10-08,82.3013469696045,83.69122156076648,5
2020-10-09,84.07801914215088,83.61563194995011,5
2020-10-12,87.7148452758789,85.92551411602798,5
2020-10-13,87.39731082916259,88.77704951863515,5
2020-10-14,86.29662532806397,87.78204552871526,5
2020-10-15,85.84918689727783,86.52443899386529,5
2020-10-16,84.74514751434326,86.44137656783549,5
2020-10-19,83.0566349029541,85.45878629177355,5
2020-10-20,83.58581504821777,83.84068781600848,5
2020-10-21,82.75991172790528,84.83220506828766,5
2020-10-22,82.56655426025391,83.38615478194876,5
2020-10-23,83.06988162994385,82.67665662556755,5
2020-10-26,82.50724964141845,83.31441377536555,5
2020-10-27,83.8020622253418,84.46316257520297,5
2020-10-28,80.44463138580322,83.39446665089191,5
2020-10-29,82.66540832519532,81.33926918626653,5
2020-10-30,79.53035736083984,82.2224790787794,5
2020-11-02,79.42285022735595,78.9451757580537,5
2020-11-03,80.57475070953369,79.49049623947221,5
2020-11-04,84.70521106719971,81.94385556180492,5
2020-11-05,86.85452480316162,87.01213057838342,5
2020-11-06,86.80541763305663,86.13329800309936,5
2020-11-09,83.61129779815674,85.31512682064587,5
2020-11-10,82.25554885864258,84.57689749011902,5
2020-11-11,84.42418670654297,83.35362979777116,5
2020-11-12,83.99820671081542,85.84719143325668,5
2020-11-13,84.3520544052124,84.53517407546244,5
2020-11-16,84.58833236694336,84.83089569334257,5
2020-11-17,84.35848426818848,85.11455596155125,5
2020-11-18,83.58540534973145,84.89982031781045,5
2020-11-19,84.04912338256835,82.81761583846058,5
2020-11-20,83.40645771026611,84.40306850493474,5
2020-11-23,82.42412586212158,84.15229562062804,5
2020-11-24,83.30303401947022,82.62659292290726,5
2020-11-25,84.26293277740479,84.11753609982799,5
2020-11-27,84.82239894866943,84.22679264489186,5
2020-11-30,84.72031574249267,84.59400996797311,5
2020-12-01,86.59869422912598,85.9432177102054,5
2020-12-02,86.80555858612061,86.73199995706177,5
2020-12-03,86.45270347595215,87.40230190700177,5
2020-12-04,86.13743515014649,87.49362631817864,5
2020-12-07,86.657639503479,86.6377332174798,5
2020-12-08,86.8501012802124,86.65603789241831,5
2020-12-09,84.80870113372802,86.49090398080747,5
2020-12-10,85.13596363067627,83.70258173059936,5
2020-12-11,85.23867549896241,84.112762184569,5
2020-12-14,85.74965572357178,87.33786203608315,5
2020-12-15,87.0494234085083,86.64865823415148,5
2020-12-16,87.8244764328003,86.93388283999639,5
2020-12-17,87.9799674987793,87.25879830775902,5
2020-12-18,87.08947429656982,87.41638927225367,5
2020-12-21,87.42362270355224,87.13184673261892,5
2020-12-22,87.93614063262939,88.19601047233343,5
2020-12-23,87.32239456176758,88.20170047051207,5
2020-12-24,87.44350757598878,87.23329396346088,5
2020-12-28,89.92588291168212,89.00757159918385,5
2020-12-29,90.02445335388184,90.85934529505982,5
2020-12-30,89.16421031951904,91.69811683165649,5
2020-12-31,89.10218715667725,88.43898983657473,5
2021-01-04,87.18239879608154,88.60136846762569,5
2021-01-05,87.95429363250733,86.72437251009235,5
2021-01-06,85.67734699249267,85.96162059292138,5
2021-01-07,87.5819616317749,85.87840653114472,5
2021-01-08,88.22130279541015,87.83108631520332,5
2021-01-11,86.381884765625,87.88239558066823,5
2021-01-12,86.08910045623779,87.09478602962417,5
2021-01-13,87.30341815948486,86.44328238610379,5
2021-01-14,86.18928108215331,86.33812109397478,5
2021-01-15,85.448406791687,86.79065875076282,5
2021-01-19,86.39786586761474,86.23652207504755,5
2021-01-20,91.35016803741455,88.957651188759,5
2021-01-21,92.73904495239258,90.8910945777295,5
2021-01-22,92.7914171218872,92.69101400920992,5
2021-01-25,93.3606912612915,92.98519783500515,5
2021-01-26,93.9648904800415,93.33735292031936,5
2021-01-27,91.08333625793458,93.1153731642583,5
2021-01-28,90.82185878753663,91.23948492175825,5
2021-01-29,89.10407829284668,89.92883264790512,5
2021-02-01,91.72634296417236,90.30327945930817,5
2021-02-02,92.76782321929932,93.06015922131884,5
2021-02-03,93.12204418182372,93.91171840901634,5
2021-02-04,94.18117275238038,93.34880492446959,5
2021-02-05,94.62099208831788,93.50317740806715,5
2021-02-08,94.4191047668457,96.02500014704124,5
2021-02-09,94.15962467193603,94.25537214039824,5
2021-02-10,94.16264038085937,94.56736429641936,5
2021-02-11,93.84954795837402,93.14472242921634,5
2021-02-12,94.05437679290772,94.05317760091465,5
2021-02-16,93.80780487060547,94.7148848253543,5
2021-02-17,93.60793495178223,92.35243874416723,5
2021-02-18,93.39631671905518,92.14535505561823,5
2021-02-19,92.34444522857666,94.46623352847999,5
2021-02-22,90.29862728118897,91.5905965898421,5
2021-02-23,90.6730728149414,90.20030075468448,5
2021-02-24,90.68133163452148,92.30527295308421,5
2021-02-25,87.80616188049316,90.0439038264812,5
2021-02-26,88.19491882324219,88.38811198570372,5
2021-03-01,90.70025291442872,89.20998348193272,5
2021-03-02,89.46565418243408,91.8502215153468,5
2021-03-03,86.82642211914063,89.95706974387096,5
2021-03-04,86.1237735748291,86.02725674138722,5
2021-03-05,87.31261596679687,85.11565416731403,5
2021-03-08,84.37365322113037,86.99877368975139,5
2021-03-09,87.13275337219238,88.00554436919043,5
2021-03-10,86.83952922821045,87.06571875458397,5
2021-03-11,88.85090274810791,88.14807602160532,5
2021-03-12,87.77732067108154,88.2747478646572,5
2021-03-15,88.43147411346436,86.58752706784908,5
2021-03-16,89.19389209747314,89.82075470630414,5
2021-03-17,89.47898807525635,87.80516079944074,5
2021-03-18,86.5193084716797,88.4884305880635,5
2021-03-19,87.12550735473633,86.6190260196909,5
2021-03-22,88.38652572631835,87.09267882002914,5
2021-03-23,88.84647998809814,88.09607562488465,5
2021-03-24,87.416672706604,88.08637011113117,5
2021-03-25,86.71839599609375,87.5093157313314,5
2021-03-26,86.97375793457032,87.94975483065447,5
2021-03-29,87.58756885528564,86.56793525876942,5
2021-03-30,87.06292724609375,88.12529772077612,5
2021-03-31,88.27836894989014,87.7739350900226,5
2021-04-01,90.24512615203858,89.43400971366216,5
2021-04-05,92.39611892700195,89.28157480876658,5
2021-04-06,92.47146339416504,93.39633447501903,5
2021-04-07,93.7081470489502,92.73942870560485,5
2021-04-08,94.72808513641357,94.97319822834683,5
2021-04-09,96.20407199859619,94.1923954689294,5
2021-04-12,95.73635444641113,96.0967216279504,5
2021-04-13,96.79913482666015,96.8377166073433,5
2021-04-14,95.18490848541259,97.2534127242548,5
2021-04-15,96.89580497741699,95.39091029891316,5
2021-04-16,96.9457052230835,98.26075708801602,5
2021-04-19,96.89784717559814,96.43246875301979,5
2021-04-20,95.96601371765136,96.77287054202219,5
2021-04-21,95.5360824584961,95.19240067333499,5
2021-04-22,94.34755764007568,95.81972989996109,5
2021-04-23,95.6161895751953,94.50720498449587,5
2021-04-26,96.6258975982666,96.78871185843948,5
2021-04-27,96.33749351501464,97.49911435661213,5
2021-04-28,97.31023368835449,97.57122443721993,5
2021-04-29,97.97315902709961,98.24791710741265,5
2021-04-30,97.37220573425293,98.25937692793816,5
2021-05-03,96.5031946182251,98.11416620420998,5
2021-05-04,94.22430973052978,96.34441140446151,5
2021-05-05,93.7636589050293,96.25299112093221,5
2021-05-06,94.7669059753418,93.37512186773625,5
2021-05-07,95.06891975402831,94.7520602995751,5
2021-05-10,92.3863971710205,94.40217854551283,5
2021-05-11,92.38745994567871,88.8686032930348,5
2021-05-12,90.05473499298095,91.18099399705822,5
2021-05-13,90.82032890319825,91.50584541760142,5
2021-05-14,92.7038236618042,90.20229757885096,5
2021-05-17,92.89684734344482,93.51359697773373,5
2021-05-18,91.97800197601319,93.66114956706362,5
2021-05-19,92.0327054977417,91.16256395835458,5
2021-05-20,93.55953712463379,92.23186590234397,5
2021-05-21,92.63845310211181,93.2058500239848,5
2021-05-24,94.21655464172363,92.23321269756056,5
2021-05-25,94.31789169311523,94.67120154838605,5
2021-05-26,94.64236946105957,95.2410862485565,5
2021-05-27,93.66653442382812,94.33357571049845,5
2021-05-28,93.68502273559571,94.89469555659026,5
2021-06-01,93.68671875,93.47839346045308,5
2021-06-02,94.0131175994873,93.44938327472046,5
2021-06-03,92.92407531738282,93.88067020573435,5
2021-06-04,94.2684398651123,93.42382857427286,5
2021-06-07,94.33676376342774,94.41334071284645,5
2021-06-08,95.24972915649414,94.59090883611277,5
2021-06-09,95.43030738830566,96.2964869044317,5
2021-06-10,96.25830192565918,94.80063737835466,5
2021-06-11,96.50541915893555,96.42999874496029,5
2021-06-14,97.87632675170899,96.04876816252286,5
2021-06-15,97.43642120361328,97.7254609398451,5
2021-06-16,97.80481910705566,97.51622787494924,5
2021-06-17,99.28521690368652,97.80119213053997,5
2021-06-18,98.8884780883789,98.56725608782547,5
2021-06-21,98.97576026916504,98.44165220807795,5
2021-06-22,100.25364990234375,98.70654438265407,5
2021-06-23,100.18869476318359,100.4902252971884,5
2021-06-24,99.88332176208496,101.33447349847133,5
2021-06-25,99.43725357055663,99.83805888810159,5
2021-06-28,100.4614044189453,99.36902730813738,5
2021-06-29,100.66484260559082,100.91325960600349,5
2021-06-30,100.45794334411622,100.81951335777252,5
2021-07-01,100.80331001281738,99.95462421881724,5
2021-07-02,102.63666877746581,101.40389105432291,5
2021-07-06,105.08929786682128,102.31813432004792,5
2021-07-07,105.67639465332032,105.90873066257682,5
2021-07-08,105.38975410461425,102.59095958088486,5
2021-07-09,105.84585037231446,104.17164616304778,5
2021-07-12,106.03390235900879,106.96548686669117,5
2021-07-13,105.94443092346191,105.96902479071647,5
2021-07-14,106.95085296630859,107.49046715327498,5
2021-07-15,105.87944221496582,106.76965586902227,5
2021-07-16,104.59806976318359,106.45876334379356,5
2021-07-19,103.23950424194337,104.06355571321717,5
2021-07-20,104.504195022583,104.13695946484742,5
2021-07-21,104.58583869934083,104.06589962046431,5
2021-07-22,105.53055381774902,103.921388025781,5
2021-07-23,107.0141716003418,105.4658254887471,5
2021-07-26,107.86097717285156,107.41592838702113,5
2021-07-27,106.16126022338867,108.38477346377917,5
2021-07-28,105.83628311157227,107.08984673866935,5
2021-07-29,105.6230281829834,104.86940822364065,5
2021-07-30,102.71506767272949,101.93073752196949,5
2021-08-02,102.84161796569825,103.12188178906425,5
2021-08-03,103.53152618408203,102.31485870321094,5
2021-08-04,103.50872535705567,103.51565464736402,5
2021-08-05,104.14659271240234,103.28075545666893,5
2021-08-06,103.57774696350097,103.71879912447628,5
2021-08-09,103.70293273925782,103.68212878353904,5
2021-08-10,103.26001930236816,103.75415767670165,5
2021-08-11,102.82836418151855,103.90195855874917,5
2021-08-12,103.67948379516602,102.91022402437866,5
2021-08-13,103.7888256072998,104.09847776752595,5
2021-08-16,104.32667922973633,103.35228745357003,5
2021-08-17,103.17664260864258,103.80432658755926,5
2021-08-18,101.85326347351074,103.05971153860271,5
2021-08-19,102.4408115386963,101.04542434423306,5
2021-08-20,103.42162055969239,103.08799081876634,5
2021-08-23,105.26144599914551,105.51347553148318,5
2021-08-24,105.86906013488769,106.62552648441404,5
2021-08-25,105.63364944458007,106.16537687904709,5
2021-08-26,105.49993515014648,106.0582691793896,5
2021-08-27,106.81316566467285,106.12201121809537,5
2021-08-30,108.75194778442383,107.52696952147376,5
2021-08-31,108.99160728454589,108.81918310431433,5
2021-09-01,109.55040092468262,110.24603029784888,5
2021-09-02,109.41307411193847,110.01215619498416,5
2021-09-03,109.92802124023437,108.93065784835338,5
2021-09-07,111.14158134460449,109.60415248882691,5
2021-09-08,110.79196205139161,110.67544971914147,5
2021-09-09,109.9791374206543,111.12287910561433,5
2021-09-10,108.32489280700683,110.54884387790374,5
2021-09-13,108.3705337524414,107.94198879550204,5
2021-09-14,107.79554290771485,108.35196210103977,5
2021-09-15,108.70950050354004,108.85258180568891,5
2021-09-16,108.67511901855468,108.85196929188434,5
2021-09-17,107.297652053833,108.19415506230844,5
2021-09-20,104.70112419128418,106.39730978728555,5
2021-09-21,104.78114166259766,105.54989693692906,5
2021-09-22,106.36214752197266,104.08376209549245,5
2021-09-23,107.2487964630127,106.7187605823356,5
2021-09-24,107.42400131225585,105.9880155465116,5
2021-09-27,106.62123031616211,106.5041304676682,5
2021-09-28,103.6270851135254,105.0720914880869,5
2021-09-29,103.59658813476562,103.97526821251526,5
2021-09-30,103.19287567138672,104.54621706305488,5
2021-10-01,104.09418525695801,103.38683724914745,5
2021-10-04,101.54290390014648,103.35980572446454,5
2021-10-05,103.48979606628419,102.33378540867245,5
2021-10-06,104.44213562011718,102.22389827534782,5
2021-10-07,105.39060401916504,104.40481544821543,5
2021-10-08,105.31645812988282,106.27967817760282,5
2021-10-11,104.49675903320312,104.23406020212028,5
2021-10-12,103.78378486633301,104.33683213128293,5
2021-10-13,104.42123222351074,104.74139034130799,5
2021-10-14,106.07046623229981,105.07846922501126,5
2021-10-15,107.3377914428711,106.3518255415286,5
2021-10-18,108.56862869262696,106.429765865635,5
2021-10-19,109.17866935729981,109.4122888935349,5
2021-10-20,108.39206581115722,109.36563139713027,5
2021-10-21,109.38470687866212,108.77468485245178,5
2021-10-22,107.65187377929688,108.74479747989683,5
2021-10-25,107.74496345520019,106.87058970275982,5
2021-10-26,108.85911102294922,108.42293002516017,5
2021-10-27,110.10502433776855,108.96476727925821,5
2021-10-28,111.63264312744141,110.30625722450654,5
2021-10-29,111.22514724731445,108.8159977731796,5
2021-11-01,109.49625854492187,110.92097341203173,5
2021-11-02,110.10874633789062,109.68562030288288,5
2021-11-03,111.5423370361328,111.10496852162237,5
2021-11-04,112.98468818664551,111.29888487680334,5
2021-11-05,113.15727310180664,112.89099858723921,5
2021-11-08,113.03928146362304,113.87180933076627,5
2021-11-09,114.025142288208,114.17140234361268,5
2021-11-10,111.57877235412597,112.13669281511893,5
2021-11-11,111.89666328430175,112.88742268965132,5
2021-11-12,113.91199073791503,111.98213949487108,5
2021-11-15,113.92986297607422,112.7717335784137,5
2021-11-16,114.21049613952637,114.68355759875256,5
2021-11-17,114.67517433166503,115.06846479855403,5
2021-11-18,117.61557083129883,116.03869215243216,5
2021-11-19,117.9911018371582,118.551953645821,5
2021-11-22,115.87639579772949,120.55743155300391,5
2021-11-23,115.81891593933105,116.30520765144271,5
2021-11-24,116.18792343139648,116.29087877350753,5
2021-11-26,113.56583290100097,116.72293969328375,5
2021-11-29,115.7987892150879,115.40252555097064,5
2021-11-30,114.93843460083008,115.10226585663482,5
2021-12-01,113.30693016052246,114.93758301307915,5
2021-12-02,113.58544006347657,113.72752677600002,5
2021-12-03,111.91330909729004,113.08138972091118,5
2021-12-06,113.30217552185059,113.71806029415954,5
2021-12-07,116.98052139282227,115.31233631301833,5
2021-12-08,117.80681495666504,116.2076954845791,5
2021-12-09,116.57812042236328,117.14885918837612,5
2021-12-10,117.20933990478515,117.77990657154005,5
2021-12-13,115.01714401245117,115.89317073707302,5
2021-12-14,114.20663604736328,113.47865965835649,5
2021-12-15,117.06142349243164,114.29487035621091,5
2021-12-16,113.60335502624511,118.2995107754906,5
2021-12-17,113.00713272094727,113.5057133727898,5
2021-12-20,112.19219856262207,109.24961462502142,5
2021-12-21,114.34708976745605,114.04185272799391,5
2021-12-22,115.78055953979492,115.35755202582568,5
2021-12-23,115.99508285522461,116.52446149737605,5
2021-12-27,116.92983131408691,117.24139028101926,5
2021-12-28,116.43238143920898,118.51046091545479,5
2021-12-29,116.10176010131836,116.48609503472196,5
2021-12-30,115.60874786376954,117.3134590037142,5
2021-12-31,114.61016807556152,116.10911797905776,5
2022-01-03,116.33345985412598,115.55506116675399,5
2022-01-04,114.88524894714355,117.42333626096217,5
2022-01-05,111.16978378295899,112.97626489163888,5
2022-01-06,110.18826065063476,109.7545381993787,5
2022-01-07,109.54299240112304,110.09213837228626,5
2022-01-10,109.65054817199707,109.98746322387115,5
2022-01-11,111.37927513122558,108.71344218797076,5
2022-01-12,111.72310638427734,111.69199938366043,5
2022-01-13,109.12903060913087,111.45129148712992,5
2022-01-14,109.81857643127441,107.25167881553496,5
2022-01-18,107.33807411193848,108.28807788591243,5
2022-01-19,105.92496757507324,108.76556915919475,5
2022-01-20,103.90255203247071,106.10667681752436,5
2022-01-21,98.64119606018066,102.57223958505452,5
2022-01-24,98.71513404846192,96.15685011018152,5
2022-01-25,96.10006256103516,96.58538930611515,5
2022-01-26,96.31090965270997,98.6558527113301,5
2022-01-27,96.72342414855957,97.25997606115203,5
2022-01-28,100.71967163085938,98.96914332335372,5
2022-01-31,104.3691577911377,104.55073903781017,5
2022-02-01,105.72195892333984,102.3583496095593,5
2022-02-02,107.42601661682129,108.64902814242248,5
2022-02-03,102.69557647705078,105.31397295654776,5
2022-02-04,106.63543663024902,105.4656316010593,5
2022-02-07,105.66404190063477,107.33180400524859,5
2022-02-08,107.13856201171875,107.36311609508098,5
2022-02-09,108.32677612304687,108.28183912220118,5
2022-02-10,106.20304527282715,107.01469165293547,5
2022-02-11,102.82120933532715,104.5535238885549,5
2022-02-14,103.64327430725098,104.54886927941,5
2022-02-15,105.56177406311035,105.9036868647366,5
2022-02-16,105.85883026123047,104.8654109188233,5
2022-02-17,102.79753494262695,106.41842629223265,5
2022-02-18,101.6334716796875,104.68718491346019,5
2022-02-22,100.03030776977539,99.7304845518917,5
2022-02-23,97.36643409729004,101.72110822346433,5
2022-02-24,100.92578811645508,94.81457337771786,5
2022-02-25,102.2873031616211,99.7385824446242,5
2022-02-28,102.48847923278808,99.25282878126617,5
2022-03-01,101.13883934020996,102.84986598500045,5
2022-03-02,102.11853981018066,102.71348091948923,5
2022-03-03,100.79522705078125,103.28054300026193,5
2022-03-04,99.03012123107911,99.65145478771446,5
2022-03-07,94.96938934326172,98.63254164582432,5
2022-03-08,94.3414291381836,93.62817791114283,5
2022-03-09,98.0169776916504,97.14535040852547,5
2022-03-10,98.3121711730957,99.96407025461276,5
2022-03-11,96.43479194641114,100.22681434452456,5
2022-03-14,93.81690368652343,96.63510839623156,5
2022-03-15,96.95480613708496,92.91954526701724,5
2022-03-16,100.36028213500977,98.73329565841335,5
2022-03-17,101.90028381347656,99.76315238472432,5
2022-03-18,104.31629600524903,102.04533910940818,5
2022-03-21,104.51017532348632,103.25184378513293,5
2022-03-22,106.73997001647949,104.53073933754986,5
2022-03-23,106.01812286376953,105.91494109149001,5
2022-03-24,107.90399856567383,107.56008007992511,5
2022-03-25,108.16892127990722,107.36300927909701,5
2022-03-28,109.46765022277832,106.33957112435908,5
2022-03-29,110.80068283081054,110.09382829767279,5
2022-03-30,109.44552879333496,109.32311183956142,5
2022-03-31,107.35516471862793,110.06416647966793,5
2022-04-01,107.48025169372559,106.88771714895256,5
2022-04-04,110.31819915771484,107.27058196041244,5
2022-04-05,107.77574729919434,110.62873777268723,5
2022-04-06,104.77412719726563,107.10813491141793,5
2022-04-07,104.33591041564941,104.71269986765226,5
2022-04-08,102.44127769470215,103.35938962980985,5
2022-04-11,99.69246139526368,100.67639851440504,5
2022-04-12,99.55708656311035,100.80744220865087,5
2022-04-13,101.68846015930175,100.70325227576699,5
2022-04-14,98.94664611816407,100.39860227574401,5
2022-04-18,99.29888038635254,100.3344033183312,5
2022-04-19,101.62767791748047,98.68685060469133,5
2022-04-20,97.7269401550293,99.46483844642773,5
2022-04-21,95.35427055358886,97.6298945861612,5
2022-04-22,92.41750297546386,94.20272442226899,5
2022-04-25,93.66085700988769,93.7147621219929,5
2022-04-26,89.94085807800293,92.6803945033165,5
2022-04-27,88.49080429077148,88.35976953359483,5
2022-04-28,92.52179222106933,88.42371794914632,5
2022-04-29,85.97698593139648,87.92802875056589,5
2022-05-02,86.89391555786133,84.7975076104943,5
2022-05-03,87.35657958984375,86.92471514131756,5
2022-05-04,90.08037796020508,86.18686406306513,5
2022-05-05,84.60103263854981,87.95473495003087,5
2022-05-06,84.02313041687012,83.399512483824,5
2022-05-09,80.79212036132813,80.96484614578428,5
2022-05-10,81.80315933227538,83.69592067320606,5
2022-05-11,78.99488563537598,82.1171457789493,5
2022-05-12,78.44433097839355,79.56014430813455,5
2022-05-13,81.79705505371093,78.43348308316129,5
2022-05-16,80.58849296569824,81.53270403817075,5
2022-05-17,82.8661735534668,80.67896731521705,5
2022-05-18,78.1990535736084,81.56953012262883,5
2022-05-19,77.39548873901367,78.14704945697008,5
2022-05-20,77.18474349975585,79.2558460034526,5
2022-05-23,78.78804588317871,79.8746971759409,5
2022-05-24,76.13024673461913,75.61077063537763,5
2022-05-25,76.9929759979248,76.09705822605298,5
2022-05-26,79.22485733032227,76.15758184724652,5
2022-05-27,82.34597969055176,80.65056944084102,5
2022-05-31,83.46482429504394,82.14546993456734,5
2022-06-01,83.5928768157959,83.24173523045464,5
2022-06-02,86.06029357910157,81.99017301489715,5
2022-06-03,83.3595184326172,84.64747315532526,5
2022-06-06,84.4574649810791,84.62686821103992,5
2022-06-07,84.7036148071289,83.25282603575302,5
2022-06-08,84.22413597106933,83.6979679236089,5
2022-06-09,81.39545783996581,84.0421797905984,5
2022-06-10,77.91371307373046,80.48585664268295,5
2022-06-13,74.25793704986572,73.27312918344468,5
2022-06-14,74.21592807769775,76.24452357953666,5
2022-06-15,76.8334903717041,76.41602220734582,5
2022-06-16,73.91578540802001,75.35096865005058,5
2022-06-17,75.06406803131104,74.64010362046527,5
2022-06-21,77.26730651855469,77.0798776224574,5
2022-06-22,77.34172821044922,74.66276270185026,5
2022-06-23,78.77009162902831,78.21048149748098,5
2022-06-24,81.76039848327636,79.09708405699878,5
2022-06-27,80.64743347167969,85.11106843722823,5
2022-06-28,77.48643989562989,80.50152176255172,5
2022-06-29,77.96613082885742,75.82927723537492,5
2022-06-30,76.21485385894775,77.38742846330295,5
2022-07-01,77.23478298187256,77.27878643669067,5
2022-07-05,79.69672622680665,77.6653556313276,5
2022-07-06,80.38866443634033,78.84613391857657,5
2022-07-07,82.52080059051514,79.05511953992742,5
2022-07-08,82.61906452178955,79.76703006108798,5
2022-07-11,80.38398303985596,82.39860715269229,5
2022-07-12,79.66870708465576,80.06135112403291,5
2022-07-13,79.36327800750732,78.38858896059534,5
2022-07-14,79.85092906951904,79.85292809551719,5
2022-07-15,81.39524478912354,79.77508777550293,5
2022-07-18,80.36774864196778,81.5807026100366,5
2022-07-19,83.3526782989502,79.03534788521627,5
2022-07-20,85.13890991210937,85.23094460984942,5
2022-07-21,86.22805366516113,87.89378315639283,5
2022-07-22,84.00116157531738,84.9588601580203,5
2022-07-25,83.39467658996583,85.70599070671999,5
2022-07-26,81.1254981994629,81.75947341512925,5
2022-07-27,85.49838294982911,82.85093369933001,5
2022-07-28,86.09032554626465,84.71300972982571,5
2022-07-29,90.05459136962891,89.33266882396607,5
2022-08-01,89.79852333068848,87.7471275230221,5
2022-08-02,89.26303634643554,88.66097568548616,5
2022-08-03,92.28391571044922,90.42273918497668,5
2022-08-04,92.97688255310058,93.4427690729804,5
2022-08-05,92.34132499694825,92.30183115807563,5
2022-08-08,91.84896240234374,94.00380622697492,5
2022-08-09,91.20395622253417,91.79842531975973,5
2022-08-10,94.13252983093261,93.12470827175879,5
2022-08-11,93.35185356140137,95.23427666315611,5
2022-08-12,95.48768577575683,93.31969034609637,5
2022-08-15,95.73368949890137,93.75319995319785,5
2022-08-16,95.85008316040039,95.31072264635945,5
2022-08-17,94.97907371520996,94.65728058935576,5
2022-08-18,95.21534805297851,94.29749581626302,5
2022-08-19,93.07807807922363,93.6471276370434,5
2022-08-22,90.2419937133789,91.80175240267447,5
2022-08-23,90.1853744506836,90.57082365888498,5
2022-08-24,90.37573852539063,89.29690566697988,5
2022-08-25,92.38174972534179,91.21003482155746,5
2022-08-26,88.00663719177246,93.30627242498782,5
2022-08-29,87.11927871704101,86.37036178501177,5
2022-08-30,86.19273586273194,88.1008928328426,5
2022-08-31,85.30224151611328,87.36949589930356,5
2022-09-01,85.83361740112305,85.88086740532354,5
2022-09-02,84.84293308258057,86.34339581675819,5
2022-09-06,83.88339500427246,86.1063985834817,5
2022-09-07,85.69416160583496,83.42435308171709,5
2022-09-08,85.28256587982177,83.80469720521162,5
2022-09-09,87.2127784729004,85.28741614549817,5
2022-09-12,89.1381212234497,87.99706305846357,5
2022-09-13,83.38907279968262,86.7104081699998,5
2022-09-14,84.25358867645264,83.24594901130573,5
2022-09-15,83.01805591583252,84.05953264703467,5
2022-09-16,82.23562374114991,83.2501457980162,5
2022-09-19,83.3534309387207,82.81896538163565,5
2022-09-20,82.87724666595459,82.80724480575527,5
2022-09-21,81.06021289825439,83.49411493747654,5
2022-09-22,80.59686107635498,81.94448359554364,5
2022-09-23,78.93855819702148,79.37629053680573,5
2022-09-26,79.10368671417237,77.498257467312,5
2022-09-27,79.04993705749511,79.31409929732453,5
2022-09-28,80.3995698928833,78.50713863591622,5
2022-09-29,77.57600402832031,77.3721579369491,5
2022-09-30,75.89049034118652,75.8916907353971,5
2022-10-03,78.07071285247802,76.25010585327897,5
2022-10-04,80.60955429077148,80.37478708425567,5
2022-10-05,80.5309419631958,78.48045088173512,5
2022-10-06,80.26466331481933,79.8111341917448,5
2022-10-07,77.0244592666626,78.52057475172066,5
2022-10-10,76.76441078186035,77.31666854238439,5
2022-10-11,75.7286111831665,77.01284223215093,5
2022-10-12,75.90503787994385,76.10818072342464,5
2022-10-13,77.34714279174804,73.39434104018581,5
2022-10-14,74.61912288665772,79.12424027051587,5
2022-10-17,77.93479328155517,73.38028428453259,5
2022-10-18,78.76347045898437,80.40846149864859,5
2022-10-19,78.95627403259277,77.37172515364686,5
2022-10-20,78.89175319671631,77.3367949350859,5
2022-10-21,81.1375675201416,78.0693367365063,5
2022-10-24,81.84454536437988,82.00849858586358,5
2022-10-25,83.25926647186279,81.5887790741573,5
2022-10-26,79.76088657379151,80.37769848009495,5
2022-10-27,77.51074047088623,80.93362126359436,5
2022-10-28,79.04222774505615,76.15252472940794,5
2022-10-31,77.85298538208008,77.7226711055075,5
2022-11-01,75.27768402099609,79.6769655288038,5
2022-11-02,72.2220287322998,75.99593440872535,5
2022-11-03,69.7038091659546,72.3537214299541,5
2022-11-04,70.60397033691406,72.17126333685914,5
2022-11-07,70.99154720306396,69.71430122686182,5
2022-11-08,71.20427207946777,70.79289674277278,5
2022-11-09,68.88655166625976,70.1292578593831,5
2022-11-10,75.4837833404541,73.64903671958277,5
2022-11-11,77.79737014770508,76.9254182477088,5
2022-11-14,77.09607620239258,75.9487507619656,5
2022-11-15,78.35747718811035,79.25865889712763,5
2022-11-16,77.56692676544189,78.62557226458627,5
2022-11-17,77.13379173278808,75.95433316858228,5
2022-11-18,76.76564140319825,78.00154314494115,5
2022-11-21,75.31788444519043,75.83084454952375,5
2022-11-22,76.36610908508301,74.24157148492418,5
2022-11-23,77.21434898376465,75.50658812228569,5
2022-11-25,76.07815017700196,76.75216546919167,5
2022-11-28,74.97853908538818,75.11852091144401,5
2022-11-29,73.87104682922363,76.17864379537198,5
2022-11-30,77.98214530944824,73.2370409459187,5
2022-12-01,78.06618118286133,78.24991359858483,5
2022-12-02,77.62229385375977,75.34935981290673,5
2022-12-05,76.36676063537598,75.18918709673113,5
2022-12-06,74.31168880462647,77.95210864311909,5
2022-12-07,73.62238578796386,73.10165444987724,5
2022-12-08,74.34477043151855,73.76251138189629,5
2022-12-09,73.9836196899414,73.65233899414118,5
2022-12-12,74.84049377441406,74.67185398231375,5
2022-12-13,76.08512229919434,77.8438215275188,5
2022-12-14,75.22243156433106,74.10166741087679,5
2022-12-15,71.77119674682618,73.98961979090048,5
2022-12-16,71.12478256225586,70.47992473987627,5
2022-12-19,69.66604385375976,70.15439775391133,5
2022-12-20,69.76546592712403,69.85389915300992,5
2022-12-21,71.10166969299317,69.77522438977158,5
2022-12-22,69.24260673522949,69.77140014616634,5
2022-12-23,69.68666667938233,69.35699261884882,5
2022-12-27,68.08028602600098,67.7654141097934,5
2022-12-28,66.59827270507813,68.8567868393887,5
2022-12-29,68.6630277633667,67.9146110322336,5
2022-12-30,68.72371635437011,66.96364367904086,5
2023-01-03,68.26667404174805,70.030203581034,5
2023-01-04,68.56381797790527,69.83742295854645,5
2023-01-05,67.4213659286499,68.89263585223264,5
2023-01-06,69.4281660079956,66.7228429130482,5
2023-01-09,70.06095752716064,70.07249907281638,5
2023-01-10,71.06757946014405,69.8554968370691,5
2023-01-11,73.26499462127686,71.07912330396165,5
2023-01-12,73.3751091003418,74.41561447906398,5
2023-01-13,74.5179214477539,72.38927788929746,5
2023-01-17,74.23724174499512,73.91687505632538,5
2023-01-18,73.8378475189209,75.45499538524976,5
2023-01-19,73.58251724243163,74.66697682226075,5
2023-01-20,76.62004432678222,73.74102184359774,5
2023-01-23,78.26165390014648,76.70365726809436,5
2023-01-24,78.04700050354003,77.69724112178214,5
2023-01-25,77.69017601013184,77.30070387912,5
2023-01-26,79.02604293823242,77.9820808925838,5
2023-01-27,80.35456886291504,78.10711322300973,5
2023-01-30,78.50075798034668,80.99573391169953,5
2023-01-31,79.74046821594239,77.38874035685656,5
2023-02-01,81.12072410583497,79.98044519508697,5
2023-02-02,85.44283943176269,84.00643485499276,5
2023-02-03,83.41132431030273,82.62344345165215,5
2023-02-06,82.18773040771484,81.58479791928934,5
2023-02-07,83.89863014221191,81.94987329839111,5
2023-02-08,81.44128150939942,82.33914109628145,5
2023-02-09,79.91322059631348,80.42566924375619,5
2023-02-10,79.22443542480468,80.93148082414794,5
2023-02-13,80.52563438415527,79.63489992562576,5
2023-02-14,80.68368225097656,79.77357292373381,5
2023-02-15,81.8087158203125,80.76160744533367,5
2023-02-16,80.26012268066407,81.94217215978493,5
2023-02-17,79.42855262756348,79.94294416413342,5
2023-02-21,77.24489135742188,78.64981684180091,5
2023-02-22,77.48933868408203,77.24036631531348,5
2023-02-23,77.80324821472168,77.63525016562974,5
2023-02-24,76.26366958618163,75.8021539255818,5
2023-02-27,76.86288490295411,76.69792933171229,5
2023-02-28,76.82127494812012,76.47342582473227,5
2023-03-01,75.76124000549316,75.43456147667774,5
2023-03-02,76.31886749267578,74.46779778167401,5
2023-03-03,78.40018157958984,76.68379919147817,5
2023-03-06,78.90022811889648,78.77429910937576,5
2023-03-07,78.01852836608887,78.38032090118239,5
2023-03-08,78.6821907043457,78.95947569274469,5
2023-03-09,77.07634048461914,79.32545909336677,5
2023-03-10,75.83973388671875,76.3242023420343,5
2023-03-13,76.71139793395996,74.50726146202194,5
2023-03-14,78.37929039001465,77.98586835767216,5
2023-03-15,79.38762435913085,76.09693557613171,5
2023-03-16,82.00143280029297,78.43566981454413,5
2023-03-17,81.79707107543945,82.6160946215968,5
2023-03-20,81.98389701843261,81.2629546744469,5
2023-03-21,83.78140335083008,82.16576978100005,5
2023-03-22,82.60898475646972,84.86411205610646,5
2023-03-23,83.9053279876709,83.96577007338577,5
2023-03-24,84.08764953613282,84.9682982431545,5
2023-03-27,83.02350234985352,83.9218258611192,5
2023-03-28,82.29575805664062,82.46183815440011,5
2023-03-29,83.90349960327148,83.97707222421145,5
2023-03-30,84.65912590026855,84.59567290775334,5
2023-03-31,86.16759300231934,85.40805088006468,5
2023-04-03,86.51533470153808,84.8845640361943,5
2023-04-04,86.62588691711426,87.61550638649177,5
2023-04-05,85.45202674865723,85.89821607113889,5
2023-04-06,86.57446174621582,84.81791425438203,5
2023-04-10,85.79394035339355,86.25424867183547,5
2023-04-11,84.8400146484375,86.77880237845137,5
2023-04-12,83.82782211303712,83.93710340911079,5
2023-04-13,86.70154762268066,84.05569727727001,5
2023-04-14,86.81396522521973,86.39129278910869,5
2023-04-17,86.19210319519043,85.54789990574474,5
2023-04-18,86.24290466308594,87.1470942323967,5
2023-04-19,86.69245529174805,85.40401987306868,5
2023-04-20,86.4554817199707,86.09295745006862,5
2023-04-21,86.82229766845703,87.51374967308577,5
2023-04-24,86.9110897064209,87.67648760242476,5
2023-04-25,85.1569034576416,86.60101939791596,5
2023-04-26,85.71993560791016,85.08503006466451,5
2023-04-27,88.52755775451661,87.7463922346208,5
2023-04-28,88.05975227355957,87.99475343954984,5
2023-05-01,87.37651901245117,88.09981849043297,5
2023-05-02,86.87201843261718,87.41475700746571,5
2023-05-03,86.64282569885253,86.36151048144296,5
2023-05-04,86.18755264282227,86.30040730606139,5
2023-05-05,88.5124641418457,88.30880129756812,5
2023-05-08,89.19688720703125,88.15637241145937,5
2023-05-09,88.85784645080567,88.13701893371531,5
2023-05-10,90.9122215270996,90.35960858333377,5
2023-05-11,92.38846549987792,92.1270412511065,5
2023-05-12,91.87641334533691,91.51195208730724,5
2023-05-15,91.81802635192871,91.99838034566592,5
2023-05-16,92.88724861145019,91.90424534827396,5
2023-05-17,94.02162437438965,93.33518258357896,5
2023-05-18,96.34685440063477,94.31698341491992,5
2023-05-19,95.73381118774414,97.11412736333936,5
2023-05-22,95.75115089416504,95.32035542341823,5
2023-05-23,94.47793312072754,95.68427609524318,5
2023-05-24,94.70547218322754,94.6019137910477,5
2023-05-25,96.48736877441407,97.43049580779198,5
2023-05-26,98.79458236694336,97.99691264120206,5
2023-05-30,99.83109817504882,101.8496523827778,5
2023-05-31,98.94416885375976,99.96844356682301,5
2023-06-01,100.68435287475586,98.14727401700944,5
2023-06-02,101.17860412597656,102.01679004910766,5
2023-06-05,101.42625503540039,100.9601573258248,5
2023-06-06,101.68075714111328,101.50292287109697,5
2023-06-07,99.12122116088867,101.65248922534906,5
2023-06-08,100.61224899291992,98.53907608602536,5
2023-06-09,100.82962493896484,101.69400493744465,5
2023-06-12,102.5296630859375,100.42745248840002,5
2023-06-13,103.01152648925782,102.63162100533559,5
2023-06-14,103.57657165527344,103.30084109071024,5
2023-06-15,104.41941833496094,103.81457328883675,5
2023-06-16,103.27944259643554,105.54260252061783,5
2023-06-20,103.59114074707031,104.2599672540567,5
2023-06-21,102.32378616333008,104.05279399359354,5
2023-06-22,104.4605712890625,102.93272600119285,5
2023-06-23,103.93302307128906,103.73284117509965,5
2023-06-26,102.0001449584961,103.9285582490318,5
2023-06-27,103.17522506713867,102.53922786413766,5
2023-06-28,103.89553756713867,102.2859288940883,5
2023-06-29,103.43166580200196,104.03507401062411,5
2023-06-30,105.51743392944336,105.09644379145045,5
2023-07-03,105.15179595947265,105.58218596636081,5
2023-07-05,105.44126358032227,104.61944661195052,5
2023-07-06,104.61112213134766,105.12836629664898,5
2023-07-07,104.58096542358399,103.3488954165535,5
2023-07-10,103.0029167175293,104.50148354732615,5
2023-07-11,103.40979537963867,104.59550276732145,5
2023-07-12,104.90087432861328,104.31655985519242,5
2023-07-13,107.32562637329102,106.97465293379908,5
2023-07-14,107.3327537536621,106.60195918550451,5
2023-07-17,107.99308242797852,108.93510754926203,5
2023-07-18,108.30287551879883,107.97433672313855,5
2023-07-19,108.79386672973632,108.56739998969508,5
2023-07-20,105.56755142211914,108.2011875572972,5
2023-07-21,105.05545654296876,105.35708713937188,5
2023-07-24,105.36400527954102,106.20637749017571,5
2023-07-25,105.98132781982422,105.846434926298,5
2023-07-26,107.17393951416015,107.18358841656136,5
2023-07-27,106.88273544311524,110.01359690270496,5
2023-07-28,109.23304901123046,108.88477294055572,5
2023-07-31,109.92864685058593,109.73630109271221,5
2023-08-01,109.07209091186523,109.48411359157788,5
2023-08-02,106.50995101928712,107.79340275074719,5
2023-08-03,106.47295150756835,105.70090133937927,5
2023-08-04,106.79526290893554,108.53805380248966,5
2023-08-07,107.71042556762696,107.50645887434939,5
2023-08-08,107.2223129272461,108.72466857504074,5
2023-08-09,105.54302520751953,106.61571102986741,5
2023-08-10,105.64201889038085,107.53726734667252,5
2023-08-11,105.1435333251953,105.04292728429013,5
2023-08-14,106.93483047485351,105.38206271203867,5
2023-08-15,105.60485000610352,106.47009820881803,5
2023-08-16,104.42575454711914,104.75208040015613,5
2023-08-17,103.69074172973633,104.49893089708152,5
2023-08-18,103.19145126342774,101.3757323312507,5
2023-08-21,104.71968307495118,102.65475148461462,5
2023-08-22,104.89685516357422,106.55477958388401,5
2023-08-23,107.1925033569336,104.80189680435619,5
2023-08-24,104.56537704467773,109.64668940761155,5
2023-08-25,105.2963638305664,104.51227748390859,5
2023-08-28,106.00576248168946,106.20473278120714,5
2023-08-29,108.49597854614258,106.46858498738943,5
2023-08-30,109.6992691040039,109.59620247555372,5
2023-08-31,110.41224899291993,110.2069127596041,5
2023-09-01,110.59417037963867,111.49088894525701,5
2023-09-05,110.63748779296876,110.93970113272705,5
2023-09-06,108.29566879272461,111.56502112097989,5
2023-09-07,107.68629684448243,106.0003755814882,5
2023-09-08,107.94241256713867,108.55341947026383,5
2023-09-11,109.22879791259766,108.69491877725139,5
2023-09-12,107.64521560668945,107.27202498081594,5
2023-09-13,107.91388244628907,107.79745010919096,5
2023-09-14,108.26916809082032,107.02964792968775,5
2023-09-15,106.71583862304688,107.80837664851586,5
2023-09-18,107.31106872558594,107.23124863835574,5
2023-09-19,106.97934951782227,107.04232588299521,5
2023-09-20,104.51112442016601,106.04207093479752,5
2023-09-21,102.08441619873047,102.08082019938044,5
2023-09-22,102.22189331054688,103.08550452348575,5
2023-09-25,103.31070480346679,102.633294591602,5
2023-09-26,100.72772674560547,103.16201589608454,5
2023-09-27,100.90202484130859,100.9210336379838,5
2023-09-28,101.38357315063476,100.6195845572449,5
2023-09-29,101.5672393798828,103.04435004841676,5
2023-10-02,103.5049446105957,102.01367370000938,5
2023-10-03,101.5959243774414,104.07906733531115,5
2023-10-04,102.99659805297851,101.79901645234813,5
2023-10-05,103.02273941040039,103.50481905997394,5
2023-10-06,104.86751861572266,101.52249287715861,5
2023-10-09,105.36725006103515,104.05872318209057,5
2023-10-10,105.28561248779297,105.50543755196627,5
2023-10-11,106.58258590698242,105.67141795636414,5
2023-10-12,106.51595993041992,107.24874993878798,5
2023-10-13,104.89548263549804,107.22996675364497,5
2023-10-16,106.02961120605468,104.11584627379696,5
2023-10-17,105.07025833129883,105.45022314217567,5
2023-10-18,103.2666114807129,103.66030462118336,5
2023-10-19,104.2788314819336,105.21292570912492,5
2023-10-20,102.52118453979492,104.06087771754744,5
2023-10-23,103.48729095458984,102.12336801788129,5
2023-10-24,104.68909912109375,103.82532177063763,5
2023-10-25,99.70288162231445,102.68644997837873,5
2023-10-26,97.42392196655274,98.81878148894619,5
2023-10-27,99.2337875366211,99.53478384028561,5
2023-10-30,101.4780059814453,99.88392531809623,5
2023-10-31,101.51570892333984,101.73185949162024,5
2023-11-01,103.85732650756836,101.65889937656442,5
2023-11-02,105.30799789428711,105.66948335891898,5
2023-11-03,106.0393280029297,105.0994227809119,5
2023-11-06,107.1869384765625,104.93254742896436,5
2023-11-07,108.51837539672852,107.28017344367451,5
2023-11-08,108.93826522827149,109.08100378735287,5
2023-11-09,108.28155746459962,109.05522272413737,5
2023-11-10,110.69719543457032,108.58116189528423,5
2023-11-13,110.10833282470703,110.82040623961772,5
2023-11-14,111.9140380859375,110.56153440949511,5
2023-11-15,111.8073616027832,114.14579180589594,5
2023-11-16,112.74728851318359,112.09785810912342,5
2023-11-17,112.80751571655273,112.39272201263607,5
2023-11-20,113.932421875,111.64698612965773,5
2023-11-21,113.38181915283204,114.71927677913466,5
2023-11-22,114.16944961547851,114.28772567248761,5
2023-11-24,113.39760131835938,114.23535591630836,5
2023-11-27,113.6115737915039,113.55955728792522,5
2023-11-28,113.61759338378906,113.47873594962603,5
2023-11-29,112.85972290039062,113.21916892735476,5
2023-11-30,112.09909210205078,113.0514896549685,5
2023-12-01,112.25752105712891,113.58339892080694,5
2023-12-04,110.44158477783203,110.94293994973255,5
2023-12-05,112.22329559326172,110.24804311767623,5
2023-12-06,110.96311950683594,113.47677308905392,5
2023-12-07,113.53487396240234,113.07665113994003,5
2023-12-08,113.78567428588867,111.67135496562136,5
2023-12-11,112.54252090454102,111.9822816792254,5
2023-12-12,113.22065963745118,112.08700556898017,5
2023-12-13,114.62586135864258,114.29043517405935,5
2023-12-14,114.06824645996093,116.11338448225013,5
2023-12-15,114.75075607299804,114.1694696533115,5
2023-12-18,116.42069473266602,114.90952038471474,5
2023-12-19,116.83603057861328,118.00705771057248,5
2023-12-20,115.98110961914062,117.77805384914222,5
2023-12-21,116.94174499511719,116.80741231338304,5
2023-12-22,116.69767684936524,117.76389207143359,5
2023-12-26,116.7850555419922,116.11145563643413,5
2023-12-27,116.55695571899415,117.49655899769007,5
2023-12-28,116.61358261108398,115.73600101942277,5
2023-12-29,115.97616348266601,116.88674526695452,5
2024-01-02,113.30341720581055,115.77360098626116,5
2024-01-03,112.81087799072266,113.06145095724905,5
2024-01-04,111.28270797729492,112.00637346248782,5
2024-01-05,111.3509017944336,112.71666936521486,5
2024-01-08,114.45994338989257,112.02880439388768,5
2024-01-09,115.35141830444336,114.60536797994443,5
2024-01-10,116.44294357299805,114.85453440191368,5
2024-01-11,116.96085815429687,117.67351793286473,5
2024-01-12,117.00323638916015,117.7792963388658,5
2024-01-16,116.34246292114258,116.06109106247705,5
2024-01-17,115.54509963989258,115.22806128687193,5
2024-01-18,117.80485305786132,117.36491937386783,5
2024-01-19,119.77096023559571,118.14245669767658,5
2024-01-22,120.15557403564453,120.40802842735766,5
2024-01-23,121.02397155761719,120.53270893685199,5
2024-01-24,122.74134368896485,123.19907340752907,5
2024-01-25,123.89746627807617,123.56163911430087,5
2024-01-26,123.9068115234375,124.62145511499276,5
2024-01-29,124.80019683837891,125.15254020080874,5
2024-01-30,123.06734008789063,124.0162473194047,5
2024-01-31,119.13546218872071,120.94780630560383,5
2024-02-01,120.98528823852538,121.38421258685719,5
2024-02-02,124.02426071166992,122.67981358070412,5
2024-02-05,124.94290924072266,125.83238351120872,5
2024-02-06,124.78109817504883,125.21050193820588,5
2024-02-07,125.7733871459961,125.64317975175791,5
2024-02-08,125.42016525268555,125.491882069944,5
2024-02-09,127.64219131469727,126.19904489610012,5
2024-02-12,126.54220657348633,128.02230130141436,5
2024-02-13,124.82663497924804,123.88088600165061,5
2024-02-14,126.12108459472657,127.48610465569045,5
2024-02-15,125.22835235595703,125.63591018522045,5
2024-02-16,124.23260269165038,126.72943853208093,5
2024-02-20,122.87791748046875,124.03753152165423,5
2024-02-21,123.22431335449218,123.19781968339643,5
2024-02-22,127.63277435302734,126.4569399713217,5
2024-02-23,127.30032272338867,127.75658964753953,5
2024-02-26,125.82023468017579,126.65245361350833,5
2024-02-27,126.3428741455078,125.51023085716022,5
2024-02-28,125.18745651245118,125.11558933380554,5
2024-02-29,126.65857238769532,126.68494514937197,5
2024-03-01,127.35879211425781,126.75887784378374,5
2024-03-04,126.08025512695312,127.80960412760233,5
2024-03-05,124.11912841796875,125.26271176021194,5
2024-03-06,124.0876350402832,124.90919163648987,5
2024-03-07,126.26569595336915,125.05536657921648,5
2024-03-08,125.42176895141601,126.11511670028942,5
2024-03-11,125.24044876098633,124.28521075104159,5
2024-03-12,127.58480834960938,126.09072931938825,5
2024-03-13,127.3939437866211,126.82703488560753,5
2024-03-14,128.39262313842772,127.50347357467527,5
2024-03-15,126.85754470825195,126.46038512943002,5
2024-03-18,128.7109245300293,131.02884650551746,5
2024-03-19,129.58616104125977,130.9101112454067,5
2024-03-20,131.23073196411133,128.4419576252616,5
2024-03-21,129.71287155151367,131.86501791005452,5
2024-03-22,131.31303482055665,130.93249160026124,5
2024-03-25,131.20664596557617,130.90926219907763,5
2024-03-26,130.3563102722168,131.6300418487694,5
2024-03-27,130.64650192260743,131.37376269473137,5
2024-03-28,130.3550033569336,131.58237223922686,5
2024-04-01,131.16717681884765,129.914983265221,5
2024-04-02,130.5670295715332,131.09195050034293,5
2024-04-03,131.39032363891602,129.61622130572863,5
2024-04-04,128.99688339233398,132.83993593684664,5
2024-04-05,131.35817031860353,129.9651068168749,5
2024-04-08,131.26437454223634,131.4453676955223,5
2024-04-09,131.4385971069336,133.16447200893157,5
2024-04-10,131.3696044921875,130.49132639910323,5
2024-04-11,134.9642303466797,132.67678905471394,5
2024-04-12,133.75781326293946,135.66653238825566,5
2024-04-15,131.17566452026367,134.73536453880115,5
2024-04-16,130.88514099121093,132.40439063740496,5
2024-04-17,129.62702560424805,132.29765662950072,5
2024-04-18,129.20438537597656,128.16677440377768,5
2024-04-19,124.73638229370117,128.4417464035865,5
2024-04-22,126.5180450439453,126.52544629172863,5
2024-04-23,128.6230499267578,126.42529635161581,5
2024-04-24,127.68541870117187,128.42494925508416,5
2024-04-25,127.43303146362305,125.05470539483194,5
2024-04-26,132.57220153808595,131.6247819579316,5
2024-04-29,132.49360580444335,134.91054744197945,5
2024-04-30,129.58102493286134,132.77484929024973,5
2024-05-01,129.71187057495118,128.58349559143852,5
2024-05-02,132.9894271850586,131.42137494639198,5
2024-05-03,136.31729125976562,136.26107074738522,5
2024-05-06,137.67295684814454,136.33437240812702,5
2024-05-07,138.30950012207032,136.65369281100118,5
2024-05-08,137.9052307128906,136.02960781185953,5
2024-05-09,138.37047424316407,137.94286982713882,5
2024-05-10,137.66070632934571,139.3332903199507,5
2024-05-13,138.45788497924804,139.57973040650103,5
2024-05-14,139.12224197387695,138.46735399287212,5
2024-05-15,140.3971305847168,141.26320184037422,5
2024-05-16,140.14188461303712,141.09321925459486,5
2024-05-17,140.56658325195312,139.02365634080817,5
2024-05-20,141.6519989013672,141.10718817701763,5
2024-05-21,142.3642776489258,140.57358696212845,5
2024-05-22,141.47805938720703,142.11388659886904,5
2024-05-23,141.35391540527343,144.5961798252254,5
2024-05-24,142.91435546875,143.3295323728088,5
2024-05-28,145.05999145507812,142.28554109218862,5
2024-05-29,145.26746368408203,145.24277949535852,5
2024-05-30,143.1620864868164,145.23050910105434,5
2024-05-31,142.56161499023438,144.1097590990344,5
2024-06-03,144.30033340454102,143.06579544666133,5
2024-06-04,144.94789657592773,144.83531640324185,5
2024-06-05,147.59292602539062,145.91593224343347,5
2024-06-06,147.99223785400392,147.36463108257414,5
2024-06-07,147.69122772216798,148.07650533873684,5
2024-06-10,147.91158599853514,146.9922112355626,5
2024-06-11,150.94179992675782,147.27821184664597,5
2024-06-12,153.20514068603515,150.8605655355397,5
2024-06-13,153.21014862060548,154.35776606858093,5
2024-06-14,153.92840881347655,152.018919361798,5
2024-06-17,154.86713409423828,151.40384944280558,5
2024-06-18,154.79876708984375,155.66962959189266,5
2024-06-20,153.70216674804686,158.97130336887142,5
2024-06-21,153.67128143310546,151.92510197964327,5
2024-06-24,151.17195587158204,152.3369796866194,5
2024-06-25,154.1214630126953,152.92658136308336,5
2024-06-26,156.52941436767577,154.6843400046646,5
2024-06-27,157.4931442260742,157.44227972955258,5
2024-06-28,154.92234802246094,157.35708894150622,5
2024-07-01,157.2653610229492,157.91487531105605,5
2024-07-02,158.73714752197264,154.93269839720745,5
2024-07-03,159.84219818115236,159.08868077413874,5
2024-07-05,161.85320739746095,162.54995669992053,5
2024-07-08,162.08586883544922,161.03638952104737,5
2024-07-09,162.89327239990234,162.91995683888192,5
2024-07-10,164.81853332519532,160.08846302068224,5
2024-07-11,159.73806915283203,166.7762199775301,5
2024-07-12,160.3757064819336,158.58369687561645,5
2024-07-15,161.0833480834961,162.268015528636,5
2024-07-16,160.27508850097655,160.61102529800252,5
2024-07-17,155.66061096191407,157.21860823047373,5
2024-07-18,153.74967346191406,158.84078642715676,5
2024-07-19,152.86019744873047,154.53919784363518,5
2024-07-22,154.8636734008789,153.34745600941687,5
2024-07-23,155.6087905883789,155.78235156635645,5
2024-07-24,149.5795928955078,152.3849880491552,5
2024-07-25,147.71082077026367,147.69408172435453,5
2024-07-26,148.34007263183594,148.28222779781237,5
2024-07-29,148.63978118896483,150.25490348657564,5
2024-07-30,146.94050521850585,147.84264462240031,5
2024-07-31,151.66920776367186,150.23139557572028,5
2024-08-01,148.5819534301758,152.61864094659782,5
2024-08-02,144.2302459716797,143.53335814800386,5
2024-08-05,137.55351333618165,134.99733288075066,5
2024-08-06,138.2906753540039,133.41800375886,5
2024-08-07,137.98539505004882,142.07695268176371,5
2024-08-08,141.48310470581055,142.2276963224037,5
2024-08-09,142.62688674926758,142.54984913409294,5
2024-08-12,143.4553077697754,142.8624006161737,5
2024-08-13,146.99508972167968,144.48323912799322,5
2024-08-14,146.94533996582032,150.62733228819985,5
2024-08-15,150.2497100830078,148.80245280143362,5
2024-08-16,151.279345703125,150.17624689148693,5
2024-08-19,153.57697448730468,152.0995391682728,5
2024-08-20,153.5941390991211,153.11648995683223,5
2024-08-21,153.77570343017578,152.98779210530287,5
2024-08-22,151.070703125,154.97029951955523,5
2024-08-23,153.1752182006836,151.42093329434474,5
2024-08-26,152.4869873046875,154.92088951314258,5
2024-08-27,152.38513641357423,151.3780966961625,5
2024-08-28,150.46807098388672,152.48688217116188,5
2024-08-29,149.73985137939454,151.40171902622495,5
2024-08-30,151.73115234375,149.96585893530477,5
2024-09-03,145.96537017822266,149.69596324511497,5
2024-09-04,144.5716537475586,145.38369167647514,5
2024-09-05,146.2222900390625,144.03650014022602,5
2024-09-06,142.09800415039064,148.1534777975518,5
2024-09-09,143.36297149658202,143.83323282469394,5
2024-09-10,144.41710968017577,143.0643001593626,5
2024-09-11,148.2580123901367,147.17516248222037,5
2024-09-12,150.00301971435547,147.46781179887446,5
2024-09-13,150.60673980712892,151.81806860046248,5
2024-09-16,148.70966033935548,146.40011359743986,5
2024-09-17,149.42765197753906,148.84644015097052,5
2024-09-18,149.4443374633789,150.33026107608646,5
2024-09-19,153.4129837036133,153.529800929357,5
2024-09-20,153.46493682861328,154.0025459095892,5
2024-09-23,153.4047088623047,152.53433756956989,5
2024-09-24,154.9707809448242,155.6259830505997,5
2024-09-25,154.87051849365236,155.71694304346323,5
2024-09-26,154.8946792602539,156.01674902455719,5
2024-09-27,153.99142303466797,155.73748819304444,5
2024-09-30,155.12053527832032,152.2767662141082,5
2024-10-01,152.82867126464845,154.99593839404517,5
2024-10-02,153.1158889770508,150.12579770747163,5
2024-10-03,153.02882537841796,152.7336701855757,5
2024-10-04,155.10242156982423,155.1315438691694,5
2024-10-07,152.32222595214844,155.7090590257468,5
2024-10-08,155.20482025146484,153.27188905423225,5
2024-10-09,155.98370971679688,154.87624210284108,5
2024-10-10,156.69290008544922,155.00411050862522,5
2024-10-11,156.94551849365234,156.6515468694697,5
2024-10-14,158.2539276123047,160.37630654681513,5
2024-10-15,157.4665542602539,158.67698729009072,5
2024-10-16,157.60732727050782,158.649139578134,5
2024-10-17,157.32042846679687,157.93035853031176,5
2024-10-18,160.02342376708984,159.2643464087661,5
2024-10-21,161.78574829101564,161.0787303319592,5
2024-10-22,161.81078338623047,160.35504848566964,5
2024-10-23,158.23275756835938,161.1214448097075,5
2024-10-24,158.81394653320314,160.67572533769845,5
2024-10-25,159.9873779296875,159.65763743743793,5
2024-10-28,160.44730529785156,163.32438696143817,5
2024-10-29,161.89714660644532,161.59905824987283,5
2024-10-30,162.06671600341798,164.68951658401986,5
2024-10-31,158.01630859375,161.09694653573453,5
2024-11-01,160.24791870117187,157.82169574495373,5
2024-11-04,159.36615447998048,158.68872740853155,5
2024-11-05,161.47954559326172,160.81082054906898,5
2024-11-06,165.6913589477539,163.0789681495407,5
2024-11-07,168.9915512084961,165.24513407254895,5
2024-11-08,167.80369262695314,172.68986985366635,5
2024-11-11,167.1474411010742,168.22587748793006,5
2024-11-12,168.7158172607422,168.12631953034156,5
2024-11-13,169.18450012207032,167.6740775712802,5
2024-11-14,168.88603820800782,168.89192844505283,5
2024-11-15,164.56497955322266,167.8871169244097,5
2024-11-18,165.65695495605468,164.37269500652116,5
2024-11-19,168.69797058105468,164.08038608275305,5
2024-11-20,168.07502288818358,170.34304936555932,5
2024-11-21,165.90131530761718,168.64059273552283,5
2024-11-22,164.45074005126952,166.64682328207746,5
2024-11-25,164.65229034423828,163.53406346969305,5
2024-11-26,166.92541046142577,165.83437626943368,5
2024-11-27,166.29461517333985,167.00456286145763,5
2024-11-29,167.906103515625,166.95914904703778,5
2024-12-02,169.7078643798828,167.63496256088834,5
2024-12-03,171.28348846435546,171.00197749226382,5
2024-12-04,174.06097717285155,170.25254079013106,5
2024-12-05,174.3136413574219,175.45987417017741,5
2024-12-06,175.81708374023438,175.43328600385215,5
2024-12-09,175.4205810546875,175.9195442692584,5
2024-12-10,176.5344467163086,179.52678313620623,5
2024-12-11,180.65936737060548,178.15246569966976,5
2024-12-12,179.46722259521485,181.52744557004712,5
2024-12-13,178.00092315673828,178.0652521933354,5
2024-12-16,180.6156982421875,179.59219098954298,5
2024-12-17,180.17687530517577,179.58206896609948,5
2024-12-18,174.6996612548828,182.63769894672532,5
2024-12-19,176.1129379272461,176.76648631582583,5
2024-12-20,178.96338500976563,173.94582422130568,5
2024-12-23,180.78925018310548,182.57788766696677,5
2024-12-24,183.0064254760742,181.89044800873376,5
2024-12-26,182.45826721191406,182.5734632444471,5
2024-12-27,179.5938461303711,179.34795717423222,5
2024-12-30,178.1157653808594,175.9700737031791,5
2024-12-31,176.1116973876953,178.3870900482003,5
2025-01-02,175.72195281982422,176.88744615085415,5
2025-01-03,178.03230743408204,177.70741562666498,5
2025-01-06,181.00765075683594,179.58229974771407,5
2025-01-07,177.19788970947266,181.45729765273367,5
2025-01-08,176.94693603515626,178.2564158024698,5
2025-01-10,173.1209930419922,176.70138636440032,5
2025-01-13,171.88033905029297,171.71496104679454,5
2025-01-14,170.74004211425782,173.3667557170353,5
2025-01-15,175.24038543701172,172.94095897427582,5
2025-01-16,171.63222961425782,176.69654017095507,5
2025-01-17,174.7954559326172,172.98406360073585,5
2025-01-21,175.56028747558594,176.51328073126834,5
2025-01-22,179.66843872070314,181.33575040637152,5
2025-01-23,180.27456817626953,180.26255036152105,5
2025-01-24,179.3830993652344,181.29351183167165,5
2025-01-27,174.33958282470704,174.87838811793358,5
2025-01-28,179.3192901611328,175.1851259551001,5
2025-01-29,178.4135513305664,178.27587521530018,5
2025-01-30,178.75127410888672,178.66630668346,5
2025-01-31,178.78986358642578,180.30964200317194,5
2025-02-03,175.925439453125,177.2112013529084,5
2025-02-04,179.52863616943358,178.9939471199836,5
2025-02-05,176.9788558959961,172.47732244583005,5
2025-02-06,178.52201385498046,178.05774734029075,5
2025-02-07,174.44591522216797,178.88880794476722,5
2025-02-10,176.5266311645508,172.53057497686615,5
2025-02-11,176.66970825195312,172.98487076643116,5
2025-02-12,176.4755126953125,174.59263000726213,5
2025-02-13,179.33333435058594,177.38018256099608,5
2025-02-14,180.41388854980468,177.73887574571023,5
2025-02-18,179.42412872314452,181.5799398091644,5
2025-02-19,179.87974395751954,179.11360278249396,5
2025-02-20,179.02307891845703,180.93519539484697,5
2025-02-21,175.139208984375,177.79678552175227,5
2025-02-24,173.4734100341797,175.01416907582288,5
2025-02-25,171.76640930175782,171.55677258093542,5
2025-02-26,171.4027069091797,172.69165365465838,5
2025-02-27,166.01719512939454,171.4367116229271,5
2025-02-28,169.32967834472657,163.60136510916647,5
2025-03-03,164.1065216064453,170.47040988066135,5
2025-03-04,164.59351959228516,160.64175979578368,5
2025-03-05,166.56938934326172,162.76876855957588,5
2025-03-06,161.7656021118164,163.48152289987144,5
2025-03-07,162.643603515625,160.36026498650372,5
2025-03-10,156.22813568115234,158.29246752755992,5
2025-03-11,155.87783813476562,154.55311904874955,5
2025-03-12,158.0593688964844,157.66982184045634,5
2025-03-13,154.13614044189453,158.5275194685794,5
2025-03-14,158.05367431640624,155.67752158553282,5
2025-03-17,157.71702880859374,159.59446462484829,5
2025-03-18,154.87663879394532,155.12560781141678,5
2025-03-19,157.65375061035155,154.96267747409883,5
2025-03-20,157.0930191040039,156.0104743819276,5
2025-03-21,158.43602447509767,155.2904166582221,5
2025-03-24,162.0425247192383,160.87499950218714,5
2025-03-25,164.06415405273438,161.6331596670421,5
2025-03-26,159.66550903320314,164.18433159199608,5
2025-03-27,159.21959381103517,156.85563624404824,5
2025-03-28,153.50347900390625,156.31170552043469,5
2025-03-31,153.60211486816405,152.95848312654977,5
2025-04-01,154.99283599853516,155.57539484869363,5
2025-04-02,156.09272003173828,151.20471659812674,5
2025-04-03,145.12689819335938,147.48514811701259,5
2025-04-04,137.0078887939453,139.90110184113624,5
2025-04-07,137.6873992919922,130.16273819877597,5
2025-04-08,134.22472686767577,142.45284718764395,5
2025-04-09,151.55118560791016,134.98110578896706,5
2025-04-10,144.93071594238282,144.8964492627999,5
2025-04-11,148.6129379272461,149.677910241871,5
2025-04-14,149.55951690673828,155.2064188372461,5
2025-04-15,149.62018432617188,149.5257986865385,5
2025-04-16,144.53794860839844,146.6367241607877,5
2025-04-17,143.93548431396485,145.48403194042754,5
2025-04-21,140.8043243408203,139.52147589090592,5
2025-04-22,145.53252868652345,143.30656264401733,5
2025-04-23,149.6909408569336,154.05305810694887,5
2025-04-24,154.06335906982423,150.02098549598176,5
2025-04-25,156.2159439086914,156.5768510880843,5
2025-04-28,155.565869140625,159.43218640269893,5
2025-04-29,156.00801544189454,151.95014544207865,5
2025-04-30,155.53916015625,155.47321212686325,5
2025-05-01,157.80862884521486,157.5691098393325,5
2025-05-02,157.81912841796876,157.59371631261445,5
2025-05-05,155.27239532470702,155.70364728699127,5
2025-05-06,154.77633514404297,153.33295939749345,5
2025-05-07,153.65614624023436,153.08067171506022,5
2025-05-08,155.0061782836914,155.8390682544954,5
2025-05-09,154.90818634033204,155.96347074967758,5
2025-05-12,162.2150894165039,164.19325769731532,5
2025-05-13,165.4006576538086,163.3289466928946,5
2025-05-14,167.56717224121093,166.86679609230774,5
2025-05-15,166.5332778930664,166.75259208631206,5
2025-05-16,167.36840209960937,167.77065148375544,5
2025-05-19,167.1125274658203,163.4096686487605,5
2025-05-20,165.5747055053711,169.0241260021475,5
2025-05-21,164.51576538085936,164.6064223497573,5
2025-05-22,165.22117614746094,164.4180233018148,5
2025-05-23,162.75210876464843,161.86173529755104,5
2025-05-27,166.9796600341797,164.35364347440154,5
2025-05-28,166.44380950927734,163.79294763246804,5
2025-05-29,166.86363677978517,167.63372172983992,5
2025-05-30,166.5194076538086,168.73367425585948,5
2025-06-02,167.20727996826173,166.16978389026752,5
2025-06-03,167.54840240478515,167.75428303862373,5
2025-06-04,168.67145080566405,168.1533686127867,5
2025-06-05,168.28691711425782,170.10086283770306,5
2025-06-06,171.25547485351564,171.04445194758372,5
2025-06-09,171.86935729980468,172.40657113912943,5
2025-06-10,172.56134033203125,173.31949048124108,5
2025-06-11,170.76343231201173,172.54976302191704,5
2025-06-12,170.82872772216797,169.57880698612365,5
2025-06-13,169.1733367919922,167.1939708416722,5
2025-06-16,171.58327026367186,170.33045098900735,5
2025-06-17,170.425,169.91964875881666,5
2025-06-18,169.80840301513672,169.60115032950563,5
2025-06-20,168.7333511352539,172.0291212162248,5
2025-06-23,168.7525894165039,170.1682240605549,5
2025-06-24,170.97494049072264,169.76860547861133,5
2025-06-25,173.02019805908202,172.0170058495182,5
2025-06-26,175.29090270996093,175.36915657829772,5
2025-06-27,178.18240966796876,179.95128167125284,5
2025-06-30,178.4072265625,181.35266974019947,5
2025-07-01,177.2056640625,176.8613216279433,5
2025-07-02,179.19937438964843,177.18991827970098,5
2025-07-03,180.93960266113282,178.60093100395605,5
2025-07-07,179.26824340820312,182.63871087500124,5
2025-07-08,178.04519805908203,180.0645411312549,5
2025-07-09,180.2389892578125,177.93716328779786,5
2025-07-10,180.13292388916017,178.4434155280429,5
2025-07-11,181.01048583984374,178.7082064819363,5
2025-07-14,181.10490875244142,180.53144002164115,5
2025-07-15,182.68286590576173,183.55189234739237,5
2025-07-16,182.32801361083983,184.3234510117262,5
2025-07-17,183.42626190185547,182.94711383225368,5
2025-07-18,182.93783416748047,184.02557157778182,5
2025-07-21,185.1438186645508,183.37936832885117,5
2025-07-22,183.61865692138673,184.81891810049638,5
2025-07-23,184.09631805419923,184.39775216858453,5
2025-07-24,185.8143325805664,186.47436657180415,5
2025-07-25,185.80226287841796,185.4604156899985,5
2025-07-28,186.50589141845703,185.9942880067706,5
2025-07-29,185.8315872192383,186.21031755662432,5
2025-07-30,186.4872253417969,187.21356119834482,5
2025-07-31,185.28822021484376,186.95346723659094,5
2025-08-01,178.958349609375,181.53625670828134,5
2025-08-04,181.1894958496094,178.40916678398065,5
2025-08-05,180.628271484375,182.85331861424896,5
2025-08-06,185.5591079711914,181.47582207450733,5
2025-08-07,187.4517791748047,186.95300842054135,5
2025-08-08,191.1883331298828,190.0972561711638,5
2025-08-11,190.44363555908203,190.57221855517105,5
2025-08-12,191.8331512451172,190.93764326608434,5
2025-08-13,192.22884826660157,192.3601545731796,5
2025-08-14,194.1689910888672,189.2988414871495,5
2025-08-15,194.01331329345703,194.33880776550632,5
2025-08-18,194.27665100097656,192.68450009668442,5
2025-08-19,191.26504669189453,193.44081138476585,5
2025-08-20,189.0062713623047,190.65881663455428,5
2025-08-21,188.26189270019532,187.93869752905815,5
2025-08-22,191.9955322265625,187.78457041848938,5
2025-08-25,192.8141830444336,190.62033923843836,5
2025-08-26,193.70732574462892,192.53001748554365,5
2025-08-27,193.99051971435546,194.04127358409863,5
2025-08-28,195.6014663696289,196.4166169517504,5
2025-08-29,193.56855163574218,193.99576997111518,5
2025-09-02,191.48552703857422,191.40450640644448,5
2025-09-03,197.37716979980468,195.49995504669778,5
2025-09-04,200.72083740234376,199.10626217195346,5
2025-09-05,199.33318481445312,201.33202670035968,5
2025-09-08,199.79139099121093,198.94272439075024,5
2025-09-09,201.580126953125,197.48559536261877,5
2025-09-10,199.4173385620117,200.7466036051284,5
2025-09-11,199.31615142822267,198.8589397418596,5
2025-09-12,199.7095169067383,201.7546966462077,5
2025-09-15,203.2225799560547,200.362136242248,5
2025-09-16,203.35942535400392,201.47807183419218,5
2025-09-17,202.37059783935547,204.01263380726843,5
2025-09-18,203.34020385742187,203.91420096237763,5
2025-09-19,205.95876922607422,204.35028792974185,5
2025-09-22,208.22044067382814,206.59866807612397,5
2025-09-23,205.187255859375,207.99796573840413,5
2025-09-24,203.18314056396486,206.80278169030785,5
2025-09-25,203.65805206298828,204.13925036729506,5
2025-09-26,203.9720474243164,202.8937546030279,5
2025-09-29,204.32934112548827,204.72309850546125,5
2025-09-30,204.48261413574218,205.4458742746239,5
2025-10-01,204.82640380859374,201.4472460702058,5
2025-10-02,205.85688018798828,205.56598113721302,5
2025-10-03,205.0203369140625,207.44207507583388,5
2025-10-06,205.82701568603517,205.0048784739885,5
2025-10-07,205.5425811767578,204.74686034486783,5
2025-10-08,207.48905029296876,206.99454236651928,5
2025-10-09,207.5712142944336,208.3239035124489,5
2025-10-10,200.50872955322265,208.52793241112582,5
2025-10-13,204.1609375,207.6663663382686,5
2025-10-14,202.02655639648438,200.89585651994767,5
2025-10-15,202.99537811279296,204.19685828628803,5
2025-10-16,202.43417205810547,201.1597245203389,5
2025-10-17,204.09065704345704,204.76769853556107,5
2025-10-20,208.07379150390625,201.70702649090973,5
2025-10-21,207.91654205322266,207.10032101613996,5
2025-10-22,203.80172576904297,206.63667218985105,5
2025-10-23,205.21418304443358,205.8694874349555,5
2025-10-24,208.27723846435546,205.45385033846668,5
2025-10-27,212.94398345947266,210.83370712571724,5
2025-10-28,215.20299682617187,212.26099400701546,5
2025-10-29,218.0556396484375,220.18301476278467,5
2025-10-30,217.19174041748047,223.4150748487877,5
2025-10-31,221.75985107421874,223.74585199639756,5
2025-11-03,224.41309814453126,227.09267678768668,5
2025-11-04,220.68702239990233,220.89219765445392,5
2025-11-05,221.6323471069336,218.96947869574433,5
2025-11-06,218.79132843017578,219.49414855867622,5
2025-11-07,217.8280029296875,219.89990071231668,5
2025-11-10,223.5470947265625,219.9298314300981,5
2025-11-11,224.2282287597656,220.95601703082556,5
2025-11-12,222.58247985839844,228.22306382191414,5
2025-11-13,218.0454544067383,222.54839554091,5
2025-11-14,216.75282135009766,215.92772231314567,5
2025-11-17,216.22252960205077,219.13306596308266,5
2025-11-18,213.74020385742188,214.74489853913127,5
2025-11-19,215.80609130859375,216.17197533828738,5
2025-11-20,211.59443054199218,220.50368118865973,5
2025-11-21,214.6549835205078,215.9488410958225,5
2025-11-24,221.67584838867188,215.0611318158405,5
2025-11-25,222.13580169677735,223.5891469375415,5
2025-11-26,222.31460876464843,223.97791421919987,5
2025-11-28,222.99081115722657,227.6307887727324,5
2025-12-01,223.86637115478516,221.25903063812228,5
2025-12-02,225.1218246459961,226.2366129369944,5
2025-12-03,223.77301483154298,226.45451291088716,5
2025-12-04,222.5971252441406,219.91541398858803,5
2025-12-05,222.24647674560546,225.9012188866014,5
2025-12-08,219.99510650634767,222.74701663605737,5
2025-12-09,220.5863296508789,223.09593310820088,5
2025-12-10,221.28848419189453,222.08217952546738,5
2025-12-11,219.08844299316405,222.7543863719997,5
2025-12-12,216.72498779296876,218.1020227304751,5
2025-12-15,214.89340057373047,222.0005069462697,5
2025-12-16,215.12540435791016,215.09650069689366,5
2025-12-17,211.07433624267577,215.42616010854144,5
2025-12-18,213.8591522216797,216.33011229559938,5
2025-12-19,216.68879089355468,216.49284920926226,5
2025-12-22,217.21652374267578,216.68581406833582,5
2025-12-23,220.26073303222657,218.94369302106975,5
2025-12-24,220.50409545898438,218.62478122212534,5
2025-12-26,220.85812377929688,218.85779433064266,5
2025-12-29,220.20072479248046,221.61842925159348,5
2025-12-30,219.97918395996095,217.6156893253084,5
2025-12-31,219.03238983154296,220.2900599341515,5
