shock_pct,return,baseline_variance,baseline_logvol,Base LSTM-20 Global,Base LSTM-80 Global,Base LSTM-80 Local,MLP-20 Global,MLP-80 Global,HARNet-20 Global,HARNet-80 Global,HARNet-80 Local,RFSV-20 Local,RFSV-80 Local
-5,-0.05,3.396062419686545e-13,-14.355494780143562,4.8989413888118346e-05,2.6691787275071444e-05,4.800989551179851e-05,1.8733785822198766e-06,6.728430249331906e-05,1.4399583960766904e-05,3.8455682442872785e-06,2.6406302458781285e-05,4.413099840194576e-13,4.4130998401945825e-13
-4,-0.04,3.396062419686545e-13,-14.355494780143562,4.140488919847177e-05,2.519460839441927e-05,4.8006304344333265e-05,1.889065868422955e-06,6.728423832603847e-05,1.4399583960766904e-05,3.8455682442872785e-06,2.6406302458781285e-05,4.413099840194576e-13,4.4130998401945825e-13
-3,-0.03,3.396062419686545e-13,-14.355494780143562,3.851682652714656e-05,2.438724217234043e-05,4.8002775337585976e-05,1.9188820356003517e-06,6.728423832603847e-05,1.4399583960766904e-05,3.8455682442872785e-06,2.6406302458781285e-05,4.413099840194576e-13,4.4130998401945825e-13
-2,-0.02,3.396062419686545e-13,-14.355494780143562,3.855063526409056e-05,2.405466938580331e-05,4.799932766945488e-05,1.96314347755181e-06,6.728423832603847e-05,1.4399583960766904e-05,3.8455682442872785e-06,2.6406302458781285e-05,4.413099840194576e-13,4.4130998401945825e-13
-1,-0.01,3.396062419686545e-13,-14.355494780143562,4.0617911360825085e-05,2.410381180083487e-05,4.799594559974922e-05,2.0232151011773573e-06,6.728423832603847e-05,1.4399583960766904e-05,3.8455682442872785e-06,2.6406302458781285e-05,4.413099840194576e-13,4.4130998401945825e-13
0,0.0,3.396062419686545e-13,-14.355494780143562,4.425558818682686e-05,2.4504064353444365e-05,4.7992642076911405e-05,2.10186155940156e-06,6.728423832603847e-05,1.4399583960766904e-05,3.8455682442872785e-06,2.6406302458781285e-05,4.413099840194576e-13,4.4130998401945825e-13
1,0.01,3.396062419686545e-13,-14.355494780143562,4.917524363476462e-05,2.5259686553822335e-05,4.7989385856379404e-05,2.203156381777994e-06,6.728423832603847e-05,1.4399583960766904e-05,3.8455682442872785e-06,2.6406302458781285e-05,4.413099840194576e-13,4.4130998401945825e-13
2,0.02,3.396062419686545e-13,-14.355494780143562,5.515328922181921e-05,2.640274087340359e-05,4.79862035975696e-05,2.3317063548385474e-06,6.728423832603847e-05,1.4399583960766904e-05,3.8455682442872785e-06,2.6406302458781285e-05,4.413099840194576e-13,4.4130998401945825e-13
3,0.03,3.396062419686545e-13,-14.355494780143562,6.199661407321396e-05,2.8000857772863382e-05,4.7983093235886904e-05,2.491544103526381e-06,6.728423832603847e-05,1.4399583960766904e-05,3.8455682442872785e-06,2.6406302458781285e-05,4.413099840194576e-13,4.4130998401945825e-13
4,0.04,3.396062419686545e-13,-14.355494780143562,6.953814539753468e-05,3.0176091567635663e-05,4.7980034790058886e-05,2.6849756533315022e-06,6.728423832603847e-05,1.4399583960766904e-05,3.8455682442872785e-06,2.6406302458781285e-05,4.413099840194576e-13,4.4130998401945825e-13
5,0.05,3.396062419686545e-13,-14.355494780143562,7.763594760334575e-05,3.313806557389786e-05,4.797705006733812e-05,2.9120657911282333e-06,6.728423832603847e-05,1.4399583960766904e-05,3.8455682442872785e-06,2.6406302458781285e-05,4.413099840194576e-13,4.4130998401945825e-13
