return,actual,predicted
-0.04587787391655466,-7.040076888248352,-7.09117054489199
-0.0358862460204826,-7.327388436592474,-7.325248671762742
-0.030693288269168915,-7.64835072859039,-7.401676700690778
-0.026775451022039452,-7.652719221390204,-7.592514725263672
-0.024929820607832262,-7.801493116549382,-7.672788572358536
-0.02254805791356088,-7.749712852201418,-7.714078513108897
-0.02062329308701555,-7.75449522206052,-7.551056538153179
-0.019131056278058445,-7.77693361038461,-7.732925922920667
-0.01765362990047108,-7.851307595494985,-7.737054944351098
-0.01644648343724606,-8.15268089328497,-7.829214409512636
-0.015296158867175388,-8.1317788012457,-7.946872718647742
-0.01447387493979065,-7.995011169478585,-7.946696810352338
-0.013722664856815739,-8.092848618035577,-7.882617633412461
-0.01290453856203285,-7.975506048432882,-7.704947783230199
-0.012101124518194135,-8.092740046454043,-7.9944669448266295
-0.011291858356031418,-8.275473703030105,-7.951136343112388
-0.01054105613479386,-8.470725793786508,-7.994945266251895
-0.010123833546812221,-8.506301483754175,-8.07004912536396
-0.009634178534436617,-8.259204376298216,-7.944802256255665
-0.008926710672685464,-8.09413699706305,-7.9298930479089815
-0.008435771502936678,-8.421344465995691,-8.122749195637745
-0.007878093358946977,-8.384958120186592,-8.085223297023123
-0.007393657947888604,-8.30868778805861,-7.970026703927518
-0.0069642642594847535,-8.333661722790305,-8.059753071201024
-0.00632386527658547,-8.365200205174403,-8.105290537400778
-0.005842268507502149,-8.401318025309473,-8.195513066788763
-0.0054058316720395645,-8.269336197820078,-8.07127823049537
-0.005005009741559746,-8.35065394097306,-8.076843653963662
-0.004596374696763925,-8.44851137558151,-8.169909197852679
-0.004191049851511133,-8.366854915439202,-8.202333914436613
-0.003743467358496745,-8.413935115815587,-8.155540756440061
-0.003213947546315307,-8.683719260911845,-8.272979387939873
-0.00263978593254285,-8.532658313615729,-8.347044484729068
-0.0023194269606464472,-8.474613217871578,-8.163126645222581
-0.002016085252756293,-8.473791427865246,-8.204086028648268
-0.0016621308188747204,-8.843691492809219,-8.323194561505996
-0.0012667825820373729,-8.397631062269465,-8.290964452012954
-0.0008632953524679556,-8.494779904164522,-8.197019358005665
-0.000586047305031877,-8.750793620380538,-8.318072296991305
-0.00016794667718670722,-8.19890289454654,-8.114423408058302
0.00013179567778737498,-8.43004307414599,-8.28666573626054
0.00041378591697031073,-8.41453194538156,-8.246473169817964
0.000721647597556025,-8.313260723817141,-8.039751676027473
0.0010214120953034886,-8.376879103640864,-8.130635334880164
0.001364287349884819,-8.398738514543501,-8.060385366034355
0.0017118069232655293,-8.299945698822485,-8.131910865900961
0.0020891637524988764,-8.407270251782572,-8.126045474690919
0.0024646896012984285,-8.436199479565794,-8.16285124993579
0.002760455979315336,-8.593979435721389,-8.23871978560895
0.0030419866599850085,-8.421987432308063,-8.180283920979642
0.0032666410073383285,-8.49144239833722,-8.187879698873347
0.0036617266630070257,-8.442586738470505,-8.310403884442135
0.004062946687847633,-8.517141477442165,-8.274912756504884
0.004527717373129153,-8.06606371096192,-8.030642755195242
0.004972749320866424,-8.496016076405027,-8.17170426440165
0.005377128734757671,-8.409241749745998,-8.171335584124503
0.005766462009195132,-8.381365225080733,-8.221125071996502
0.006177405726152432,-8.460629382939235,-8.218330722868656
0.006546105383905468,-8.464418682383144,-8.021115329976386
0.006917728176425289,-8.512247392366003,-8.068608120816986
0.007278343597887392,-8.244379473353096,-8.22406197104261
0.007700885374268744,-8.51301808585595,-8.105419888818309
0.008106092878189624,-8.190331358491147,-7.9577905575815775
0.008456111012206962,-8.214129644287311,-8.218134496004023
0.008887224276354827,-8.587046571869497,-8.122352125124362
0.00923735385987453,-8.268818723344621,-8.162207918233698
0.009644456300175235,-8.307266126785759,-8.07408384782272
0.010280582895397128,-8.499661207654992,-8.1188135345039
0.010629629406818048,-8.363784704589497,-8.062598696543764
0.01095986692643249,-8.535681089003848,-8.172591576809522
0.01148212240642822,-8.348910015954576,-8.143353704432725
0.012064055519036023,-8.623274279104702,-8.212493944554891
0.012505568209826259,-8.073134567422123,-8.043559061470893
0.012956863604922588,-8.353526218000486,-8.043402713490426
0.013569127417733745,-8.470708064304311,-8.100156855380572
0.014265321346124965,-8.303219018574874,-7.9512340490838485
0.015155270866443058,-8.32063750650767,-8.142802471018015
0.015753789024143244,-8.181565333321553,-7.986115547456
0.016356902893899048,-8.319784011684632,-7.812604522587655
0.017243523110346444,-8.019125847529837,-7.651583276516381
0.018084862698543158,-8.225143928762638,-7.807609402764369
0.019356467291006818,-8.100070383856572,-7.8020604713702095
0.02087525506692026,-8.016783357489428,-7.738673934727596
0.022794234855808886,-7.804167816392701,-7.672748812082172
0.02533551233393182,-7.855788873732372,-7.796255862993574
0.02795817141970544,-7.658383843359795,-7.447279311382315
0.03231275078793172,-7.426244520713747,-7.329961584225072
0.05032727047843229,-7.269320367043794,-7.028795085068223
