q,Zeta,Intercept,MomentR2,Table,Population,LagType,TrainEnd,MaxLag,Cohort
1.0,0.0557322767621476,-0.7595379331378269,0.978362195343054,equity_parkinson_variance,global,observation,2016-01-01,400,
1.5,0.0789909933004141,-0.8900771001589215,0.9749580978630734,equity_parkinson_variance,global,observation,2016-01-01,400,
2.0,0.0975447066361681,-0.889701836098349,0.97139256570089,equity_parkinson_variance,global,observation,2016-01-01,400,
3.0,0.1168419872340849,-0.522790316060693,0.9647786260105604,equity_parkinson_variance,global,observation,2016-01-01,400,
4.0,0.1134309040244818,0.2815646663652577,0.9636416351829248,equity_parkinson_variance,global,observation,2016-01-01,400,
1.0,0.049991316666900106,-0.6713754161294475,0.9803517488477544,equity_garman_klass_variance,global,observation,2016-01-01,400,raw_history_2714
1.5,0.06928784902768374,-0.7486290728911308,0.9770054414063428,equity_garman_klass_variance,global,observation,2016-01-01,400,raw_history_2714
2.0,0.08517091449015225,-0.702643066286166,0.9748803692045023,equity_garman_klass_variance,global,observation,2016-01-01,400,raw_history_2714
3.0,0.10565334971505667,-0.28930818764513133,0.9731689665646162,equity_garman_klass_variance,global,observation,2016-01-01,400,raw_history_2714
4.0,0.11184972113563553,0.4972133147393382,0.9756552899001907,equity_garman_klass_variance,global,observation,2016-01-01,400,raw_history_2714
