q,Zeta,Intercept,MomentR2,Table,Population
1.0,0.05079537678405961,-0.8136604117944403,0.9888287603101625,equity_parkinson_variance,global
1.5,0.07310406731854735,-0.9848840369802261,0.9892761213142872,equity_parkinson_variance,global
2.0,0.09236797054162459,-1.038183617667135,0.989526055695653,equity_parkinson_variance,global
3.0,0.11859532607429615,-0.8185299336256744,0.9891782631035124,equity_parkinson_variance,global
4.0,0.12672864627261063,-0.18914171852610642,0.9876352850926448,equity_parkinson_variance,global
1.0,0.058125175512833444,-0.9827069850581305,0.9475633811238295,equity_parkinson_variance,NVDA
1.5,0.08570443561198417,-1.2755022356974453,0.9516202104607677,equity_parkinson_variance,NVDA
2.0,0.11205198632071149,-1.4842076171733536,0.9519737898835794,equity_parkinson_variance,NVDA
3.0,0.1602920204351892,-1.7071129415633615,0.9431021688348238,equity_parkinson_variance,NVDA
4.0,0.20171797569839223,-1.7240179440301198,0.9201980228134725,equity_parkinson_variance,NVDA
1.0,0.056259555650145926,-0.9198161304052419,0.949784744285567,equity_parkinson_variance,AAPL
1.5,0.08390075888453842,-1.1839748614918342,0.9505942066813639,equity_parkinson_variance,AAPL
2.0,0.11105277563625664,-1.3658832065489779,0.9482359739014381,equity_parkinson_variance,AAPL
3.0,0.16327474893678817,-1.5400266934981066,0.9366669082496771,equity_parkinson_variance,AAPL
4.0,0.21184145705681848,-1.5113825335737918,0.9139574968620204,equity_parkinson_variance,AAPL
1.0,0.07062970183115584,-1.0138494942278398,0.9590478865906713,equity_parkinson_variance,AMZN
1.5,0.10601181979898415,-1.3243050663783618,0.9616598835858464,equity_parkinson_variance,AMZN
2.0,0.14098242173250441,-1.5515062938887716,0.9622792184585063,equity_parkinson_variance,AMZN
3.0,0.20829300924685895,-1.8127054586152407,0.9589874097524808,equity_parkinson_variance,AMZN
4.0,0.27021519460282123,-1.867879624772734,0.9491385989413793,equity_parkinson_variance,AMZN
1.0,0.08624522207693675,-1.0377152429014092,0.9481601251424676,equity_parkinson_variance,BAC
1.5,0.1328912142696461,-1.3735318094299513,0.9492877913346003,equity_parkinson_variance,BAC
2.0,0.18136984843794485,-1.6342953022528772,0.9491586924293972,equity_parkinson_variance,BAC
3.0,0.2820443149273296,-1.9842526642633302,0.9473956655169424,equity_parkinson_variance,BAC
4.0,0.3847297786843598,-2.1509610266159376,0.9439835272124725,equity_parkinson_variance,BAC
1.0,0.06160845869709952,-1.034600099466164,0.9630568090046172,equity_parkinson_variance,INTC
1.5,0.09160302777592805,-1.3554034882096788,0.9673470187438828,equity_parkinson_variance,INTC
2.0,0.12087931090776717,-1.5931648682576531,0.9680371605891277,equity_parkinson_variance,INTC
3.0,0.17679922230749984,-1.8768983763615128,0.9595821429990219,equity_parkinson_variance,INTC
4.0,0.22850445455543852,-1.9560737887868993,0.9347454963326739,equity_parkinson_variance,INTC
1.0,0.06596402118887595,-1.022703882711233,0.9485080538378899,equity_parkinson_variance,MSFT
1.5,0.09857139350575408,-1.3366535142120073,0.9500088830873737,equity_parkinson_variance,MSFT
2.0,0.13076858173154232,-1.567803789258587,0.9476426762146031,equity_parkinson_variance,MSFT
3.0,0.19327138182862613,-1.8405360235424069,0.9330433452653815,equity_parkinson_variance,MSFT
4.0,0.25199571339485094,-1.913273293085334,0.9033966406202767,equity_parkinson_variance,MSFT
1.0,0.06611936908251072,-0.9588974462503719,0.965381007577426,equity_parkinson_variance,F
1.5,0.10016944886570202,-1.2448583503319004,0.9679962694363854,equity_parkinson_variance,F
2.0,0.13521200825518756,-1.4518124002302815,0.9686700184872605,equity_parkinson_variance,F
3.0,0.2089400086063845,-1.6893181616854924,0.965168300920218,equity_parkinson_variance,F
4.0,0.2880717099116716,-1.7445402595138493,0.953140192029819,equity_parkinson_variance,F
1.0,0.0593395274722808,-1.019539910173642,0.9680557694328749,equity_parkinson_variance,CSCO
1.5,0.08843126841208124,-1.3260060872389166,0.9686007995170698,equity_parkinson_variance,CSCO
2.0,0.11561268617659352,-1.5354864798796295,0.9643299422044266,equity_parkinson_variance,CSCO
3.0,0.15259236558936684,-1.6453431120917315,0.9124425848172967,equity_parkinson_variance,CSCO
4.0,0.1337116330394628,-1.1759876186356357,0.5449223463023266,equity_parkinson_variance,CSCO
1.0,0.05939053236586784,-1.0179129727458818,0.9566604131757626,equity_parkinson_variance,KLAC
1.5,0.08782351367876046,-1.3276441934585193,0.9593074239125101,equity_parkinson_variance,KLAC
2.0,0.11510905208983653,-1.5520720543304225,0.9596481356070125,equity_parkinson_variance,KLAC
3.0,0.1653405171155709,-1.800784425261341,0.9538880226555748,equity_parkinson_variance,KLAC
4.0,0.20851403727040055,-1.832408386693551,0.9352072079879024,equity_parkinson_variance,KLAC
1.0,0.057602925130818904,-0.9501201462587637,0.9491428969826395,equity_parkinson_variance,AMD
1.5,0.08512641385537151,-1.2293184247248514,0.9529577957934152,equity_parkinson_variance,AMD
2.0,0.11193017844690367,-1.4278151911335164,0.9535034730575007,equity_parkinson_variance,AMD
3.0,0.16379851030921463,-1.6448634450809547,0.9472026078182518,equity_parkinson_variance,AMD
4.0,0.21429734958902052,-1.6807936171188325,0.9299104635987221,equity_parkinson_variance,AMD
1.0,0.05122100575803258,-0.8187307766773504,0.989527595377576,equity_garman_klass_variance,global
1.5,0.07260517161473153,-0.9742590697590894,0.9901634671053102,equity_garman_klass_variance,global
2.0,0.08998746103197147,-0.9965779654415602,0.9904786597181762,equity_garman_klass_variance,global
3.0,0.11045938947169345,-0.6709312631937994,0.9901064243302814,equity_garman_klass_variance,global
4.0,0.11411952026607242,0.09404206521786831,0.9887141602639854,equity_garman_klass_variance,global
1.0,0.06263588468578273,-1.065294091004437,0.9522421285011383,equity_garman_klass_variance,NVDA
1.5,0.09164720399150425,-1.3941535316622893,0.9543659296511263,equity_garman_klass_variance,NVDA
2.0,0.11887058387329102,-1.634913934740856,0.9526145907797677,equity_garman_klass_variance,NVDA
3.0,0.1673341336891792,-1.9094959103052098,0.9392168127286777,equity_garman_klass_variance,NVDA
4.0,0.20743251516640418,-1.96248475522872,0.9109670634026731,equity_garman_klass_variance,NVDA
1.0,0.05954539228207793,-0.98010710503123,0.9409927387810214,equity_garman_klass_variance,AAPL
1.5,0.08806954906912547,-1.266773861707824,0.939073275573205,equity_garman_klass_variance,AAPL
2.0,0.11556910021470121,-1.465739813318811,0.9338997707623549,equity_garman_klass_variance,AAPL
3.0,0.16693774551487647,-1.6571595944566782,0.9168298076985903,equity_garman_klass_variance,AAPL
4.0,0.2126973918018941,-1.6225787424810736,0.8872209062066978,equity_garman_klass_variance,AAPL
1.0,0.07508733410120928,-1.080814170608613,0.9566529740053298,equity_garman_klass_variance,AMZN
1.5,0.1123987779869646,-1.4208598409040833,0.9587948266671867,equity_garman_klass_variance,AMZN
2.0,0.14904286054525298,-1.6746795571299782,0.9586474828200101,equity_garman_klass_variance,AMZN
3.0,0.21893831409078382,-1.9800667901869322,0.9523695400571002,equity_garman_klass_variance,AMZN
4.0,0.2823377471447797,-2.066402866537693,0.9362340630151373,equity_garman_klass_variance,AMZN
1.0,0.0878731348676261,-1.0881618161047821,0.9487898339901064,equity_garman_klass_variance,BAC
1.5,0.1354323533223093,-1.4472275622131385,0.9515447284368321,equity_garman_klass_variance,BAC
2.0,0.18465700978730168,-1.728831336915692,0.9527495251158875,equity_garman_klass_variance,BAC
3.0,0.28549357984159707,-2.1091012434132423,0.9524235911660152,equity_garman_klass_variance,BAC
4.0,0.38525210045701963,-2.2842617305603525,0.9489011465373608,equity_garman_klass_variance,BAC
1.0,0.06335976079665406,-1.0952655159810003,0.9625448512403132,equity_garman_klass_variance,INTC
1.5,0.0935474498061867,-1.4402687639324108,0.9646568926562265,equity_garman_klass_variance,INTC
2.0,0.12264555369373029,-1.6981704778565727,0.963416535336006,equity_garman_klass_variance,INTC
3.0,0.17711286714068317,-2.0089251151001184,0.9508727418473186,equity_garman_klass_variance,INTC
4.0,0.2257132681707447,-2.0953238751485137,0.9189615820781537,equity_garman_klass_variance,INTC
1.0,0.06822974690136743,-1.083956578709619,0.9494552767637514,equity_garman_klass_variance,MSFT
1.5,0.10159664932579504,-1.4236356627154756,0.94922562315123,equity_garman_klass_variance,MSFT
2.0,0.13439665256775368,-1.6774173912911832,0.9438702957219463,equity_garman_klass_variance,MSFT
3.0,0.1974969925251886,-1.9850208674419214,0.920117711382227,equity_garman_klass_variance,MSFT
4.0,0.2555047068265887,-2.0762694887205217,0.8770771644450289,equity_garman_klass_variance,MSFT
1.0,0.06968946042047894,-1.0170855834422714,0.966166624110905,equity_garman_klass_variance,F
1.5,0.10583566699531476,-1.3299437690440687,0.9696906452729496,equity_garman_klass_variance,F
2.0,0.14286892880540178,-1.560428350723677,0.9712949543365422,equity_garman_klass_variance,F
3.0,0.21952371829222797,-1.8297248987603747,0.9694842908532025,equity_garman_klass_variance,F
4.0,0.29884929531590265,-1.8869969355394478,0.9571906264526082,equity_garman_klass_variance,F
1.0,0.06242755636554386,-1.0777200853824307,0.9684905095658872,equity_garman_klass_variance,CSCO
1.5,0.09268836123666918,-1.4107578150748814,0.9701312536319826,equity_garman_klass_variance,CSCO
2.0,0.12068685891847687,-1.6437082839644557,0.9660339443863881,equity_garman_klass_variance,CSCO
3.0,0.15793795140267614,-1.786996411251074,0.910470134530645,equity_garman_klass_variance,CSCO
4.0,0.13780678241668687,-1.332488965725341,0.5421298846374698,equity_garman_klass_variance,CSCO
1.0,0.06475542108674327,-1.1078849501350803,0.9636467870483015,equity_garman_klass_variance,KLAC
1.5,0.09550375750771806,-1.4572674663897724,0.9661098272871029,equity_garman_klass_variance,KLAC
2.0,0.1248123746478237,-1.7175928903088042,0.9662141155760717,equity_garman_klass_variance,KLAC
3.0,0.1781188656723868,-2.026802826571286,0.960148407272407,equity_garman_klass_variance,KLAC
4.0,0.22319505524797292,-2.1057447720534355,0.9418565889949698,equity_garman_klass_variance,KLAC
1.0,0.06021288840709946,-1.0153952383983869,0.9540183313791917,equity_garman_klass_variance,AMD
1.5,0.08880671418801019,-1.322612299654424,0.9567021874488707,equity_garman_klass_variance,AMD
2.0,0.11659836180033331,-1.5462024357282744,0.9564786489180757,equity_garman_klass_variance,AMD
3.0,0.17054788444428484,-1.8059100063872038,0.949122970341997,equity_garman_klass_variance,AMD
4.0,0.22391059690209972,-1.8761924700666124,0.9292249505848422,equity_garman_klass_variance,AMD
1.0,0.054322246774189974,-0.6859606100937226,0.9439965898236476,crypto_parkinson_variance,global
1.5,0.08263925861835272,-0.8217885981728099,0.9521536185440403,crypto_parkinson_variance,global
2.0,0.11315352354489051,-0.8702267500366491,0.9609838729210212,crypto_parkinson_variance,global
3.0,0.18428935248337994,-0.7615999154400106,0.9772297382536177,crypto_parkinson_variance,global
4.0,0.2667181888034685,-0.3932486540062031,0.9862122804472672,crypto_parkinson_variance,global
1.0,0.07612787333866282,-0.6489216921398813,0.9116458284658961,crypto_parkinson_variance,BTT
1.5,0.10752484267691305,-0.7287685204312863,0.9228735068393852,crypto_parkinson_variance,BTT
2.0,0.13245516241453276,-0.6781081140949908,0.9277755581175313,crypto_parkinson_variance,BTT
3.0,0.1548201147810044,-0.18311984514332522,0.8859610243093369,crypto_parkinson_variance,BTT
4.0,0.13798444056077608,0.816575373505359,0.6302751042554724,crypto_parkinson_variance,BTT
1.0,0.057569415210629575,-0.628536238892002,0.8515648912789242,crypto_parkinson_variance,WIN
1.5,0.08263455353418893,-0.730088873623072,0.8520136428257459,crypto_parkinson_variance,WIN
2.0,0.10535886121305096,-0.7397772944940713,0.8457392564831736,crypto_parkinson_variance,WIN
3.0,0.14426689518481275,-0.5485718461109922,0.818626413785628,crypto_parkinson_variance,WIN
4.0,0.1754766118303676,-0.1431063968690187,0.7737518692224813,crypto_parkinson_variance,WIN
1.0,0.4811737811402533,-1.8049779553428766,0.9546634291367267,crypto_parkinson_variance,LUNA
1.5,0.6165528247346578,-1.9060367779180774,0.9771251638889396,crypto_parkinson_variance,LUNA
2.0,0.701190541473274,-1.6833000559611377,0.9876665599395823,crypto_parkinson_variance,LUNA
3.0,0.7808138691063461,-0.6927106802742101,0.9937705651686207,crypto_parkinson_variance,LUNA
4.0,0.8046252982929963,0.6346502059881788,0.9943881557269274,crypto_parkinson_variance,LUNA
1.0,0.04495869686339663,-0.5891752745138807,0.6684156760880589,crypto_parkinson_variance,DOGE
1.5,0.06700950334254334,-0.682569159965217,0.6818903705636333,crypto_parkinson_variance,DOGE
2.0,0.08818642218366723,-0.6891268826074326,0.6850156854682524,crypto_parkinson_variance,DOGE
3.0,0.12680706223939553,-0.4998073041719631,0.6684281054467947,crypto_parkinson_variance,DOGE
4.0,0.15916021771547037,-0.09503741997751333,0.6240745160852503,crypto_parkinson_variance,DOGE
1.0,0.06976349899546691,-0.7276381044387994,0.9404509319510798,crypto_parkinson_variance,TRX
1.5,0.10187326606173956,-0.8798000138673274,0.9433179267397899,crypto_parkinson_variance,TRX
2.0,0.13209971670851728,-0.9396852076261982,0.9397533760709238,crypto_parkinson_variance,TRX
3.0,0.1872613853100464,-0.844083848255549,0.9148971291626486,crypto_parkinson_variance,TRX
4.0,0.23640754839854794,-0.5203123005955307,0.8595861510795078,crypto_parkinson_variance,TRX
1.0,0.05696346715620046,-0.7299139879668993,0.8585511866950418,crypto_parkinson_variance,HOT
1.5,0.08226187162171203,-0.8849644824460366,0.8744165023652116,crypto_parkinson_variance,HOT
2.0,0.10511851881688766,-0.9484382154826407,0.879370996217687,crypto_parkinson_variance,HOT
3.0,0.1431342204534524,-0.8614996368026814,0.8640544840255961,crypto_parkinson_variance,HOT
4.0,0.1705468938508619,-0.5469269095357413,0.8153985908542651,crypto_parkinson_variance,HOT
1.0,0.053359982316188395,-0.7656354806477705,0.8532568662714883,crypto_parkinson_variance,DENT
1.5,0.07732860696434868,-0.9360185885571353,0.8649191989614591,crypto_parkinson_variance,DENT
2.0,0.09887108193598503,-1.0101887825519114,0.8650382576690656,crypto_parkinson_variance,DENT
3.0,0.13249205275862974,-0.918399376308189,0.8319835862733549,crypto_parkinson_variance,DENT
4.0,0.14992744727486731,-0.544837504445343,0.7346949428160987,crypto_parkinson_variance,DENT
1.0,0.05031155342963151,-0.5582407763731829,0.834346927083089,crypto_parkinson_variance,TROY
1.5,0.07096202893024817,-0.6144990369160599,0.8298886190726508,crypto_parkinson_variance,TROY
2.0,0.08867339366474594,-0.572783227489489,0.8156076363215218,crypto_parkinson_variance,TROY
3.0,0.11499885989874425,-0.25907344533631826,0.7661383872272427,crypto_parkinson_variance,TROY
4.0,0.12756657431429527,0.30608434706285587,0.6764818489591367,crypto_parkinson_variance,TROY
1.0,0.05914740161047308,-0.8477840384182537,0.8524564253212402,crypto_parkinson_variance,RSR
1.5,0.08536759536709192,-1.050147829282944,0.8554592497438872,crypto_parkinson_variance,RSR
2.0,0.10901110559807621,-1.150327462455356,0.8496380249251098,crypto_parkinson_variance,RSR
3.0,0.1478830275212402,-1.0962447094488001,0.8091902115417333,crypto_parkinson_variance,RSR
4.0,0.17562967242539906,-0.7566664275501165,0.7160012165866372,crypto_parkinson_variance,RSR
1.0,0.047919388992427564,-0.6106336332159594,0.8411607356288787,crypto_parkinson_variance,VTHO
1.5,0.06871993388028069,-0.6985425068683387,0.8341372202531517,crypto_parkinson_variance,VTHO
2.0,0.08704644301023745,-0.6896398839374791,0.8158081154658174,crypto_parkinson_variance,VTHO
3.0,0.1161723209570872,-0.4442098130632058,0.7538195792443304,crypto_parkinson_variance,VTHO
4.0,0.13631553943601077,0.03836186488872282,0.6586450236967483,crypto_parkinson_variance,VTHO
1.0,0.05598157027108816,-0.7125072295687933,0.9482078621467437,crypto_garman_klass_variance,global
1.5,0.08454162925809339,-0.8567595497201989,0.9554885023098683,crypto_garman_klass_variance,global
2.0,0.11482623627905382,-0.9102539631808323,0.9634304144131182,crypto_garman_klass_variance,global
3.0,0.1839356188673237,-0.8016239029710602,0.9781299141300882,crypto_garman_klass_variance,global
4.0,0.26228891352048056,-0.4198874352741912,0.9859371134977057,crypto_garman_klass_variance,global
1.0,0.08144830040434858,-0.6997137574008627,0.919832229661001,crypto_garman_klass_variance,BTT
1.5,0.11458281390640264,-0.8000723476172545,0.9279940527937003,crypto_garman_klass_variance,BTT
2.0,0.14149554342860673,-0.773371303295836,0.9321355977890136,crypto_garman_klass_variance,BTT
3.0,0.1719711783273792,-0.36279490707730144,0.911543430955709,crypto_garman_klass_variance,BTT
4.0,0.17105108665251484,0.4829037466487892,0.7742625198396651,crypto_garman_klass_variance,BTT
1.0,0.059548438713830844,-0.655044624279469,0.840309939913189,crypto_garman_klass_variance,WIN
1.5,0.08504640054624854,-0.7640958807189615,0.8416026547521409,crypto_garman_klass_variance,WIN
2.0,0.10769641347560163,-0.7776289895969329,0.8370797263770431,crypto_garman_klass_variance,WIN
3.0,0.14512824808060795,-0.5861116727770589,0.8139898667743792,crypto_garman_klass_variance,WIN
4.0,0.17361945392647773,-0.17481240681595953,0.7721876056066092,crypto_garman_klass_variance,WIN
1.0,0.44933710398136983,-1.6523904974227617,0.9467559960700295,crypto_garman_klass_variance,LUNA
1.5,0.5932431366002889,-1.8200342923571196,0.9717431909222956,crypto_garman_klass_variance,LUNA
2.0,0.688274699292438,-1.670210445445523,0.9847364839444629,crypto_garman_klass_variance,LUNA
3.0,0.7814213602175456,-0.7769425422199043,0.9932635827559033,crypto_garman_klass_variance,LUNA
4.0,0.8103240499896874,0.5055727456462191,0.9945433115343392,crypto_garman_klass_variance,LUNA
1.0,0.045584760279534495,-0.6254396240192139,0.6694152066695884,crypto_garman_klass_variance,DOGE
1.5,0.0682340966373953,-0.7358838002041517,0.6847020499787773,crypto_garman_klass_variance,DOGE
2.0,0.09002363998276453,-0.7581884779705559,0.6888132060100587,crypto_garman_klass_variance,DOGE
3.0,0.12952283890669145,-0.5955539882142332,0.6738329477654139,crypto_garman_klass_variance,DOGE
4.0,0.1619428677817466,-0.21123580248343887,0.6314229944044034,crypto_garman_klass_variance,DOGE
1.0,0.07493884222901925,-0.7732172420609091,0.9492132610136527,crypto_garman_klass_variance,TRX
1.5,0.10823163094781628,-0.9407173809800582,0.9508326794070627,crypto_garman_klass_variance,TRX
2.0,0.1388592404315535,-1.012273017196049,0.9460225668114869,crypto_garman_klass_variance,TRX
3.0,0.19308625995432627,-0.9348705450263705,0.9202330026941238,crypto_garman_klass_variance,TRX
4.0,0.23984789075939225,-0.6328664384576939,0.8699574454463225,crypto_garman_klass_variance,TRX
1.0,0.0591482105113895,-0.7614629069328083,0.8728231659636753,crypto_garman_klass_variance,HOT
1.5,0.08450691025620341,-0.9259440621078519,0.8831592027529263,crypto_garman_klass_variance,HOT
2.0,0.10690943561763899,-0.9953368091055041,0.8842408402018125,crypto_garman_klass_variance,HOT
3.0,0.14248747063839204,-0.9097042045980144,0.8628096061624291,crypto_garman_klass_variance,HOT
4.0,0.16537527403431654,-0.5821915658377778,0.8042770568770159,crypto_garman_klass_variance,HOT
1.0,0.055223973903157975,-0.79608968127424,0.8588709766332941,crypto_garman_klass_variance,DENT
1.5,0.07955298139502172,-0.9763841331454856,0.8714510274335485,crypto_garman_klass_variance,DENT
2.0,0.1009138613082521,-1.055838479551911,0.871690039882585,crypto_garman_klass_variance,DENT
3.0,0.13227995969963688,-0.959189494091454,0.8354369679059165,crypto_garman_klass_variance,DENT
4.0,0.14475326529234137,-0.5593938594167134,0.7244922695907066,crypto_garman_klass_variance,DENT
1.0,0.050046581300598456,-0.5583653882973736,0.8205724342071785,crypto_garman_klass_variance,TROY
1.5,0.0697114697878068,-0.6098418775826596,0.8160616774325418,crypto_garman_klass_variance,TROY
2.0,0.08583064422474421,-0.559897467546304,0.800032329203347,crypto_garman_klass_variance,TROY
3.0,0.10607903842302698,-0.2127343252562893,0.7314648936765911,crypto_garman_klass_variance,TROY
4.0,0.10603996037850129,0.4255783308417012,0.5630917684254877,crypto_garman_klass_variance,TROY
1.0,0.06182386891404171,-0.8916700934798885,0.8670253817771703,crypto_garman_klass_variance,RSR
1.5,0.08926464254350626,-1.113605724305691,0.8681343773533087,crypto_garman_klass_variance,RSR
2.0,0.11380985899307412,-1.2299374720667418,0.8618405932204081,crypto_garman_klass_variance,RSR
3.0,0.15252374976279953,-1.1909306305258922,0.8207922590798322,crypto_garman_klass_variance,RSR
4.0,0.17643175075311274,-0.8349876867611478,0.7167267901398126,crypto_garman_klass_variance,RSR
1.0,0.04618181426037729,-0.6085645691168887,0.8152218859089904,crypto_garman_klass_variance,VTHO
1.5,0.06559014255080556,-0.6907605009385118,0.8023771562978431,crypto_garman_klass_variance,VTHO
2.0,0.08234695913858935,-0.6745617657085017,0.7791292592841264,crypto_garman_klass_variance,VTHO
3.0,0.10808433492237654,-0.41322359297807676,0.7106686035172337,crypto_garman_klass_variance,VTHO
4.0,0.124711817073056,0.0833201920570069,0.6133292360825935,crypto_garman_klass_variance,VTHO
1.0,0.10016465090547391,-0.9365685913639276,0.977119694547041,crypto_realized_variance,global
1.5,0.1541372429474574,-1.1369035898201827,0.9772511413033971,crypto_realized_variance,global
2.0,0.20874972987457255,-1.178501970040922,0.9744850245622169,crypto_realized_variance,global
3.0,0.29937587413543354,-0.7380016929314874,0.9625897300945623,crypto_realized_variance,global
4.0,0.3416736166842187,0.3667461126564838,0.9453152672874133,crypto_realized_variance,global
1.0,0.1136372484093043,-0.4310979162006756,0.5197538009723696,crypto_realized_variance,BTT
1.5,0.171862175875783,-0.23426037504711825,0.48812265597886695,crypto_realized_variance,BTT
2.0,0.21995754456150576,0.18003234063690016,0.4713644597021498,crypto_realized_variance,BTT
3.0,0.27350871421869943,1.4803679517682986,0.44763665485211956,crypto_realized_variance,BTT
4.0,0.2862679829488566,3.137524099687143,0.42222070591871874,crypto_realized_variance,BTT
1.0,0.08335399558200955,-0.925449134583535,0.9054471918477393,crypto_realized_variance,WIN
1.5,0.11298205714980816,-1.1145121239604012,0.895581909158932,crypto_realized_variance,WIN
2.0,0.13586915005170982,-1.1796079292385773,0.8821238327034108,crypto_realized_variance,WIN
3.0,0.16629579369622494,-1.0347167028003887,0.8429849028143042,crypto_realized_variance,WIN
4.0,0.18353568372652368,-0.635759890215267,0.7825490139828587,crypto_realized_variance,WIN
1.0,0.32435080844591857,-0.8791222003826817,0.9330392783753173,crypto_realized_variance,LUNA
1.5,0.3982110899763461,-0.5286771446486618,0.919525335802519,crypto_realized_variance,LUNA
2.0,0.43874636649228277,0.07457619780422814,0.9064313705180889,crypto_realized_variance,LUNA
3.0,0.4815905695084379,1.576465149775477,0.8838430287384669,crypto_realized_variance,LUNA
4.0,0.5074733291209119,3.2189190718799687,0.8637283437040949,crypto_realized_variance,LUNA
1.0,0.05792568017081374,-0.8166630623796509,0.6827809789735376,crypto_realized_variance,DOGE
1.5,0.08388590077034488,-1.0055717637002428,0.6715666811026775,crypto_realized_variance,DOGE
2.0,0.10742168244980467,-1.097325185248342,0.6549866176132723,crypto_realized_variance,DOGE
3.0,0.14718491594815164,-1.0554638161250285,0.6115625900380148,crypto_realized_variance,DOGE
4.0,0.17848660816212925,-0.7840312149398571,0.555825936051591,crypto_realized_variance,DOGE
1.0,0.10630720358188925,-1.1031503255739898,0.9394289740623661,crypto_realized_variance,TRX
1.5,0.14977823149494432,-1.403927285828241,0.9438427812066665,crypto_realized_variance,TRX
2.0,0.18762131914208238,-1.590010478694276,0.9439356434777963,crypto_realized_variance,TRX
3.0,0.248867436362681,-1.6902968188846494,0.9297715990991183,crypto_realized_variance,TRX
4.0,0.29533524043331166,-1.508126218447265,0.8878913962526319,crypto_realized_variance,TRX
1.0,0.07650881497605912,-1.001352189807589,0.8852623791673291,crypto_realized_variance,HOT
1.5,0.10800675695135259,-1.2660175520895902,0.8926246763503485,crypto_realized_variance,HOT
2.0,0.13473214082355373,-1.421787848205197,0.8922631875409428,crypto_realized_variance,HOT
3.0,0.17308865351511651,-1.4654062273467046,0.8704018059496283,crypto_realized_variance,HOT
4.0,0.18996874503797845,-1.2046413029129872,0.8055887303062927,crypto_realized_variance,HOT
1.0,0.0753858147691163,-1.0587136776210664,0.8883677490911985,crypto_realized_variance,DENT
1.5,0.10514565555376924,-1.3379180634329562,0.8888348409386813,crypto_realized_variance,DENT
2.0,0.12863766318014366,-1.4940033211192696,0.8824942839727894,crypto_realized_variance,DENT
3.0,0.1546934877061969,-1.487471595508246,0.8437434941859706,crypto_realized_variance,DENT
4.0,0.1515302446584686,-1.1097193235504355,0.7303650078329491,crypto_realized_variance,DENT
1.0,0.07314230425662914,-0.6722249428983966,0.8411191997807397,crypto_realized_variance,TROY
1.5,0.09805372289536614,-0.7078493872979437,0.8249795312603384,crypto_realized_variance,TROY
2.0,0.11629934324545196,-0.5990038592793315,0.8009929515727132,crypto_realized_variance,TROY
3.0,0.1369905397061002,-0.04805968372727503,0.7336440709053798,crypto_realized_variance,TROY
4.0,0.14416590686880973,0.8112027687937887,0.6295805362765767,crypto_realized_variance,TROY
1.0,0.0894914746945135,-1.185158598987472,0.9139678288375356,crypto_realized_variance,RSR
1.5,0.1253908147377788,-1.5138655039092344,0.9141340701233845,crypto_realized_variance,RSR
2.0,0.1534057063070752,-1.6907233712648366,0.9087477557694624,crypto_realized_variance,RSR
3.0,0.18101381886009954,-1.5553766567232359,0.8514238888970868,crypto_realized_variance,RSR
4.0,0.18459619216038037,-0.8068785042339967,0.6256548868355969,crypto_realized_variance,RSR
1.0,0.056740327758143395,-0.7758578573701758,0.7653845611542317,crypto_realized_variance,VTHO
1.5,0.07284910184900684,-0.8743755298885849,0.713540340631404,crypto_realized_variance,VTHO
2.0,0.07876298462072963,-0.8138943966547043,0.6166680931388384,crypto_realized_variance,VTHO
3.0,0.05945550572125042,-0.261916845903155,0.25233071541598795,crypto_realized_variance,VTHO
4.0,0.013042335362305188,0.7350821033092878,0.006607119570583131,crypto_realized_variance,VTHO
